split,id,corruption_type,corruption_style,label_type,span_length,relative_start,inserted_at_end,meta
train,toolace-158::tool_contradiction,tool_contradiction,number_substitution,tool_contradiction,3,0.28440366972477066,0,"{""style"": ""number_substitution"", ""source_value"": '150', ""new_value"": '172'}"
train,toolace-158::overgeneration,overgeneration,unsupported_forecast,overgeneration,69,0.9171668667466987,1,"{""style"": ""unsupported_forecast"", ""reason"": ""claim_absent_from_tool_response""}"
train,toolace-158::missing_tool,missing_tool,flight,missing_tool,37,0.0,0,"{""style"": ""flight"", ""reason"": ""required_tool_unavailable""}"
train,toolace-197::tool_contradiction,tool_contradiction,cross_field_value_swap,tool_contradiction,27,0.4301412872841444,0,"{""style"": ""cross_field_value_swap"", ""source_value"": 'Do I need to re-register before every election?', ""new_value"": 'How can I register to vote?'}"
train,toolace-197::overgeneration,overgeneration,unsupported_guarantee,overgeneration,76,0.896457765667575,1,"{""style"": ""unsupported_guarantee"", ""reason"": ""claim_absent_from_tool_response""}"
train,toolace-197::missing_tool,missing_tool,flight,missing_tool,37,0.9467625899280575,1,"{""style"": ""flight"", ""reason"": ""required_tool_unavailable""}"
train,toolace-125::tool_contradiction,tool_contradiction,code_substitution,tool_contradiction,5,0.75,0,"{""style"": ""code_substitution"", ""source_value"": 'LAROI', ""new_value"": 'LAROX'}"
train,toolace-125::overgeneration,overgeneration,unsupported_cause,overgeneration,71,0.5670731707317073,1,"{""style"": ""unsupported_cause"", ""reason"": ""claim_absent_from_tool_response""}"
train,toolace-125::missing_tool,missing_tool,email,missing_tool,53,0.0,0,"{""style"": ""email"", ""reason"": ""required_tool_unavailable""}"
train,toolace-199::tool_contradiction,tool_contradiction,entity_substitution,tool_contradiction,8,0.042483660130718956,0,"{""style"": ""entity_substitution"", ""source_value"": 'Laptop', ""new_value"": 'New York'}"
train,toolace-199::overgeneration,overgeneration,unsupported_history,overgeneration,85,0.08782435129740519,0,"{""style"": ""unsupported_history"", ""reason"": ""claim_absent_from_tool_response""}"
train,toolace-199::missing_tool,missing_tool,flight,missing_tool,37,0.0,0,"{""style"": ""flight"", ""reason"": ""required_tool_unavailable""}"
train,toolace-11::tool_contradiction,tool_contradiction,number_substitution,tool_contradiction,4,0.24149956408020923,0,"{""style"": ""number_substitution"", ""source_value"": '2025', ""new_value"": '2329'}"
train,toolace-11::overgeneration,overgeneration,unsupported_history,overgeneration,85,0.0681265206812652,0,"{""style"": ""unsupported_history"", ""reason"": ""claim_absent_from_tool_response""}"
train,toolace-11::missing_tool,missing_tool,email,missing_tool,53,0.9558701082431307,1,"{""style"": ""email"", ""reason"": ""required_tool_unavailable""}"
train,toolace-136::tool_contradiction,tool_contradiction,fallback_value,tool_contradiction,80,0.7324414715719063,1,"{""style"": ""fallback_value"", ""fallback"": true}"
train,toolace-136::overgeneration,overgeneration,unsupported_risk,overgeneration,68,0.7630662020905923,1,"{""style"": ""unsupported_risk"", ""reason"": ""claim_absent_from_tool_response""}"
train,toolace-136::missing_tool,missing_tool,email,missing_tool,53,0.8051470588235294,1,"{""style"": ""email"", ""reason"": ""required_tool_unavailable""}"
train,toolace-184::tool_contradiction,tool_contradiction,number_substitution,tool_contradiction,5,0.4325337331334333,0,"{""style"": ""number_substitution"", ""source_value"": '25000.0', ""new_value"": '21250'}"
train,toolace-184::overgeneration,overgeneration,unsupported_history,overgeneration,85,0.940225035161744,1,"{""style"": ""unsupported_history"", ""reason"": ""claim_absent_from_tool_response""}"
train,toolace-184::missing_tool,missing_tool,hotel,missing_tool,52,0.9625629949604032,1,"{""style"": ""hotel"", ""reason"": ""required_tool_unavailable""}"
train,toolace-10::tool_contradiction,tool_contradiction,fallback_value,tool_contradiction,80,0.8637137989778535,1,"{""style"": ""fallback_value"", ""fallback"": true}"
train,toolace-10::overgeneration,overgeneration,unsupported_trend,overgeneration,60,0.8941798941798942,1,"{""style"": ""unsupported_trend"", ""reason"": ""claim_absent_from_tool_response""}"
train,toolace-10::missing_tool,missing_tool,calendar,missing_tool,49,0.12410071942446044,0,"{""style"": ""calendar"", ""reason"": ""required_tool_unavailable""}"
train,toolace-139::tool_contradiction,tool_contradiction,cross_field_value_swap,tool_contradiction,12,0.03856749311294766,0,"{""style"": ""cross_field_value_swap"", ""source_value"": 'localities', ""new_value"": 'Autocomplete'}"
train,toolace-139::overgeneration,overgeneration,unsupported_user_reaction,overgeneration,73,0.0,0,"{""style"": ""unsupported_user_reaction"", ""reason"": ""claim_absent_from_tool_response""}"
train,toolace-139::missing_tool,missing_tool,email,missing_tool,53,0.11566265060240964,0,"{""style"": ""email"", ""reason"": ""required_tool_unavailable""}"
train,toolace-156::tool_contradiction,tool_contradiction,entity_substitution,tool_contradiction,4,0.9644970414201184,0,"{""style"": ""entity_substitution"", ""source_value"": 'Simulated_video_content_without_watermarks', ""new_value"": 'Rome'}"
train,toolace-156::overgeneration,overgeneration,unsupported_trend,overgeneration,60,0.0,0,"{""style"": ""unsupported_trend"", ""reason"": ""claim_absent_from_tool_response""}"
train,toolace-156::missing_tool,missing_tool,email,missing_tool,53,0.0,0,"{""style"": ""email"", ""reason"": ""required_tool_unavailable""}"
train,toolace-61::tool_contradiction,tool_contradiction,number_substitution,tool_contradiction,4,0.5676741130091985,0,"{""style"": ""number_substitution"", ""source_value"": '2022', ""new_value"": '2325'}"
train,toolace-61::overgeneration,overgeneration,unsupported_risk,overgeneration,68,0.9180722891566265,1,"{""style"": ""unsupported_risk"", ""reason"": ""claim_absent_from_tool_response""}"
train,toolace-61::missing_tool,missing_tool,email,missing_tool,53,0.0,0,"{""style"": ""email"", ""reason"": ""required_tool_unavailable""}"
train,toolace-91::tool_contradiction,tool_contradiction,fallback_opposite,tool_contradiction,67,0.837378640776699,1,"{""style"": ""fallback_opposite"", ""fallback"": true}"
train,toolace-91::overgeneration,overgeneration,unsupported_guarantee,overgeneration,76,0.0,0,"{""style"": ""unsupported_guarantee"", ""reason"": ""claim_absent_from_tool_response""}"
train,toolace-91::missing_tool,missing_tool,email,missing_tool,53,0.16331658291457288,0,"{""style"": ""email"", ""reason"": ""required_tool_unavailable""}"
train,toolace-40::tool_contradiction,tool_contradiction,cross_field_value_swap,tool_contradiction,18,0.5163487738419619,0,"{""style"": ""cross_field_value_swap"", ""source_value"": 'goldenretriever.jpg', ""new_value"": 'Get Breeds by Type'}"
train,toolace-40::overgeneration,overgeneration,unsupported_forecast,overgeneration,69,0.0,0,"{""style"": ""unsupported_forecast"", ""reason"": ""claim_absent_from_tool_response""}"
train,toolace-40::missing_tool,missing_tool,flight,missing_tool,37,0.9521345407503234,1,"{""style"": ""flight"", ""reason"": ""required_tool_unavailable""}"
train,toolace-47::tool_contradiction,tool_contradiction,cross_field_value_swap,tool_contradiction,16,0.32558139534883723,0,"{""style"": ""cross_field_value_swap"", ""source_value"": 'timezone', ""new_value"": 'daylights_offset'}"
train,toolace-47::overgeneration,overgeneration,unsupported_forecast,overgeneration,69,0.0,0,"{""style"": ""unsupported_forecast"", ""reason"": ""claim_absent_from_tool_response""}"
train,toolace-47::missing_tool,missing_tool,cancel,missing_tool,42,0.20326678765880218,0,"{""style"": ""cancel"", ""reason"": ""required_tool_unavailable""}"
train,toolace-88::tool_contradiction,tool_contradiction,code_substitution,tool_contradiction,7,0.11298076923076923,0,"{""style"": ""code_substitution"", ""source_value"": 'DEV4563', ""new_value"": 'DEV456X'}"
train,toolace-88::overgeneration,overgeneration,unsupported_comparison,overgeneration,80,0.8390342052313883,1,"{""style"": ""unsupported_comparison"", ""reason"": ""claim_absent_from_tool_response""}"
train,toolace-88::missing_tool,missing_tool,calendar,missing_tool,49,0.0,0,"{""style"": ""calendar"", ""reason"": ""required_tool_unavailable""}"
train,toolace-138::tool_contradiction,tool_contradiction,entity_substitution,tool_contradiction,4,0.3008356545961003,0,"{""style"": ""entity_substitution"", ""source_value"": 'Top', ""new_value"": 'Rome'}"
train,toolace-138::overgeneration,overgeneration,unsupported_cause,overgeneration,71,0.0,0,"{""style"": ""unsupported_cause"", ""reason"": ""claim_absent_from_tool_response""}"
train,toolace-138::missing_tool,missing_tool,hotel,missing_tool,52,0.8734793187347932,1,"{""style"": ""hotel"", ""reason"": ""required_tool_unavailable""}"
train,toolace-27::tool_contradiction,tool_contradiction,number_substitution,tool_contradiction,6,0.3487394957983193,0,"{""style"": ""number_substitution"", ""source_value"": '456789', ""new_value"": '388271'}"
train,toolace-27::overgeneration,overgeneration,unsupported_comparison,overgeneration,80,0.2225705329153605,0,"{""style"": ""unsupported_comparison"", ""reason"": ""claim_absent_from_tool_response""}"
train,toolace-27::missing_tool,missing_tool,flight,missing_tool,37,0.8659420289855072,1,"{""style"": ""flight"", ""reason"": ""required_tool_unavailable""}"
train,toolace-78::tool_contradiction,tool_contradiction,date_substitution,tool_contradiction,10,0.36426592797783935,0,"{""style"": ""date_substitution"", ""source_value"": '2023-09-26', ""new_value"": '2023-09-28'}"
train,toolace-78::overgeneration,overgeneration,unsupported_trend,overgeneration,60,0.9233716475095786,1,"{""style"": ""unsupported_trend"", ""reason"": ""claim_absent_from_tool_response""}"
train,toolace-78::missing_tool,missing_tool,calendar,missing_tool,49,0.9365284974093264,1,"{""style"": ""calendar"", ""reason"": ""required_tool_unavailable""}"
train,toolace-100::tool_contradiction,tool_contradiction,code_substitution,tool_contradiction,4,0.31142857142857144,0,"{""style"": ""code_substitution"", ""source_value"": 'DOGE', ""new_value"": 'DOGX'}"
train,toolace-100::overgeneration,overgeneration,unsupported_external_confirmation,overgeneration,71,0.0,0,"{""style"": ""unsupported_external_confirmation"", ""reason"": ""claim_absent_from_tool_response""}"
train,toolace-100::missing_tool,missing_tool,flight,missing_tool,37,0.0,0,"{""style"": ""flight"", ""reason"": ""required_tool_unavailable""}"
train,toolace-60::tool_contradiction,tool_contradiction,number_substitution,tool_contradiction,2,0.12198795180722892,0,"{""style"": ""number_substitution"", ""source_value"": '30', ""new_value"": '26'}"
train,toolace-60::overgeneration,overgeneration,unsupported_risk,overgeneration,68,0.0,0,"{""style"": ""unsupported_risk"", ""reason"": ""claim_absent_from_tool_response""}"
train,toolace-60::missing_tool,missing_tool,hotel,missing_tool,52,0.08647140864714087,0,"{""style"": ""hotel"", ""reason"": ""required_tool_unavailable""}"
train,toolace-111::tool_contradiction,tool_contradiction,number_substitution,tool_contradiction,4,0.6702127659574468,0,"{""style"": ""number_substitution"", ""source_value"": '2025', ""new_value"": '2329'}"
train,toolace-111::overgeneration,overgeneration,unsupported_cause,overgeneration,71,0.572289156626506,1,"{""style"": ""unsupported_cause"", ""reason"": ""claim_absent_from_tool_response""}"
train,toolace-111::missing_tool,missing_tool,cancel,missing_tool,42,0.6934306569343066,1,"{""style"": ""cancel"", ""reason"": ""required_tool_unavailable""}"
train,toolace-49::tool_contradiction,tool_contradiction,cross_field_value_swap,tool_contradiction,10,0.16153846153846155,0,"{""style"": ""cross_field_value_swap"", ""source_value"": 'url', ""new_value"": 'Love Story'}"
train,toolace-49::overgeneration,overgeneration,unsupported_recommendation,overgeneration,76,0.62,1,"{""style"": ""unsupported_recommendation"", ""reason"": ""claim_absent_from_tool_response""}"
train,toolace-49::missing_tool,missing_tool,email,missing_tool,53,0.0,0,"{""style"": ""email"", ""reason"": ""required_tool_unavailable""}"
train,toolace-73::tool_contradiction,tool_contradiction,cross_field_value_swap,tool_contradiction,16,0.2301980198019802,0,"{""style"": ""cross_field_value_swap"", ""source_value"": 'techcrunch', ""new_value"": 'News Sources API'}"
train,toolace-73::overgeneration,overgeneration,unsupported_guarantee,overgeneration,76,0.0,0,"{""style"": ""unsupported_guarantee"", ""reason"": ""claim_absent_from_tool_response""}"
train,toolace-73::missing_tool,missing_tool,cancel,missing_tool,42,0.9047619047619048,1,"{""style"": ""cancel"", ""reason"": ""required_tool_unavailable""}"
train,toolace-65::tool_contradiction,tool_contradiction,fallback_status,tool_contradiction,84,0.36363636363636365,1,"{""style"": ""fallback_status"", ""fallback"": true}"
train,toolace-65::overgeneration,overgeneration,unsupported_trend,overgeneration,60,0.4444444444444444,1,"{""style"": ""unsupported_trend"", ""reason"": ""claim_absent_from_tool_response""}"
train,toolace-65::missing_tool,missing_tool,cancel,missing_tool,42,0.5333333333333333,1,"{""style"": ""cancel"", ""reason"": ""required_tool_unavailable""}"
train,toolace-32::tool_contradiction,tool_contradiction,cross_field_value_swap,tool_contradiction,13,0.7332977017637627,0,"{""style"": ""cross_field_value_swap"", ""source_value"": 'discrimination', ""new_value"": 'Also known as'}"
train,toolace-32::overgeneration,overgeneration,unsupported_cause,overgeneration,71,0.0,0,"{""style"": ""unsupported_cause"", ""reason"": ""claim_absent_from_tool_response""}"
train,toolace-32::missing_tool,missing_tool,flight,missing_tool,37,0.9806282722513089,1,"{""style"": ""flight"", ""reason"": ""required_tool_unavailable""}"
train,toolace-22::tool_contradiction,tool_contradiction,fallback_status,tool_contradiction,84,0.0,0,"{""style"": ""fallback_status"", ""fallback"": true}"
train,toolace-22::overgeneration,overgeneration,unsupported_guarantee,overgeneration,76,0.8789808917197452,1,"{""style"": ""unsupported_guarantee"", ""reason"": ""claim_absent_from_tool_response""}"
train,toolace-22::missing_tool,missing_tool,email,missing_tool,53,0.15702479338842976,0,"{""style"": ""email"", ""reason"": ""required_tool_unavailable""}"
train,toolace-140::tool_contradiction,tool_contradiction,number_substitution,tool_contradiction,6,0.967741935483871,1,"{""style"": ""number_substitution"", ""source_value"": '139.6917', ""new_value"": '160.65'}"
train,toolace-140::overgeneration,overgeneration,unsupported_recommendation,overgeneration,76,0.0,0,"{""style"": ""unsupported_recommendation"", ""reason"": ""claim_absent_from_tool_response""}"
train,toolace-140::missing_tool,missing_tool,email,missing_tool,53,0.8058608058608059,1,"{""style"": ""email"", ""reason"": ""required_tool_unavailable""}"
train,toolace-102::tool_contradiction,tool_contradiction,entity_substitution,tool_contradiction,8,0.11969111969111969,0,"{""style"": ""entity_substitution"", ""source_value"": 'Vegetarian', ""new_value"": 'New York'}"
train,toolace-102::overgeneration,overgeneration,unsupported_risk,overgeneration,68,0.793939393939394,1,"{""style"": ""unsupported_risk"", ""reason"": ""claim_absent_from_tool_response""}"
train,toolace-102::missing_tool,missing_tool,cancel,missing_tool,42,0.2993421052631579,0,"{""style"": ""cancel"", ""reason"": ""required_tool_unavailable""}"
train,toolace-2::tool_contradiction,tool_contradiction,fallback_value,tool_contradiction,80,0.8800599700149925,1,"{""style"": ""fallback_value"", ""fallback"": true}"
train,toolace-2::overgeneration,overgeneration,unsupported_external_confirmation,overgeneration,71,0.89209726443769,1,"{""style"": ""unsupported_external_confirmation"", ""reason"": ""claim_absent_from_tool_response""}"
train,toolace-2::missing_tool,missing_tool,flight,missing_tool,37,0.7868589743589743,0,"{""style"": ""flight"", ""reason"": ""required_tool_unavailable""}"
train,toolace-130::tool_contradiction,tool_contradiction,cross_field_value_swap,tool_contradiction,10,0.009242144177449169,0,"{""style"": ""cross_field_value_swap"", ""source_value"": 'ar', ""new_value"": 'La Brigada'}"
train,toolace-130::overgeneration,overgeneration,unsupported_comparison,overgeneration,80,0.09771986970684039,0,"{""style"": ""unsupported_comparison"", ""reason"": ""claim_absent_from_tool_response""}"
train,toolace-130::missing_tool,missing_tool,email,missing_tool,53,0.10221465076660988,0,"{""style"": ""email"", ""reason"": ""required_tool_unavailable""}"
train,toolace-153::tool_contradiction,tool_contradiction,fallback_status,tool_contradiction,84,0.19152542372881357,0,"{""style"": ""fallback_status"", ""fallback"": true}"
train,toolace-153::overgeneration,overgeneration,unsupported_user_reaction,overgeneration,73,0.8739205526770294,1,"{""style"": ""unsupported_user_reaction"", ""reason"": ""claim_absent_from_tool_response""}"
train,toolace-153::missing_tool,missing_tool,email,missing_tool,53,0.9051878354203936,1,"{""style"": ""email"", ""reason"": ""required_tool_unavailable""}"
train,toolace-109::tool_contradiction,tool_contradiction,number_substitution,tool_contradiction,4,0.3192389006342495,0,"{""style"": ""number_substitution"", ""source_value"": '2024', ""new_value"": '1720'}"
train,toolace-109::overgeneration,overgeneration,unsupported_risk,overgeneration,68,0.2140221402214022,0,"{""style"": ""unsupported_risk"", ""reason"": ""claim_absent_from_tool_response""}"
train,toolace-109::missing_tool,missing_tool,flight,missing_tool,37,0.0,0,"{""style"": ""flight"", ""reason"": ""required_tool_unavailable""}"
train,toolace-160::tool_contradiction,tool_contradiction,number_substitution,tool_contradiction,4,0.7071129707112971,0,"{""style"": ""number_substitution"", ""source_value"": '2000', ""new_value"": '1700'}"
train,toolace-160::overgeneration,overgeneration,unsupported_external_confirmation,overgeneration,71,0.8709090909090909,1,"{""style"": ""unsupported_external_confirmation"", ""reason"": ""claim_absent_from_tool_response""}"
train,toolace-160::missing_tool,missing_tool,flight,missing_tool,37,0.9282945736434108,1,"{""style"": ""flight"", ""reason"": ""required_tool_unavailable""}"
train,toolace-95::tool_contradiction,tool_contradiction,number_substitution,tool_contradiction,4,0.6174496644295302,0,"{""style"": ""number_substitution"", ""source_value"": '2018', ""new_value"": '2321'}"
train,toolace-95::overgeneration,overgeneration,unsupported_cause,overgeneration,71,0.1945945945945946,0,"{""style"": ""unsupported_cause"", ""reason"": ""claim_absent_from_tool_response""}"
train,toolace-95::missing_tool,missing_tool,cancel,missing_tool,42,0.21114369501466276,0,"{""style"": ""cancel"", ""reason"": ""required_tool_unavailable""}"
train,toolace-56::tool_contradiction,tool_contradiction,number_substitution,tool_contradiction,4,0.21493440968718466,0,"{""style"": ""number_substitution"", ""source_value"": '18.0', ""new_value"": '15.3'}"
train,toolace-56::overgeneration,overgeneration,unsupported_risk,overgeneration,68,0.0,0,"{""style"": ""unsupported_risk"", ""reason"": ""claim_absent_from_tool_response""}"
train,toolace-56::missing_tool,missing_tool,cancel,missing_tool,42,0.0,0,"{""style"": ""cancel"", ""reason"": ""required_tool_unavailable""}"
train,toolace-131::tool_contradiction,tool_contradiction,number_substitution,tool_contradiction,2,0.5647058823529412,0,"{""style"": ""number_substitution"", ""source_value"": '12', ""new_value"": '14'}"
train,toolace-131::overgeneration,overgeneration,unsupported_guarantee,overgeneration,76,0.30935251798561153,0,"{""style"": ""unsupported_guarantee"", ""reason"": ""claim_absent_from_tool_response""}"
train,toolace-131::missing_tool,missing_tool,hotel,missing_tool,52,0.8676844783715013,1,"{""style"": ""hotel"", ""reason"": ""required_tool_unavailable""}"
train,toolace-17::tool_contradiction,tool_contradiction,fallback_status,tool_contradiction,84,0.4206896551724138,1,"{""style"": ""fallback_status"", ""fallback"": true}"
train,toolace-17::overgeneration,overgeneration,unsupported_external_confirmation,overgeneration,71,0.4621212121212121,1,"{""style"": ""unsupported_external_confirmation"", ""reason"": ""claim_absent_from_tool_response""}"
train,toolace-17::missing_tool,missing_tool,email,missing_tool,53,0.5350877192982456,1,"{""style"": ""email"", ""reason"": ""required_tool_unavailable""}"
train,toolace-127::tool_contradiction,tool_contradiction,number_substitution,tool_contradiction,4,0.2765957446808511,0,"{""style"": ""number_substitution"", ""source_value"": '2022', ""new_value"": '2325'}"
train,toolace-127::overgeneration,overgeneration,unsupported_user_reaction,overgeneration,73,0.0,0,"{""style"": ""unsupported_user_reaction"", ""reason"": ""claim_absent_from_tool_response""}"
train,toolace-127::missing_tool,missing_tool,calendar,missing_tool,49,0.7941176470588235,1,"{""style"": ""calendar"", ""reason"": ""required_tool_unavailable""}"
train,toolace-64::tool_contradiction,tool_contradiction,number_substitution,tool_contradiction,3,0.8699186991869918,0,"{""style"": ""number_substitution"", ""source_value"": '320', ""new_value"": '272'}"
train,toolace-64::overgeneration,overgeneration,unsupported_cause,overgeneration,71,0.6358974358974359,1,"{""style"": ""unsupported_cause"", ""reason"": ""claim_absent_from_tool_response""}"
train,toolace-64::missing_tool,missing_tool,flight,missing_tool,37,0.7701863354037267,1,"{""style"": ""flight"", ""reason"": ""required_tool_unavailable""}"
train,toolace-33::tool_contradiction,tool_contradiction,cross_field_value_swap,tool_contradiction,33,0.6020583190394511,0,"{""style"": ""cross_field_value_swap"", ""source_value"": 'Formula 1 is all about speed and precision', ""new_value"": 'You have to fight for every point'}"
train,toolace-33::overgeneration,overgeneration,unsupported_user_reaction,overgeneration,73,0.12462462462462462,0,"{""style"": ""unsupported_user_reaction"", ""reason"": ""claim_absent_from_tool_response""}"
train,toolace-33::missing_tool,missing_tool,cancel,missing_tool,42,0.0,0,"{""style"": ""cancel"", ""reason"": ""required_tool_unavailable""}"
train,toolace-93::tool_contradiction,tool_contradiction,entity_substitution,tool_contradiction,6,0.06060606060606061,0,"{""style"": ""entity_substitution"", ""source_value"": 'Simulated Artist A', ""new_value"": 'Sydney'}"
train,toolace-93::overgeneration,overgeneration,unsupported_external_confirmation,overgeneration,71,0.8839869281045751,1,"{""style"": ""unsupported_external_confirmation"", ""reason"": ""claim_absent_from_tool_response""}"
train,toolace-93::missing_tool,missing_tool,cancel,missing_tool,42,0.1955403087478559,0,"{""style"": ""cancel"", ""reason"": ""required_tool_unavailable""}"
train,toolace-107::tool_contradiction,tool_contradiction,number_substitution,tool_contradiction,3,0.15564598168870802,0,"{""style"": ""number_substitution"", ""source_value"": '123', ""new_value"": '105'}"
train,toolace-107::overgeneration,overgeneration,unsupported_user_reaction,overgeneration,73,0.14285714285714285,0,"{""style"": ""unsupported_user_reaction"", ""reason"": ""claim_absent_from_tool_response""}"
train,toolace-107::missing_tool,missing_tool,calendar,missing_tool,49,0.14617618586640851,0,"{""style"": ""calendar"", ""reason"": ""required_tool_unavailable""}"
train,toolace-34::tool_contradiction,tool_contradiction,cross_field_value_swap,tool_contradiction,11,0.8883572567783095,0,"{""style"": ""cross_field_value_swap"", ""source_value"": 'and', ""new_value"": 'competition'}"
train,toolace-34::overgeneration,overgeneration,unsupported_guarantee,overgeneration,76,0.8908045977011494,1,"{""style"": ""unsupported_guarantee"", ""reason"": ""claim_absent_from_tool_response""}"
train,toolace-34::missing_tool,missing_tool,ride,missing_tool,46,0.9309309309309309,1,"{""style"": ""ride"", ""reason"": ""required_tool_unavailable""}"
train,toolace-174::tool_contradiction,tool_contradiction,cross_field_value_swap,tool_contradiction,24,0.3058823529411765,0,"{""style"": ""cross_field_value_swap"", ""source_value"": '#homecooking', ""new_value"": 'TikTok Hashtag Generator'}"
train,toolace-174::overgeneration,overgeneration,unsupported_history,overgeneration,85,0.7946859903381642,1,"{""style"": ""unsupported_history"", ""reason"": ""claim_absent_from_tool_response""}"
train,toolace-174::missing_tool,missing_tool,flight,missing_tool,37,0.8989071038251366,1,"{""style"": ""flight"", ""reason"": ""required_tool_unavailable""}"
train,toolace-193::tool_contradiction,tool_contradiction,cross_field_value_swap,tool_contradiction,11,0.4808823529411765,0,"{""style"": ""cross_field_value_swap"", ""source_value"": 'for', ""new_value"": 'US_FOOT_001'}"
train,toolace-193::overgeneration,overgeneration,unsupported_user_reaction,overgeneration,73,0.0,0,"{""style"": ""unsupported_user_reaction"", ""reason"": ""claim_absent_from_tool_response""}"
train,toolace-193::missing_tool,missing_tool,calendar,missing_tool,49,0.0,0,"{""style"": ""calendar"", ""reason"": ""required_tool_unavailable""}"
train,toolace-71::tool_contradiction,tool_contradiction,time_substitution,tool_contradiction,5,0.5056603773584906,0,"{""style"": ""time_substitution"", ""source_value"": '01:23', ""new_value"": '04:23'}"
train,toolace-71::overgeneration,overgeneration,unsupported_forecast,overgeneration,69,0.7940298507462686,1,"{""style"": ""unsupported_forecast"", ""reason"": ""claim_absent_from_tool_response""}"
train,toolace-71::missing_tool,missing_tool,calendar,missing_tool,49,0.8444444444444444,1,"{""style"": ""calendar"", ""reason"": ""required_tool_unavailable""}"
train,toolace-192::tool_contradiction,tool_contradiction,number_substitution,tool_contradiction,3,0.9307958477508651,0,"{""style"": ""number_substitution"", ""source_value"": '250', ""new_value"": '288'}"
train,toolace-192::overgeneration,overgeneration,unsupported_user_reaction,overgeneration,73,0.10122699386503067,0,"{""style"": ""unsupported_user_reaction"", ""reason"": ""claim_absent_from_tool_response""}"
train,toolace-192::missing_tool,missing_tool,email,missing_tool,53,0.9161392405063291,1,"{""style"": ""email"", ""reason"": ""required_tool_unavailable""}"
train,toolace-170::tool_contradiction,tool_contradiction,cross_field_value_swap,tool_contradiction,4,0.35945945945945945,0,"{""style"": ""cross_field_value_swap"", ""source_value"": 'delivery', ""new_value"": 'USPS'}"
train,toolace-170::overgeneration,overgeneration,unsupported_risk,overgeneration,68,0.11808118081180811,0,"{""style"": ""unsupported_risk"", ""reason"": ""claim_absent_from_tool_response""}"
train,toolace-170::missing_tool,missing_tool,calendar,missing_tool,49,0.9382871536523929,1,"{""style"": ""calendar"", ""reason"": ""required_tool_unavailable""}"
train,toolace-51::tool_contradiction,tool_contradiction,entity_substitution,tool_contradiction,6,0.3467289719626168,0,"{""style"": ""entity_substitution"", ""source_value"": 'Assists', ""new_value"": 'Sydney'}"
train,toolace-51::overgeneration,overgeneration,unsupported_history,overgeneration,85,0.07519446845289542,0,"{""style"": ""unsupported_history"", ""reason"": ""claim_absent_from_tool_response""}"
train,toolace-51::missing_tool,missing_tool,cancel,missing_tool,42,0.9622980251346499,1,"{""style"": ""cancel"", ""reason"": ""required_tool_unavailable""}"
train,toolace-145::tool_contradiction,tool_contradiction,fallback_value,tool_contradiction,80,0.0,0,"{""style"": ""fallback_value"", ""fallback"": true}"
train,toolace-145::overgeneration,overgeneration,unsupported_user_reaction,overgeneration,73,0.22752808988764045,0,"{""style"": ""unsupported_user_reaction"", ""reason"": ""claim_absent_from_tool_response""}"
train,toolace-145::missing_tool,missing_tool,calendar,missing_tool,49,0.8524096385542169,1,"{""style"": ""calendar"", ""reason"": ""required_tool_unavailable""}"
train,toolace-19::tool_contradiction,tool_contradiction,cross_field_value_swap,tool_contradiction,17,0.48633879781420764,0,"{""style"": ""cross_field_value_swap"", ""source_value"": 'email domain is suspicious and commonly used for spamming', ""new_value"": '/email/valistring'}"
train,toolace-19::overgeneration,overgeneration,unsupported_external_confirmation,overgeneration,71,0.19322033898305085,0,"{""style"": ""unsupported_external_confirmation"", ""reason"": ""claim_absent_from_tool_response""}"
train,toolace-19::missing_tool,missing_tool,hotel,missing_tool,52,0.0,0,"{""style"": ""hotel"", ""reason"": ""required_tool_unavailable""}"
train,toolace-164::tool_contradiction,tool_contradiction,number_substitution,tool_contradiction,6,0.43301435406698563,0,"{""style"": ""number_substitution"", ""source_value"": '541512', ""new_value"": '460285'}"
train,toolace-164::overgeneration,overgeneration,unsupported_trend,overgeneration,60,0.0,0,"{""style"": ""unsupported_trend"", ""reason"": ""claim_absent_from_tool_response""}"
train,toolace-164::missing_tool,missing_tool,flight,missing_tool,37,0.25877192982456143,0,"{""style"": ""flight"", ""reason"": ""required_tool_unavailable""}"
train,toolace-137::tool_contradiction,tool_contradiction,cross_field_value_swap,tool_contradiction,24,0.6519823788546255,0,"{""style"": ""cross_field_value_swap"", ""source_value"": 'Generated QR Code PNG Image for URL www.example.com', ""new_value"": 'QR Code Image Generation'}"
train,toolace-137::overgeneration,overgeneration,unsupported_risk,overgeneration,68,0.7894736842105263,1,"{""style"": ""unsupported_risk"", ""reason"": ""claim_absent_from_tool_response""}"
train,toolace-137::missing_tool,missing_tool,cancel,missing_tool,42,0.25925925925925924,0,"{""style"": ""cancel"", ""reason"": ""required_tool_unavailable""}"
train,toolace-0::tool_contradiction,tool_contradiction,number_substitution,tool_contradiction,8,0.541191381495564,0,"{""style"": ""number_substitution"", ""source_value"": '34479.60', ""new_value"": '39651.54'}"
train,toolace-0::overgeneration,overgeneration,unsupported_risk,overgeneration,68,0.0641025641025641,0,"{""style"": ""unsupported_risk"", ""reason"": ""claim_absent_from_tool_response""}"
train,toolace-0::missing_tool,missing_tool,cancel,missing_tool,42,0.9495192307692307,1,"{""style"": ""cancel"", ""reason"": ""required_tool_unavailable""}"
train,toolace-92::tool_contradiction,tool_contradiction,date_substitution,tool_contradiction,10,0.29562982005141386,0,"{""style"": ""date_substitution"", ""source_value"": '2020-06-01', ""new_value"": '2020-06-04'}"
train,toolace-92::overgeneration,overgeneration,unsupported_recommendation,overgeneration,76,0.9111111111111111,1,"{""style"": ""unsupported_recommendation"", ""reason"": ""claim_absent_from_tool_response""}"
train,toolace-92::missing_tool,missing_tool,calendar,missing_tool,49,0.0,0,"{""style"": ""calendar"", ""reason"": ""required_tool_unavailable""}"
train,toolace-112::tool_contradiction,tool_contradiction,cross_field_value_swap,tool_contradiction,13,0.05504587155963303,0,"{""style"": ""cross_field_value_swap"", ""source_value"": 'video', ""new_value"": 'pixel-brained'}"
train,toolace-112::overgeneration,overgeneration,unsupported_comparison,overgeneration,80,0.0,0,"{""style"": ""unsupported_comparison"", ""reason"": ""claim_absent_from_tool_response""}"
train,toolace-112::missing_tool,missing_tool,email,missing_tool,53,0.970391061452514,1,"{""style"": ""email"", ""reason"": ""required_tool_unavailable""}"
train,toolace-169::tool_contradiction,tool_contradiction,cross_field_value_swap,tool_contradiction,10,0.006339144215530904,0,"{""style"": ""cross_field_value_swap"", ""source_value"": 'the', ""new_value"": 'Equanimity'}"
train,toolace-169::overgeneration,overgeneration,unsupported_recommendation,overgeneration,76,0.0,0,"{""style"": ""unsupported_recommendation"", ""reason"": ""claim_absent_from_tool_response""}"
train,toolace-169::missing_tool,missing_tool,calendar,missing_tool,49,0.9624521072796934,1,"{""style"": ""calendar"", ""reason"": ""required_tool_unavailable""}"
train,toolace-189::tool_contradiction,tool_contradiction,cross_field_value_swap,tool_contradiction,39,0.6284153005464481,0,"{""style"": ""cross_field_value_swap"", ""source_value"": 'I look forward to hearing your thoughts on this', ""new_value"": 'I look forward to your thoughts on this'}"
train,toolace-189::overgeneration,overgeneration,unsupported_trend,overgeneration,60,0.8620689655172413,1,"{""style"": ""unsupported_trend"", ""reason"": ""claim_absent_from_tool_response""}"
train,toolace-189::missing_tool,missing_tool,cancel,missing_tool,42,0.0,0,"{""style"": ""cancel"", ""reason"": ""required_tool_unavailable""}"
train,toolace-94::tool_contradiction,tool_contradiction,number_substitution,tool_contradiction,4,0.7540983606557377,0,"{""style"": ""number_substitution"", ""source_value"": '1.25', ""new_value"": '0.25'}"
train,toolace-94::overgeneration,overgeneration,unsupported_trend,overgeneration,60,0.0,0,"{""style"": ""unsupported_trend"", ""reason"": ""claim_absent_from_tool_response""}"
train,toolace-94::missing_tool,missing_tool,calendar,missing_tool,49,0.5585585585585585,1,"{""style"": ""calendar"", ""reason"": ""required_tool_unavailable""}"
train,toolace-152::tool_contradiction,tool_contradiction,number_substitution,tool_contradiction,2,0.8210116731517509,0,"{""style"": ""number_substitution"", ""source_value"": '10', ""new_value"": '12'}"
train,toolace-152::overgeneration,overgeneration,unsupported_trend,overgeneration,60,0.9278846153846154,1,"{""style"": ""unsupported_trend"", ""reason"": ""claim_absent_from_tool_response""}"
train,toolace-152::missing_tool,missing_tool,cancel,missing_tool,42,0.0,0,"{""style"": ""cancel"", ""reason"": ""required_tool_unavailable""}"
train,toolace-59::tool_contradiction,tool_contradiction,entity_substitution,tool_contradiction,6,0.6451612903225806,0,"{""style"": ""entity_substitution"", ""source_value"": 'Format', ""new_value"": 'Sydney'}"
train,toolace-59::overgeneration,overgeneration,unsupported_comparison,overgeneration,80,0.8992443324937027,1,"{""style"": ""unsupported_comparison"", ""reason"": ""claim_absent_from_tool_response""}"
train,toolace-59::missing_tool,missing_tool,email,missing_tool,53,0.0,0,"{""style"": ""email"", ""reason"": ""required_tool_unavailable""}"
train,toolace-190::tool_contradiction,tool_contradiction,cross_field_value_swap,tool_contradiction,11,0.09663865546218488,0,"{""style"": ""cross_field_value_swap"", ""source_value"": 'image', ""new_value"": 'celebrities'}"
train,toolace-190::overgeneration,overgeneration,unsupported_recommendation,overgeneration,76,0.7540453074433657,1,"{""style"": ""unsupported_recommendation"", ""reason"": ""claim_absent_from_tool_response""}"
train,toolace-190::missing_tool,missing_tool,cancel,missing_tool,42,0.0,0,"{""style"": ""cancel"", ""reason"": ""required_tool_unavailable""}"
train,toolace-132::tool_contradiction,tool_contradiction,number_substitution,tool_contradiction,4,0.4186046511627907,0,"{""style"": ""number_substitution"", ""source_value"": '2.25', ""new_value"": '3.25'}"
train,toolace-132::overgeneration,overgeneration,unsupported_risk,overgeneration,68,0.0,0,"{""style"": ""unsupported_risk"", ""reason"": ""claim_absent_from_tool_response""}"
train,toolace-132::missing_tool,missing_tool,email,missing_tool,53,0.6214285714285714,1,"{""style"": ""email"", ""reason"": ""required_tool_unavailable""}"
train,toolace-167::tool_contradiction,tool_contradiction,number_substitution,tool_contradiction,4,0.22772277227722773,0,"{""style"": ""number_substitution"", ""source_value"": '1203', ""new_value"": '1023'}"
train,toolace-167::overgeneration,overgeneration,unsupported_guarantee,overgeneration,76,0.8,1,"{""style"": ""unsupported_guarantee"", ""reason"": ""claim_absent_from_tool_response""}"
train,toolace-167::missing_tool,missing_tool,email,missing_tool,53,0.8515406162464986,1,"{""style"": ""email"", ""reason"": ""required_tool_unavailable""}"
train,toolace-20::tool_contradiction,tool_contradiction,number_substitution,tool_contradiction,3,0.37688984881209503,0,"{""style"": ""number_substitution"", ""source_value"": '430', ""new_value"": '366'}"
train,toolace-20::overgeneration,overgeneration,unsupported_user_reaction,overgeneration,73,0.927,1,"{""style"": ""unsupported_user_reaction"", ""reason"": ""claim_absent_from_tool_response""}"
train,toolace-20::missing_tool,missing_tool,email,missing_tool,53,0.17959183673469387,0,"{""style"": ""email"", ""reason"": ""required_tool_unavailable""}"
train,toolace-115::tool_contradiction,tool_contradiction,cross_field_value_swap,tool_contradiction,10,0.75,0,"{""style"": ""cross_field_value_swap"", ""source_value"": 'with', ""new_value"": '2023-10-02'}"
train,toolace-115::overgeneration,overgeneration,unsupported_cause,overgeneration,71,0.36363636363636365,0,"{""style"": ""unsupported_cause"", ""reason"": ""claim_absent_from_tool_response""}"
train,toolace-115::missing_tool,missing_tool,cancel,missing_tool,42,0.448,0,"{""style"": ""cancel"", ""reason"": ""required_tool_unavailable""}"
train,toolace-110::tool_contradiction,tool_contradiction,fallback_status,tool_contradiction,84,0.0,0,"{""style"": ""fallback_status"", ""fallback"": true}"
train,toolace-110::overgeneration,overgeneration,unsupported_guarantee,overgeneration,76,0.0,0,"{""style"": ""unsupported_guarantee"", ""reason"": ""claim_absent_from_tool_response""}"
train,toolace-110::missing_tool,missing_tool,email,missing_tool,53,0.22477064220183487,0,"{""style"": ""email"", ""reason"": ""required_tool_unavailable""}"
train,toolace-79::tool_contradiction,tool_contradiction,cross_field_value_swap,tool_contradiction,10,0.12823529411764706,0,"{""style"": ""cross_field_value_swap"", ""source_value"": 'address', ""new_value"": '2015-10-15'}"
train,toolace-79::overgeneration,overgeneration,unsupported_recommendation,overgeneration,76,0.0,0,"{""style"": ""unsupported_recommendation"", ""reason"": ""claim_absent_from_tool_response""}"
train,toolace-79::missing_tool,missing_tool,hotel,missing_tool,52,0.9422222222222222,1,"{""style"": ""hotel"", ""reason"": ""required_tool_unavailable""}"
train,toolace-45::tool_contradiction,tool_contradiction,cross_field_value_swap,tool_contradiction,14,0.8571428571428571,1,"{""style"": ""cross_field_value_swap"", ""source_value"": 'region', ""new_value"": 'Get Net Income'}"
train,toolace-45::overgeneration,overgeneration,unsupported_guarantee,overgeneration,76,0.5632183908045977,1,"{""style"": ""unsupported_guarantee"", ""reason"": ""claim_absent_from_tool_response""}"
train,toolace-45::missing_tool,missing_tool,flight,missing_tool,37,0.725925925925926,1,"{""style"": ""flight"", ""reason"": ""required_tool_unavailable""}"
train,toolace-68::tool_contradiction,tool_contradiction,entity_substitution,tool_contradiction,6,0.7155172413793104,0,"{""style"": ""entity_substitution"", ""source_value"": 'JVBERi0xLjQKJeLjz9MKMSAwIG9iago8PC9UeXBlIC9QYWdlc', ""new_value"": 'Berlin'}"
train,toolace-68::overgeneration,overgeneration,unsupported_comparison,overgeneration,80,0.0,0,"{""style"": ""unsupported_comparison"", ""reason"": ""claim_absent_from_tool_response""}"
train,toolace-68::missing_tool,missing_tool,flight,missing_tool,37,0.0,0,"{""style"": ""flight"", ""reason"": ""required_tool_unavailable""}"
train,toolace-157::tool_contradiction,tool_contradiction,cross_field_value_swap,tool_contradiction,15,0.4657039711191336,0,"{""style"": ""cross_field_value_swap"", ""source_value"": 'population', ""new_value"": 'Country Details'}"
train,toolace-157::overgeneration,overgeneration,unsupported_comparison,overgeneration,80,0.773371104815864,1,"{""style"": ""unsupported_comparison"", ""reason"": ""claim_absent_from_tool_response""}"
train,toolace-157::missing_tool,missing_tool,email,missing_tool,53,0.8374233128834356,1,"{""style"": ""email"", ""reason"": ""required_tool_unavailable""}"
train,toolace-62::tool_contradiction,tool_contradiction,number_substitution,tool_contradiction,2,0.5213903743315508,0,"{""style"": ""number_substitution"", ""source_value"": '15', ""new_value"": '17'}"
train,toolace-62::overgeneration,overgeneration,unsupported_history,overgeneration,85,0.13043478260869565,0,"{""style"": ""unsupported_history"", ""reason"": ""claim_absent_from_tool_response""}"
train,toolace-62::missing_tool,missing_tool,cancel,missing_tool,42,0.0,0,"{""style"": ""cancel"", ""reason"": ""required_tool_unavailable""}"
train,toolace-194::tool_contradiction,tool_contradiction,number_substitution,tool_contradiction,2,0.21023765996343693,0,"{""style"": ""number_substitution"", ""source_value"": '101', ""new_value"": '86'}"
train,toolace-194::overgeneration,overgeneration,unsupported_trend,overgeneration,60,0.15270935960591134,0,"{""style"": ""unsupported_trend"", ""reason"": ""claim_absent_from_tool_response""}"
train,toolace-194::missing_tool,missing_tool,calendar,missing_tool,49,0.15551839464882944,0,"{""style"": ""calendar"", ""reason"": ""required_tool_unavailable""}"
train,toolace-14::tool_contradiction,tool_contradiction,fallback_opposite,tool_contradiction,67,0.8164383561643835,1,"{""style"": ""fallback_opposite"", ""fallback"": true}"
train,toolace-14::overgeneration,overgeneration,unsupported_trend,overgeneration,60,0.3324022346368715,0,"{""style"": ""unsupported_trend"", ""reason"": ""claim_absent_from_tool_response""}"
train,toolace-14::missing_tool,missing_tool,calendar,missing_tool,49,0.0,0,"{""style"": ""calendar"", ""reason"": ""required_tool_unavailable""}"
train,toolace-4::tool_contradiction,tool_contradiction,fallback_opposite,tool_contradiction,67,0.024475524475524476,0,"{""style"": ""fallback_opposite"", ""fallback"": true}"
train,toolace-4::overgeneration,overgeneration,unsupported_external_confirmation,overgeneration,71,0.0,0,"{""style"": ""unsupported_external_confirmation"", ""reason"": ""claim_absent_from_tool_response""}"
train,toolace-4::missing_tool,missing_tool,cancel,missing_tool,42,0.0,0,"{""style"": ""cancel"", ""reason"": ""required_tool_unavailable""}"
train,toolace-3::tool_contradiction,tool_contradiction,cross_field_value_swap,tool_contradiction,6,0.0249500998003992,0,"{""style"": ""cross_field_value_swap"", ""source_value"": 'description', ""new_value"": 'EVT123'}"
train,toolace-3::overgeneration,overgeneration,unsupported_guarantee,overgeneration,76,0.9635666347075743,1,"{""style"": ""unsupported_guarantee"", ""reason"": ""claim_absent_from_tool_response""}"
train,toolace-3::missing_tool,missing_tool,email,missing_tool,53,0.9743092583616093,1,"{""style"": ""email"", ""reason"": ""required_tool_unavailable""}"
train,toolace-147::tool_contradiction,tool_contradiction,number_substitution,tool_contradiction,2,0.5181236673773987,0,"{""style"": ""number_substitution"", ""source_value"": '90', ""new_value"": '76'}"
train,toolace-147::overgeneration,overgeneration,unsupported_external_confirmation,overgeneration,71,0.1792079207920792,0,"{""style"": ""unsupported_external_confirmation"", ""reason"": ""claim_absent_from_tool_response""}"
train,toolace-147::missing_tool,missing_tool,calendar,missing_tool,49,0.18319838056680163,0,"{""style"": ""calendar"", ""reason"": ""required_tool_unavailable""}"
train,toolace-43::tool_contradiction,tool_contradiction,cross_field_value_swap,tool_contradiction,10,0.07119205298013245,0,"{""style"": ""cross_field_value_swap"", ""source_value"": 'example.com', ""new_value"": '1995-01-01'}"
train,toolace-43::overgeneration,overgeneration,unsupported_trend,overgeneration,60,0.13513513513513514,0,"{""style"": ""unsupported_trend"", ""reason"": ""claim_absent_from_tool_response""}"
train,toolace-43::missing_tool,missing_tool,calendar,missing_tool,49,0.9251908396946565,1,"{""style"": ""calendar"", ""reason"": ""required_tool_unavailable""}"
train,toolace-30::tool_contradiction,tool_contradiction,cross_field_value_swap,tool_contradiction,9,0.08292682926829269,0,"{""style"": ""cross_field_value_swap"", ""source_value"": 'the', ""new_value"": 'timestamp'}"
train,toolace-30::overgeneration,overgeneration,unsupported_cause,overgeneration,71,0.5387453874538746,0,"{""style"": ""unsupported_cause"", ""reason"": ""claim_absent_from_tool_response""}"
train,toolace-30::missing_tool,missing_tool,email,missing_tool,53,0.0,0,"{""style"": ""email"", ""reason"": ""required_tool_unavailable""}"
train,toolace-38::tool_contradiction,tool_contradiction,number_substitution,tool_contradiction,5,0.34624697336561744,0,"{""style"": ""number_substitution"", ""source_value"": '21.6', ""new_value"": '18.36'}"
train,toolace-38::overgeneration,overgeneration,unsupported_trend,overgeneration,60,0.8731501057082452,1,"{""style"": ""unsupported_trend"", ""reason"": ""claim_absent_from_tool_response""}"
train,toolace-38::missing_tool,missing_tool,email,missing_tool,53,0.0,0,"{""style"": ""email"", ""reason"": ""required_tool_unavailable""}"
train,toolace-74::tool_contradiction,tool_contradiction,entity_substitution,tool_contradiction,6,0.6253602305475504,0,"{""style"": ""entity_substitution"", ""source_value"": 'Willkommen zu unserer Präsentation', ""new_value"": 'Madrid'}"
train,toolace-74::overgeneration,overgeneration,unsupported_risk,overgeneration,68,0.8468468468468469,1,"{""style"": ""unsupported_risk"", ""reason"": ""claim_absent_from_tool_response""}"
train,toolace-74::missing_tool,missing_tool,cancel,missing_tool,42,0.8995215311004785,1,"{""style"": ""cancel"", ""reason"": ""required_tool_unavailable""}"
train,toolace-72::tool_contradiction,tool_contradiction,fallback_value,tool_contradiction,80,0.0,0,"{""style"": ""fallback_value"", ""fallback"": true}"
train,toolace-72::overgeneration,overgeneration,unsupported_comparison,overgeneration,80,0.1039426523297491,0,"{""style"": ""unsupported_comparison"", ""reason"": ""claim_absent_from_tool_response""}"
train,toolace-72::missing_tool,missing_tool,cancel,missing_tool,42,0.9192307692307692,1,"{""style"": ""cancel"", ""reason"": ""required_tool_unavailable""}"
train,toolace-5::tool_contradiction,tool_contradiction,cross_field_value_swap,tool_contradiction,68,0.6691519105312209,0,"{""style"": ""cross_field_value_swap"", ""source_value"": 'One of the most recognized songs from Linkin Park', ""new_value"": 'The classic song that has been popular for years as an internet meme'}"
train,toolace-5::overgeneration,overgeneration,unsupported_external_confirmation,overgeneration,71,0.0,0,"{""style"": ""unsupported_external_confirmation"", ""reason"": ""claim_absent_from_tool_response""}"
train,toolace-5::missing_tool,missing_tool,flight,missing_tool,37,0.9661172161172161,1,"{""style"": ""flight"", ""reason"": ""required_tool_unavailable""}"
train,toolace-128::tool_contradiction,tool_contradiction,number_substitution,tool_contradiction,2,0.23414634146341465,0,"{""style"": ""number_substitution"", ""source_value"": '100', ""new_value"": '85'}"
train,toolace-128::overgeneration,overgeneration,unsupported_external_confirmation,overgeneration,71,0.9204927211646137,1,"{""style"": ""unsupported_external_confirmation"", ""reason"": ""claim_absent_from_tool_response""}"
train,toolace-128::missing_tool,missing_tool,cancel,missing_tool,42,0.9513888888888888,1,"{""style"": ""cancel"", ""reason"": ""required_tool_unavailable""}"
train,toolace-114::tool_contradiction,tool_contradiction,time_substitution,tool_contradiction,5,0.36967418546365916,0,"{""style"": ""time_substitution"", ""source_value"": '30:00', ""new_value"": '09:00'}"
train,toolace-114::overgeneration,overgeneration,unsupported_trend,overgeneration,60,0.0,0,"{""style"": ""unsupported_trend"", ""reason"": ""claim_absent_from_tool_response""}"
train,toolace-114::missing_tool,missing_tool,cancel,missing_tool,42,0.06420927467300833,0,"{""style"": ""cancel"", ""reason"": ""required_tool_unavailable""}"
train,toolace-75::tool_contradiction,tool_contradiction,entity_substitution,tool_contradiction,6,0.8667466986794717,0,"{""style"": ""entity_substitution"", ""source_value"": 'Information', ""new_value"": 'London'}"
train,toolace-75::overgeneration,overgeneration,unsupported_history,overgeneration,85,0.0,0,"{""style"": ""unsupported_history"", ""reason"": ""claim_absent_from_tool_response""}"
train,toolace-75::missing_tool,missing_tool,hotel,missing_tool,52,0.941638608305275,1,"{""style"": ""hotel"", ""reason"": ""required_tool_unavailable""}"
train,toolace-28::tool_contradiction,tool_contradiction,number_substitution,tool_contradiction,2,0.20972222222222223,0,"{""style"": ""number_substitution"", ""source_value"": '20', ""new_value"": '23'}"
train,toolace-28::overgeneration,overgeneration,unsupported_comparison,overgeneration,80,0.9001248439450686,1,"{""style"": ""unsupported_comparison"", ""reason"": ""claim_absent_from_tool_response""}"
train,toolace-28::missing_tool,missing_tool,email,missing_tool,53,0.0,0,"{""style"": ""email"", ""reason"": ""required_tool_unavailable""}"
train,toolace-77::tool_contradiction,tool_contradiction,number_substitution,tool_contradiction,5,0.17863105175292154,0,"{""style"": ""number_substitution"", ""source_value"": '48.5', ""new_value"": '55.77'}"
train,toolace-77::overgeneration,overgeneration,unsupported_risk,overgeneration,68,0.17091454272863568,0,"{""style"": ""unsupported_risk"", ""reason"": ""claim_absent_from_tool_response""}"
train,toolace-77::missing_tool,missing_tool,cancel,missing_tool,42,0.17784711388455537,0,"{""style"": ""cancel"", ""reason"": ""required_tool_unavailable""}"
train,toolace-155::tool_contradiction,tool_contradiction,date_substitution,tool_contradiction,10,0.46402349486049926,0,"{""style"": ""date_substitution"", ""source_value"": '2021-06-21', ""new_value"": '2021-06-24'}"
train,toolace-155::overgeneration,overgeneration,unsupported_forecast,overgeneration,69,0.9081225033288948,1,"{""style"": ""unsupported_forecast"", ""reason"": ""claim_absent_from_tool_response""}"
train,toolace-155::missing_tool,missing_tool,calendar,missing_tool,49,0.93296853625171,1,"{""style"": ""calendar"", ""reason"": ""required_tool_unavailable""}"
train,toolace-173::tool_contradiction,tool_contradiction,cross_field_value_swap,tool_contradiction,10,0.49101796407185627,0,"{""style"": ""cross_field_value_swap"", ""source_value"": 'code', ""new_value"": 'Portuguese'}"
train,toolace-173::overgeneration,overgeneration,unsupported_guarantee,overgeneration,76,0.680672268907563,1,"{""style"": ""unsupported_guarantee"", ""reason"": ""claim_absent_from_tool_response""}"
train,toolace-173::missing_tool,missing_tool,calendar,missing_tool,49,0.7677725118483413,1,"{""style"": ""calendar"", ""reason"": ""required_tool_unavailable""}"
train,toolace-80::tool_contradiction,tool_contradiction,cross_field_value_swap,tool_contradiction,31,0.19324577861163228,0,"{""style"": ""cross_field_value_swap"", ""source_value"": 'This is an amazing live stream!', ""new_value"": 'What time does the event start?'}"
train,toolace-80::overgeneration,overgeneration,unsupported_guarantee,overgeneration,76,0.0,0,"{""style"": ""unsupported_guarantee"", ""reason"": ""claim_absent_from_tool_response""}"
train,toolace-80::missing_tool,missing_tool,flight,missing_tool,37,0.9352014010507881,1,"{""style"": ""flight"", ""reason"": ""required_tool_unavailable""}"
train,toolace-191::tool_contradiction,tool_contradiction,fallback_status,tool_contradiction,84,0.1325898389095415,0,"{""style"": ""fallback_status"", ""fallback"": true}"
train,toolace-191::overgeneration,overgeneration,unsupported_guarantee,overgeneration,76,0.0,0,"{""style"": ""unsupported_guarantee"", ""reason"": ""claim_absent_from_tool_response""}"
train,toolace-191::missing_tool,missing_tool,cancel,missing_tool,42,0.9450980392156862,1,"{""style"": ""cancel"", ""reason"": ""required_tool_unavailable""}"
train,toolace-8::tool_contradiction,tool_contradiction,cross_field_value_swap,tool_contradiction,13,0.00881057268722467,0,"{""style"": ""cross_field_value_swap"", ""source_value"": 'sentiment', ""new_value"": 'Text Analysis'}"
train,toolace-8::overgeneration,overgeneration,unsupported_recommendation,overgeneration,76,0.1859582542694497,0,"{""style"": ""unsupported_recommendation"", ""reason"": ""claim_absent_from_tool_response""}"
train,toolace-8::missing_tool,missing_tool,cancel,missing_tool,42,0.9148073022312373,1,"{""style"": ""cancel"", ""reason"": ""required_tool_unavailable""}"
train,toolace-163::tool_contradiction,tool_contradiction,entity_substitution,tool_contradiction,6,0.09641873278236915,0,"{""style"": ""entity_substitution"", ""source_value"": 'Daily Caloric Needs Calculator', ""new_value"": 'Sydney'}"
train,toolace-163::overgeneration,overgeneration,unsupported_external_confirmation,overgeneration,71,0.48366013071895425,0,"{""style"": ""unsupported_external_confirmation"", ""reason"": ""claim_absent_from_tool_response""}"
train,toolace-163::missing_tool,missing_tool,cancel,missing_tool,42,0.0,0,"{""style"": ""cancel"", ""reason"": ""required_tool_unavailable""}"
train,toolace-122::tool_contradiction,tool_contradiction,number_substitution,tool_contradiction,4,0.8561643835616438,0,"{""style"": ""number_substitution"", ""source_value"": '2024', ""new_value"": '1720'}"
train,toolace-122::overgeneration,overgeneration,unsupported_cause,overgeneration,71,0.37155963302752293,0,"{""style"": ""unsupported_cause"", ""reason"": ""claim_absent_from_tool_response""}"
train,toolace-122::missing_tool,missing_tool,flight,missing_tool,37,0.0,0,"{""style"": ""flight"", ""reason"": ""required_tool_unavailable""}"
train,toolace-85::tool_contradiction,tool_contradiction,number_substitution,tool_contradiction,4,0.48333333333333334,0,"{""style"": ""number_substitution"", ""source_value"": '1234', ""new_value"": '1049'}"
train,toolace-85::overgeneration,overgeneration,unsupported_risk,overgeneration,68,0.16181229773462782,0,"{""style"": ""unsupported_risk"", ""reason"": ""claim_absent_from_tool_response""}"
train,toolace-85::missing_tool,missing_tool,hotel,missing_tool,52,0.0,0,"{""style"": ""hotel"", ""reason"": ""required_tool_unavailable""}"
train,toolace-198::tool_contradiction,tool_contradiction,fallback_status,tool_contradiction,84,0.0,0,"{""style"": ""fallback_status"", ""fallback"": true}"
train,toolace-198::overgeneration,overgeneration,unsupported_cause,overgeneration,71,0.04639435199193142,0,"{""style"": ""unsupported_cause"", ""reason"": ""claim_absent_from_tool_response""}"
train,toolace-198::missing_tool,missing_tool,flight,missing_tool,37,0.0,0,"{""style"": ""flight"", ""reason"": ""required_tool_unavailable""}"
train,toolace-144::tool_contradiction,tool_contradiction,number_substitution,tool_contradiction,6,0.40119760479041916,0,"{""style"": ""number_substitution"", ""source_value"": '641001', ""new_value"": '544851'}"
train,toolace-144::overgeneration,overgeneration,unsupported_history,overgeneration,85,0.2964426877470356,0,"{""style"": ""unsupported_history"", ""reason"": ""claim_absent_from_tool_response""}"
train,toolace-144::missing_tool,missing_tool,email,missing_tool,53,0.0,0,"{""style"": ""email"", ""reason"": ""required_tool_unavailable""}"
train,toolace-69::tool_contradiction,tool_contradiction,date_substitution,tool_contradiction,10,0.2541436464088398,0,"{""style"": ""date_substitution"", ""source_value"": '2020-07-10', ""new_value"": '2020-07-13'}"
train,toolace-69::overgeneration,overgeneration,unsupported_recommendation,overgeneration,76,0.0,0,"{""style"": ""unsupported_recommendation"", ""reason"": ""claim_absent_from_tool_response""}"
train,toolace-69::missing_tool,missing_tool,flight,missing_tool,37,0.0,0,"{""style"": ""flight"", ""reason"": ""required_tool_unavailable""}"
train,toolace-101::tool_contradiction,tool_contradiction,number_substitution,tool_contradiction,6,0.2838915470494418,0,"{""style"": ""number_substitution"", ""source_value"": '95.5', ""new_value"": '109.83'}"
train,toolace-101::overgeneration,overgeneration,unsupported_history,overgeneration,85,0.17440225035161744,0,"{""style"": ""unsupported_history"", ""reason"": ""claim_absent_from_tool_response""}"
train,toolace-101::missing_tool,missing_tool,hotel,missing_tool,52,0.18289085545722714,0,"{""style"": ""hotel"", ""reason"": ""required_tool_unavailable""}"
train,toolace-124::tool_contradiction,tool_contradiction,entity_substitution,tool_contradiction,7,0.03819444444444445,0,"{""style"": ""entity_substitution"", ""source_value"": 'Liquidity', ""new_value"": 'Beijing'}"
train,toolace-124::overgeneration,overgeneration,unsupported_risk,overgeneration,68,0.31754874651810583,0,"{""style"": ""unsupported_risk"", ""reason"": ""claim_absent_from_tool_response""}"
train,toolace-124::missing_tool,missing_tool,calendar,missing_tool,49,0.3352941176470588,0,"{""style"": ""calendar"", ""reason"": ""required_tool_unavailable""}"
train,toolace-84::tool_contradiction,tool_contradiction,number_substitution,tool_contradiction,4,0.19965576592082615,0,"{""style"": ""number_substitution"", ""source_value"": '18.0', ""new_value"": '15.3'}"
train,toolace-84::overgeneration,overgeneration,unsupported_external_confirmation,overgeneration,71,0.9424635332252836,1,"{""style"": ""unsupported_external_confirmation"", ""reason"": ""claim_absent_from_tool_response""}"
train,toolace-84::missing_tool,missing_tool,cancel,missing_tool,42,0.0,0,"{""style"": ""cancel"", ""reason"": ""required_tool_unavailable""}"
train,toolace-188::tool_contradiction,tool_contradiction,number_substitution,tool_contradiction,5,0.6147859922178989,0,"{""style"": ""number_substitution"", ""source_value"": '46.2276', ""new_value"": '39.29'}"
train,toolace-188::overgeneration,overgeneration,unsupported_comparison,overgeneration,80,0.7647058823529411,1,"{""style"": ""unsupported_comparison"", ""reason"": ""claim_absent_from_tool_response""}"
train,toolace-188::missing_tool,missing_tool,flight,missing_tool,37,0.8754208754208754,1,"{""style"": ""flight"", ""reason"": ""required_tool_unavailable""}"
train,toolace-187::tool_contradiction,tool_contradiction,fallback_value,tool_contradiction,80,0.1859375,0,"{""style"": ""fallback_value"", ""fallback"": true}"
train,toolace-187::overgeneration,overgeneration,unsupported_guarantee,overgeneration,76,0.1871069182389937,0,"{""style"": ""unsupported_guarantee"", ""reason"": ""claim_absent_from_tool_response""}"
train,toolace-187::missing_tool,missing_tool,cancel,missing_tool,42,0.19767441860465115,0,"{""style"": ""cancel"", ""reason"": ""required_tool_unavailable""}"
train,toolace-36::tool_contradiction,tool_contradiction,number_substitution,tool_contradiction,6,0.34310850439882695,0,"{""style"": ""number_substitution"", ""source_value"": '94101', ""new_value"": '108216'}"
train,toolace-36::overgeneration,overgeneration,unsupported_user_reaction,overgeneration,73,0.0,0,"{""style"": ""unsupported_user_reaction"", ""reason"": ""claim_absent_from_tool_response""}"
train,toolace-36::missing_tool,missing_tool,calendar,missing_tool,49,0.1358974358974359,0,"{""style"": ""calendar"", ""reason"": ""required_tool_unavailable""}"
train,toolace-29::tool_contradiction,tool_contradiction,code_substitution,tool_contradiction,5,0.11515151515151516,0,"{""style"": ""code_substitution"", ""source_value"": 'VFIAX', ""new_value"": 'VFIAY'}"
train,toolace-29::overgeneration,overgeneration,unsupported_risk,overgeneration,68,0.9357884796978282,1,"{""style"": ""unsupported_risk"", ""reason"": ""claim_absent_from_tool_response""}"
train,toolace-29::missing_tool,missing_tool,payment,missing_tool,43,0.0,0,"{""style"": ""payment"", ""reason"": ""required_tool_unavailable""}"
train,toolace-98::tool_contradiction,tool_contradiction,number_substitution,tool_contradiction,3,0.4358974358974359,0,"{""style"": ""number_substitution"", ""source_value"": '120', ""new_value"": '102'}"
train,toolace-98::overgeneration,overgeneration,unsupported_trend,overgeneration,60,0.9011532125205931,1,"{""style"": ""unsupported_trend"", ""reason"": ""claim_absent_from_tool_response""}"
train,toolace-98::missing_tool,missing_tool,cancel,missing_tool,42,0.13921901528013583,0,"{""style"": ""cancel"", ""reason"": ""required_tool_unavailable""}"
train,toolace-39::tool_contradiction,tool_contradiction,entity_substitution,tool_contradiction,7,0.043478260869565216,0,"{""style"": ""entity_substitution"", ""source_value"": 'NBA', ""new_value"": 'BEIJING'}"
train,toolace-39::overgeneration,overgeneration,unsupported_user_reaction,overgeneration,73,0.8021680216802168,1,"{""style"": ""unsupported_user_reaction"", ""reason"": ""claim_absent_from_tool_response""}"
train,toolace-39::missing_tool,missing_tool,cancel,missing_tool,42,0.8757396449704142,1,"{""style"": ""cancel"", ""reason"": ""required_tool_unavailable""}"
train,toolace-57::tool_contradiction,tool_contradiction,entity_substitution,tool_contradiction,8,0.21825962910128388,0,"{""style"": ""entity_substitution"", ""source_value"": 'Automobile Manufacturers', ""new_value"": 'New York'}"
train,toolace-57::overgeneration,overgeneration,unsupported_risk,overgeneration,68,0.9134860050890585,1,"{""style"": ""unsupported_risk"", ""reason"": ""claim_absent_from_tool_response""}"
train,toolace-57::missing_tool,missing_tool,email,missing_tool,53,0.9312581063553826,1,"{""style"": ""email"", ""reason"": ""required_tool_unavailable""}"
train,toolace-25::tool_contradiction,tool_contradiction,entity_substitution,tool_contradiction,6,0.7761194029850746,0,"{""style"": ""entity_substitution"", ""source_value"": 'Player10', ""new_value"": 'Madrid'}"
train,toolace-25::overgeneration,overgeneration,unsupported_comparison,overgeneration,80,0.18297101449275363,0,"{""style"": ""unsupported_comparison"", ""reason"": ""claim_absent_from_tool_response""}"
train,toolace-25::missing_tool,missing_tool,calendar,missing_tool,49,0.0,0,"{""style"": ""calendar"", ""reason"": ""required_tool_unavailable""}"
train,toolace-31::tool_contradiction,tool_contradiction,entity_substitution,tool_contradiction,5,0.31078610603290674,0,"{""style"": ""entity_substitution"", ""source_value"": 'Bullish', ""new_value"": 'Tokyo'}"
train,toolace-31::overgeneration,overgeneration,unsupported_external_confirmation,overgeneration,71,0.8856682769726248,1,"{""style"": ""unsupported_external_confirmation"", ""reason"": ""claim_absent_from_tool_response""}"
train,toolace-31::missing_tool,missing_tool,cancel,missing_tool,42,0.9290540540540541,1,"{""style"": ""cancel"", ""reason"": ""required_tool_unavailable""}"
train,toolace-141::tool_contradiction,tool_contradiction,number_substitution,tool_contradiction,4,0.1011764705882353,0,"{""style"": ""number_substitution"", ""source_value"": '2026', ""new_value"": '2330'}"
train,toolace-141::overgeneration,overgeneration,unsupported_recommendation,overgeneration,76,0.0,0,"{""style"": ""unsupported_recommendation"", ""reason"": ""claim_absent_from_tool_response""}"
train,toolace-141::missing_tool,missing_tool,email,missing_tool,53,0.11283185840707964,0,"{""style"": ""email"", ""reason"": ""required_tool_unavailable""}"
train,toolace-41::tool_contradiction,tool_contradiction,number_substitution,tool_contradiction,8,0.8676470588235294,1,"{""style"": ""number_substitution"", ""source_value"": '12345678', ""new_value"": '10493826'}"
train,toolace-41::overgeneration,overgeneration,unsupported_history,overgeneration,85,0.44805194805194803,1,"{""style"": ""unsupported_history"", ""reason"": ""claim_absent_from_tool_response""}"
train,toolace-41::missing_tool,missing_tool,cancel,missing_tool,42,0.6216216216216216,1,"{""style"": ""cancel"", ""reason"": ""required_tool_unavailable""}"
train,toolace-53::tool_contradiction,tool_contradiction,number_substitution,tool_contradiction,6,0.46187363834422657,0,"{""style"": ""number_substitution"", ""source_value"": '489.99', ""new_value"": '416.49'}"
train,toolace-53::overgeneration,overgeneration,unsupported_forecast,overgeneration,69,0.930161943319838,1,"{""style"": ""unsupported_forecast"", ""reason"": ""claim_absent_from_tool_response""}"
train,toolace-53::missing_tool,missing_tool,ride,missing_tool,46,0.0,0,"{""style"": ""ride"", ""reason"": ""required_tool_unavailable""}"
train,toolace-52::tool_contradiction,tool_contradiction,number_substitution,tool_contradiction,2,0.9788732394366197,1,"{""style"": ""number_substitution"", ""source_value"": '19', ""new_value"": '22'}"
train,toolace-52::overgeneration,overgeneration,unsupported_trend,overgeneration,60,0.7044334975369458,1,"{""style"": ""unsupported_trend"", ""reason"": ""claim_absent_from_tool_response""}"
train,toolace-52::missing_tool,missing_tool,email,missing_tool,53,0.7295918367346939,1,"{""style"": ""email"", ""reason"": ""required_tool_unavailable""}"
train,toolace-37::tool_contradiction,tool_contradiction,number_substitution,tool_contradiction,2,0.6882591093117408,0,"{""style"": ""number_substitution"", ""source_value"": '10', ""new_value"": '12'}"
train,toolace-37::overgeneration,overgeneration,unsupported_trend,overgeneration,60,0.0,0,"{""style"": ""unsupported_trend"", ""reason"": ""claim_absent_from_tool_response""}"
train,toolace-37::missing_tool,missing_tool,email,missing_tool,53,0.0,0,"{""style"": ""email"", ""reason"": ""required_tool_unavailable""}"
train,toolace-16::tool_contradiction,tool_contradiction,number_substitution,tool_contradiction,5,0.5,0,"{""style"": ""number_substitution"", ""source_value"": '0.123', ""new_value"": '-0.88'}"
train,toolace-16::overgeneration,overgeneration,unsupported_cause,overgeneration,71,0.3925925925925926,0,"{""style"": ""unsupported_cause"", ""reason"": ""claim_absent_from_tool_response""}"
train,toolace-16::missing_tool,missing_tool,email,missing_tool,53,0.0,0,"{""style"": ""email"", ""reason"": ""required_tool_unavailable""}"
train,toolace-117::tool_contradiction,tool_contradiction,entity_substitution,tool_contradiction,6,0.027900146842878122,0,"{""style"": ""entity_substitution"", ""source_value"": 'Potsdamer', ""new_value"": 'Boston'}"
train,toolace-117::overgeneration,overgeneration,unsupported_recommendation,overgeneration,76,0.0,0,"{""style"": ""unsupported_recommendation"", ""reason"": ""claim_absent_from_tool_response""}"
train,toolace-117::missing_tool,missing_tool,calendar,missing_tool,49,0.9332425068119891,1,"{""style"": ""calendar"", ""reason"": ""required_tool_unavailable""}"
train,toolace-171::tool_contradiction,tool_contradiction,entity_substitution,tool_contradiction,5,0.44642857142857145,0,"{""style"": ""entity_substitution"", ""source_value"": 'Ever', ""new_value"": 'Paris'}"
train,toolace-171::overgeneration,overgeneration,unsupported_history,overgeneration,85,0.0,0,"{""style"": ""unsupported_history"", ""reason"": ""claim_absent_from_tool_response""}"
train,toolace-171::missing_tool,missing_tool,cancel,missing_tool,42,0.36466165413533835,0,"{""style"": ""cancel"", ""reason"": ""required_tool_unavailable""}"
train,toolace-168::tool_contradiction,tool_contradiction,number_substitution,tool_contradiction,5,0.31275720164609055,0,"{""style"": ""number_substitution"", ""source_value"": '12.5', ""new_value"": '14.38'}"
train,toolace-168::overgeneration,overgeneration,unsupported_trend,overgeneration,60,0.801980198019802,1,"{""style"": ""unsupported_trend"", ""reason"": ""claim_absent_from_tool_response""}"
train,toolace-168::missing_tool,missing_tool,cancel,missing_tool,42,0.0,0,"{""style"": ""cancel"", ""reason"": ""required_tool_unavailable""}"
train,toolace-106::tool_contradiction,tool_contradiction,cross_field_value_swap,tool_contradiction,18,0.08908045977011494,0,"{""style"": ""cross_field_value_swap"", ""source_value"": 'philosophy', ""new_value"": 'Random Philosopher'}"
train,toolace-106::overgeneration,overgeneration,unsupported_user_reaction,overgeneration,73,0.8236714975845411,1,"{""style"": ""unsupported_user_reaction"", ""reason"": ""claim_absent_from_tool_response""}"
train,toolace-106::missing_tool,missing_tool,hotel,missing_tool,52,0.3511450381679389,0,"{""style"": ""hotel"", ""reason"": ""required_tool_unavailable""}"
train,toolace-172::tool_contradiction,tool_contradiction,fallback_value,tool_contradiction,80,0.1688888888888889,0,"{""style"": ""fallback_value"", ""fallback"": true}"
train,toolace-172::overgeneration,overgeneration,unsupported_history,overgeneration,85,0.0,0,"{""style"": ""unsupported_history"", ""reason"": ""claim_absent_from_tool_response""}"
train,toolace-172::missing_tool,missing_tool,cancel,missing_tool,42,0.18446601941747573,0,"{""style"": ""cancel"", ""reason"": ""required_tool_unavailable""}"
train,toolace-99::tool_contradiction,tool_contradiction,entity_substitution,tool_contradiction,9,0.30362116991643456,0,"{""style"": ""entity_substitution"", ""source_value"": 'Team A', ""new_value"": 'Singapore'}"
train,toolace-99::overgeneration,overgeneration,unsupported_trend,overgeneration,60,0.8561151079136691,1,"{""style"": ""unsupported_trend"", ""reason"": ""claim_absent_from_tool_response""}"
train,toolace-99::missing_tool,missing_tool,email,missing_tool,53,0.8707317073170732,1,"{""style"": ""email"", ""reason"": ""required_tool_unavailable""}"
train,toolace-26::tool_contradiction,tool_contradiction,number_substitution,tool_contradiction,3,0.4154929577464789,0,"{""style"": ""number_substitution"", ""source_value"": '123', ""new_value"": '105'}"
train,toolace-26::overgeneration,overgeneration,unsupported_forecast,overgeneration,69,0.8050847457627118,1,"{""style"": ""unsupported_forecast"", ""reason"": ""claim_absent_from_tool_response""}"
train,toolace-26::missing_tool,missing_tool,calendar,missing_tool,49,0.8532934131736527,1,"{""style"": ""calendar"", ""reason"": ""required_tool_unavailable""}"
train,toolace-179::tool_contradiction,tool_contradiction,fallback_status,tool_contradiction,84,0.3472222222222222,0,"{""style"": ""fallback_status"", ""fallback"": true}"
train,toolace-179::overgeneration,overgeneration,unsupported_guarantee,overgeneration,76,0.35511363636363635,0,"{""style"": ""unsupported_guarantee"", ""reason"": ""claim_absent_from_tool_response""}"
train,toolace-179::missing_tool,missing_tool,calendar,missing_tool,49,0.0,0,"{""style"": ""calendar"", ""reason"": ""required_tool_unavailable""}"
train,toolace-129::tool_contradiction,tool_contradiction,entity_substitution,tool_contradiction,5,0.7949526813880127,0,"{""style"": ""entity_substitution"", ""source_value"": 'US', ""new_value"": 'TOKYO'}"
train,toolace-129::overgeneration,overgeneration,unsupported_history,overgeneration,85,0.7875,1,"{""style"": ""unsupported_history"", ""reason"": ""claim_absent_from_tool_response""}"
train,toolace-129::missing_tool,missing_tool,cancel,missing_tool,42,0.0,0,"{""style"": ""cancel"", ""reason"": ""required_tool_unavailable""}"
train,toolace-175::tool_contradiction,tool_contradiction,number_substitution,tool_contradiction,2,0.6643598615916955,0,"{""style"": ""number_substitution"", ""source_value"": '80', ""new_value"": '92'}"
train,toolace-175::overgeneration,overgeneration,unsupported_recommendation,overgeneration,76,0.0,0,"{""style"": ""unsupported_recommendation"", ""reason"": ""claim_absent_from_tool_response""}"
train,toolace-175::missing_tool,missing_tool,hotel,missing_tool,52,0.0,0,"{""style"": ""hotel"", ""reason"": ""required_tool_unavailable""}"
train,toolace-146::tool_contradiction,tool_contradiction,cross_field_value_swap,tool_contradiction,17,0.33147632311977715,0,"{""style"": ""cross_field_value_swap"", ""source_value"": '0x9fa4f8f76b637c3717904560a3bd980c438cadfdd20d9cc731e6f4f4932e4edb', ""new_value"": 'transactionStatus'}"
train,toolace-146::overgeneration,overgeneration,unsupported_recommendation,overgeneration,76,0.0,0,"{""style"": ""unsupported_recommendation"", ""reason"": ""claim_absent_from_tool_response""}"
train,toolace-146::missing_tool,missing_tool,hotel,missing_tool,52,0.8872017353579176,1,"{""style"": ""hotel"", ""reason"": ""required_tool_unavailable""}"
train,toolace-18::tool_contradiction,tool_contradiction,fallback_value,tool_contradiction,80,0.0,0,"{""style"": ""fallback_value"", ""fallback"": true}"
train,toolace-18::overgeneration,overgeneration,unsupported_cause,overgeneration,71,0.038834951456310676,0,"{""style"": ""unsupported_cause"", ""reason"": ""claim_absent_from_tool_response""}"
train,toolace-18::missing_tool,missing_tool,calendar,missing_tool,49,0.8292682926829268,1,"{""style"": ""calendar"", ""reason"": ""required_tool_unavailable""}"
train,toolace-183::tool_contradiction,tool_contradiction,fallback_opposite,tool_contradiction,67,0.13137032842582105,0,"{""style"": ""fallback_opposite"", ""fallback"": true}"
train,toolace-183::overgeneration,overgeneration,unsupported_comparison,overgeneration,80,0.0,0,"{""style"": ""unsupported_comparison"", ""reason"": ""claim_absent_from_tool_response""}"
train,toolace-183::missing_tool,missing_tool,calendar,missing_tool,49,0.13410404624277455,0,"{""style"": ""calendar"", ""reason"": ""required_tool_unavailable""}"
train,toolace-135::tool_contradiction,tool_contradiction,number_substitution,tool_contradiction,6,0.7719298245614035,0,"{""style"": ""number_substitution"", ""source_value"": '232.56', ""new_value"": '267.44'}"
train,toolace-135::overgeneration,overgeneration,unsupported_user_reaction,overgeneration,73,0.7582781456953642,1,"{""style"": ""unsupported_user_reaction"", ""reason"": ""claim_absent_from_tool_response""}"
train,toolace-135::missing_tool,missing_tool,flight,missing_tool,37,0.8609022556390977,1,"{""style"": ""flight"", ""reason"": ""required_tool_unavailable""}"
train,toolace-182::tool_contradiction,tool_contradiction,date_substitution,tool_contradiction,10,0.9683698296836983,0,"{""style"": ""date_substitution"", ""source_value"": '2021-03-08', ""new_value"": '2021-03-11'}"
train,toolace-182::overgeneration,overgeneration,unsupported_trend,overgeneration,60,0.13559322033898305,0,"{""style"": ""unsupported_trend"", ""reason"": ""claim_absent_from_tool_response""}"
train,toolace-182::missing_tool,missing_tool,flight,missing_tool,37,0.14253897550111358,0,"{""style"": ""flight"", ""reason"": ""required_tool_unavailable""}"
train,toolace-23::tool_contradiction,tool_contradiction,number_substitution,tool_contradiction,6,0.27611044417767105,0,"{""style"": ""number_substitution"", ""source_value"": '120.75', ""new_value"": '138.86'}"
train,toolace-23::overgeneration,overgeneration,unsupported_external_confirmation,overgeneration,71,0.0,0,"{""style"": ""unsupported_external_confirmation"", ""reason"": ""claim_absent_from_tool_response""}"
train,toolace-23::missing_tool,missing_tool,flight,missing_tool,37,0.0,0,"{""style"": ""flight"", ""reason"": ""required_tool_unavailable""}"
train,toolace-66::tool_contradiction,tool_contradiction,number_substitution,tool_contradiction,4,0.2616136919315403,0,"{""style"": ""number_substitution"", ""source_value"": '1500', ""new_value"": '1275'}"
train,toolace-66::overgeneration,overgeneration,unsupported_guarantee,overgeneration,76,0.17901234567901234,0,"{""style"": ""unsupported_guarantee"", ""reason"": ""claim_absent_from_tool_response""}"
train,toolace-66::missing_tool,missing_tool,flight,missing_tool,37,0.0,0,"{""style"": ""flight"", ""reason"": ""required_tool_unavailable""}"
train,toolace-6::tool_contradiction,tool_contradiction,time_substitution,tool_contradiction,5,0.3762057877813505,0,"{""style"": ""time_substitution"", ""source_value"": '07:05', ""new_value"": '10:05'}"
train,toolace-6::overgeneration,overgeneration,unsupported_risk,overgeneration,68,0.8210526315789474,1,"{""style"": ""unsupported_risk"", ""reason"": ""claim_absent_from_tool_response""}"
train,toolace-6::missing_tool,missing_tool,hotel,missing_tool,52,0.0,0,"{""style"": ""hotel"", ""reason"": ""required_tool_unavailable""}"
train,toolace-120::tool_contradiction,tool_contradiction,fallback_status,tool_contradiction,84,0.8193548387096774,1,"{""style"": ""fallback_status"", ""fallback"": true}"
train,toolace-120::overgeneration,overgeneration,unsupported_history,overgeneration,85,0.2510729613733906,0,"{""style"": ""unsupported_history"", ""reason"": ""claim_absent_from_tool_response""}"
train,toolace-120::missing_tool,missing_tool,email,missing_tool,53,0.2695852534562212,0,"{""style"": ""email"", ""reason"": ""required_tool_unavailable""}"
train,toolace-81::tool_contradiction,tool_contradiction,number_substitution,tool_contradiction,3,0.1888111888111888,0,"{""style"": ""number_substitution"", ""source_value"": '600', ""new_value"": '690'}"
train,toolace-81::overgeneration,overgeneration,unsupported_recommendation,overgeneration,76,0.9187165775401069,1,"{""style"": ""unsupported_recommendation"", ""reason"": ""claim_absent_from_tool_response""}"
train,toolace-81::missing_tool,missing_tool,calendar,missing_tool,49,0.046255506607929514,0,"{""style"": ""calendar"", ""reason"": ""required_tool_unavailable""}"
train,toolace-50::tool_contradiction,tool_contradiction,entity_substitution,tool_contradiction,7,0.5022421524663677,0,"{""style"": ""entity_substitution"", ""source_value"": 'Mountain Hiking', ""new_value"": 'Toronto'}"
train,toolace-50::overgeneration,overgeneration,unsupported_guarantee,overgeneration,76,0.0,1,"{""style"": ""unsupported_guarantee"", ""reason"": ""claim_absent_from_tool_response""}"
train,toolace-50::missing_tool,missing_tool,flight,missing_tool,37,0.0,1,"{""style"": ""flight"", ""reason"": ""required_tool_unavailable""}"
train,toolace-165::tool_contradiction,tool_contradiction,fallback_value,tool_contradiction,80,0.5321637426900585,1,"{""style"": ""fallback_value"", ""fallback"": true}"
train,toolace-165::overgeneration,overgeneration,unsupported_forecast,overgeneration,69,0.0,0,"{""style"": ""unsupported_forecast"", ""reason"": ""claim_absent_from_tool_response""}"
train,toolace-165::missing_tool,missing_tool,cancel,missing_tool,42,0.6842105263157895,1,"{""style"": ""cancel"", ""reason"": ""required_tool_unavailable""}"
validation,toolace-150::tool_contradiction,tool_contradiction,code_substitution,tool_contradiction,4,0.06428571428571428,0,"{""style"": ""code_substitution"", ""source_value"": 'MLEM', ""new_value"": 'MLEX'}"
validation,toolace-150::overgeneration,overgeneration,unsupported_history,overgeneration,85,0.76775956284153,1,"{""style"": ""unsupported_history"", ""reason"": ""claim_absent_from_tool_response""}"
validation,toolace-150::missing_tool,missing_tool,cancel,missing_tool,42,0.0,0,"{""style"": ""cancel"", ""reason"": ""required_tool_unavailable""}"
validation,toolace-87::tool_contradiction,tool_contradiction,number_substitution,tool_contradiction,7,0.22107081174438686,0,"{""style"": ""number_substitution"", ""source_value"": '1650.45', ""new_value"": '1898.02'}"
validation,toolace-87::overgeneration,overgeneration,unsupported_risk,overgeneration,68,0.14351851851851852,0,"{""style"": ""unsupported_risk"", ""reason"": ""claim_absent_from_tool_response""}"
validation,toolace-87::missing_tool,missing_tool,email,missing_tool,53,0.14691943127962084,0,"{""style"": ""email"", ""reason"": ""required_tool_unavailable""}"
validation,toolace-113::tool_contradiction,tool_contradiction,cross_field_value_swap,tool_contradiction,10,0.5525227460711332,0,"{""style"": ""cross_field_value_swap"", ""source_value"": 'investments', ""new_value"": '2026-08-15'}"
validation,toolace-113::overgeneration,overgeneration,unsupported_guarantee,overgeneration,76,0.969551282051282,1,"{""style"": ""unsupported_guarantee"", ""reason"": ""claim_absent_from_tool_response""}"
validation,toolace-113::missing_tool,missing_tool,calendar,missing_tool,49,0.023491292021061157,0,"{""style"": ""calendar"", ""reason"": ""required_tool_unavailable""}"
validation,toolace-142::tool_contradiction,tool_contradiction,number_substitution,tool_contradiction,6,0.14674868189806678,0,"{""style"": ""number_substitution"", ""source_value"": '750.88', ""new_value"": '863.51'}"
validation,toolace-142::overgeneration,overgeneration,unsupported_guarantee,overgeneration,76,0.9374485596707819,1,"{""style"": ""unsupported_guarantee"", ""reason"": ""claim_absent_from_tool_response""}"
validation,toolace-142::missing_tool,missing_tool,payment,missing_tool,43,0.10744500846023688,0,"{""style"": ""payment"", ""reason"": ""required_tool_unavailable""}"
validation,toolace-181::tool_contradiction,tool_contradiction,number_substitution,tool_contradiction,2,0.6541436464088398,0,"{""style"": ""number_substitution"", ""source_value"": '20', ""new_value"": '23'}"
validation,toolace-181::overgeneration,overgeneration,unsupported_forecast,overgeneration,69,0.0,0,"{""style"": ""unsupported_forecast"", ""reason"": ""claim_absent_from_tool_response""}"
validation,toolace-181::missing_tool,missing_tool,flight,missing_tool,37,0.9607635206786851,1,"{""style"": ""flight"", ""reason"": ""required_tool_unavailable""}"
validation,toolace-166::tool_contradiction,tool_contradiction,number_substitution,tool_contradiction,2,0.9228070175438596,0,"{""style"": ""number_substitution"", ""source_value"": '45', ""new_value"": '52'}"
validation,toolace-166::overgeneration,overgeneration,unsupported_history,overgeneration,85,0.1902231668437832,0,"{""style"": ""unsupported_history"", ""reason"": ""claim_absent_from_tool_response""}"
validation,toolace-166::missing_tool,missing_tool,email,missing_tool,53,0.19691969196919692,0,"{""style"": ""email"", ""reason"": ""required_tool_unavailable""}"
validation,toolace-46::tool_contradiction,tool_contradiction,number_substitution,tool_contradiction,5,0.09392838609237156,0,"{""style"": ""number_substitution"", ""source_value"": '59.99', ""new_value"": '50.99'}"
validation,toolace-46::overgeneration,overgeneration,unsupported_forecast,overgeneration,69,0.0,0,"{""style"": ""unsupported_forecast"", ""reason"": ""claim_absent_from_tool_response""}"
validation,toolace-46::missing_tool,missing_tool,email,missing_tool,53,0.9732458354366481,1,"{""style"": ""email"", ""reason"": ""required_tool_unavailable""}"
validation,toolace-116::tool_contradiction,tool_contradiction,entity_substitution,tool_contradiction,8,0.10975609756097561,0,"{""style"": ""entity_substitution"", ""source_value"": 'Los Angeles', ""new_value"": 'New York'}"
validation,toolace-116::overgeneration,overgeneration,unsupported_history,overgeneration,85,0.6640316205533597,1,"{""style"": ""unsupported_history"", ""reason"": ""claim_absent_from_tool_response""}"
validation,toolace-116::missing_tool,missing_tool,calendar,missing_tool,49,0.7741935483870968,1,"{""style"": ""calendar"", ""reason"": ""required_tool_unavailable""}"
validation,toolace-185::tool_contradiction,tool_contradiction,number_substitution,tool_contradiction,3,0.37136929460580914,0,"{""style"": ""number_substitution"", ""source_value"": '356', ""new_value"": '303'}"
validation,toolace-185::overgeneration,overgeneration,unsupported_trend,overgeneration,60,0.7587476979742173,0,"{""style"": ""unsupported_trend"", ""reason"": ""claim_absent_from_tool_response""}"
validation,toolace-185::missing_tool,missing_tool,cancel,missing_tool,42,0.0,0,"{""style"": ""cancel"", ""reason"": ""required_tool_unavailable""}"
validation,toolace-126::tool_contradiction,tool_contradiction,entity_substitution,tool_contradiction,6,0.11130284728213978,0,"{""style"": ""entity_substitution"", ""source_value"": 'Image', ""new_value"": 'Berlin'}"
validation,toolace-126::overgeneration,overgeneration,unsupported_trend,overgeneration,60,0.11238720262510254,0,"{""style"": ""unsupported_trend"", ""reason"": ""claim_absent_from_tool_response""}"
validation,toolace-126::missing_tool,missing_tool,email,missing_tool,53,0.9562706270627063,1,"{""style"": ""email"", ""reason"": ""required_tool_unavailable""}"
validation,toolace-42::tool_contradiction,tool_contradiction,entity_substitution,tool_contradiction,7,0.41012216404886565,0,"{""style"": ""entity_substitution"", ""source_value"": 'ALL', ""new_value"": 'TORONTO'}"
validation,toolace-42::overgeneration,overgeneration,unsupported_trend,overgeneration,60,0.09808811305070657,0,"{""style"": ""unsupported_trend"", ""reason"": ""claim_absent_from_tool_response""}"
validation,toolace-42::missing_tool,missing_tool,cancel,missing_tool,42,0.0,0,"{""style"": ""cancel"", ""reason"": ""required_tool_unavailable""}"
validation,toolace-24::tool_contradiction,tool_contradiction,cross_field_value_swap,tool_contradiction,13,0.575516693163752,0,"{""style"": ""cross_field_value_swap"", ""source_value"": 'image', ""new_value"": 'Halloween2026'}"
validation,toolace-24::overgeneration,overgeneration,unsupported_recommendation,overgeneration,76,0.8911174785100286,1,"{""style"": ""unsupported_recommendation"", ""reason"": ""claim_absent_from_tool_response""}"
validation,toolace-24::missing_tool,missing_tool,calendar,missing_tool,49,0.36065573770491804,0,"{""style"": ""calendar"", ""reason"": ""required_tool_unavailable""}"
validation,toolace-108::tool_contradiction,tool_contradiction,code_substitution,tool_contradiction,8,0.24603174603174602,0,"{""style"": ""code_substitution"", ""source_value"": 'COVID-19', ""new_value"": 'COVID-1X'}"
validation,toolace-108::overgeneration,overgeneration,unsupported_user_reaction,overgeneration,73,0.0,0,"{""style"": ""unsupported_user_reaction"", ""reason"": ""claim_absent_from_tool_response""}"
validation,toolace-108::missing_tool,missing_tool,email,missing_tool,53,0.0,0,"{""style"": ""email"", ""reason"": ""required_tool_unavailable""}"
validation,toolace-159::tool_contradiction,tool_contradiction,cross_field_value_swap,tool_contradiction,4,0.5780346820809249,0,"{""style"": ""cross_field_value_swap"", ""source_value"": 'activities', ""new_value"": 'USDT'}"
validation,toolace-159::overgeneration,overgeneration,unsupported_cause,overgeneration,71,0.4818181818181818,0,"{""style"": ""unsupported_cause"", ""reason"": ""claim_absent_from_tool_response""}"
validation,toolace-159::missing_tool,missing_tool,cancel,missing_tool,42,0.9433198380566802,1,"{""style"": ""cancel"", ""reason"": ""required_tool_unavailable""}"
validation,toolace-178::tool_contradiction,tool_contradiction,fallback_opposite,tool_contradiction,67,0.8222811671087533,1,"{""style"": ""fallback_opposite"", ""fallback"": true}"
validation,toolace-178::overgeneration,overgeneration,unsupported_external_confirmation,overgeneration,71,0.8136482939632546,1,"{""style"": ""unsupported_external_confirmation"", ""reason"": ""claim_absent_from_tool_response""}"
validation,toolace-178::missing_tool,missing_tool,hotel,missing_tool,52,0.0,0,"{""style"": ""hotel"", ""reason"": ""required_tool_unavailable""}"
validation,toolace-180::tool_contradiction,tool_contradiction,number_substitution,tool_contradiction,2,0.205320994794679,0,"{""style"": ""number_substitution"", ""source_value"": '10', ""new_value"": '12'}"
validation,toolace-180::overgeneration,overgeneration,unsupported_external_confirmation,overgeneration,71,0.960577456968351,1,"{""style"": ""unsupported_external_confirmation"", ""reason"": ""claim_absent_from_tool_response""}"
validation,toolace-180::missing_tool,missing_tool,calendar,missing_tool,49,0.9724564362001125,1,"{""style"": ""calendar"", ""reason"": ""required_tool_unavailable""}"
validation,toolace-12::tool_contradiction,tool_contradiction,number_substitution,tool_contradiction,3,0.3432203389830508,0,"{""style"": ""number_substitution"", ""source_value"": '350', ""new_value"": '402'}"
validation,toolace-12::overgeneration,overgeneration,unsupported_cause,overgeneration,71,0.908974358974359,1,"{""style"": ""unsupported_cause"", ""reason"": ""claim_absent_from_tool_response""}"
validation,toolace-12::missing_tool,missing_tool,flight,missing_tool,37,0.1032171581769437,0,"{""style"": ""flight"", ""reason"": ""required_tool_unavailable""}"
validation,toolace-186::tool_contradiction,tool_contradiction,fallback_status,tool_contradiction,84,0.0,0,"{""style"": ""fallback_status"", ""fallback"": true}"
validation,toolace-186::overgeneration,overgeneration,unsupported_guarantee,overgeneration,76,0.0,0,"{""style"": ""unsupported_guarantee"", ""reason"": ""claim_absent_from_tool_response""}"
validation,toolace-186::missing_tool,missing_tool,calendar,missing_tool,49,0.9198036006546645,1,"{""style"": ""calendar"", ""reason"": ""required_tool_unavailable""}"
validation,toolace-83::tool_contradiction,tool_contradiction,number_substitution,tool_contradiction,4,0.375,0,"{""style"": ""number_substitution"", ""source_value"": '1234', ""new_value"": '1049'}"
validation,toolace-83::overgeneration,overgeneration,unsupported_user_reaction,overgeneration,73,0.6651376146788991,1,"{""style"": ""unsupported_user_reaction"", ""reason"": ""claim_absent_from_tool_response""}"
validation,toolace-83::missing_tool,missing_tool,flight,missing_tool,37,0.7967032967032966,1,"{""style"": ""flight"", ""reason"": ""required_tool_unavailable""}"
validation,toolace-96::tool_contradiction,tool_contradiction,fallback_value,tool_contradiction,80,0.9489795918367347,1,"{""style"": ""fallback_value"", ""fallback"": true}"
validation,toolace-96::overgeneration,overgeneration,unsupported_external_confirmation,overgeneration,71,0.0,0,"{""style"": ""unsupported_external_confirmation"", ""reason"": ""claim_absent_from_tool_response""}"
validation,toolace-96::missing_tool,missing_tool,flight,missing_tool,37,0.9757377049180328,1,"{""style"": ""flight"", ""reason"": ""required_tool_unavailable""}"
validation,toolace-176::tool_contradiction,tool_contradiction,fallback_value,tool_contradiction,80,0.3225458468176915,0,"{""style"": ""fallback_value"", ""fallback"": true}"
validation,toolace-176::overgeneration,overgeneration,unsupported_risk,overgeneration,68,0.0,0,"{""style"": ""unsupported_risk"", ""reason"": ""claim_absent_from_tool_response""}"
validation,toolace-176::missing_tool,missing_tool,flight,missing_tool,37,0.9581447963800905,1,"{""style"": ""flight"", ""reason"": ""required_tool_unavailable""}"
validation,toolace-82::tool_contradiction,tool_contradiction,number_substitution,tool_contradiction,2,0.3433395872420263,0,"{""style"": ""number_substitution"", ""source_value"": '19', ""new_value"": '22'}"
validation,toolace-82::overgeneration,overgeneration,unsupported_cause,overgeneration,71,0.8826446280991735,1,"{""style"": ""unsupported_cause"", ""reason"": ""claim_absent_from_tool_response""}"
validation,toolace-82::missing_tool,missing_tool,cancel,missing_tool,42,0.0,0,"{""style"": ""cancel"", ""reason"": ""required_tool_unavailable""}"
validation,toolace-133::tool_contradiction,tool_contradiction,fallback_value,tool_contradiction,80,0.0,1,"{""style"": ""fallback_value"", ""fallback"": true}"
validation,toolace-133::overgeneration,overgeneration,unsupported_guarantee,overgeneration,76,0.8260869565217391,1,"{""style"": ""unsupported_guarantee"", ""reason"": ""claim_absent_from_tool_response""}"
validation,toolace-133::missing_tool,missing_tool,calendar,missing_tool,49,0.0,1,"{""style"": ""calendar"", ""reason"": ""required_tool_unavailable""}"
validation,toolace-70::tool_contradiction,tool_contradiction,number_substitution,tool_contradiction,5,0.27293577981651373,0,"{""style"": ""number_substitution"", ""source_value"": '10118', ""new_value"": '11636'}"
validation,toolace-70::overgeneration,overgeneration,unsupported_cause,overgeneration,71,0.860236220472441,1,"{""style"": ""unsupported_cause"", ""reason"": ""claim_absent_from_tool_response""}"
validation,toolace-70::missing_tool,missing_tool,flight,missing_tool,37,0.9219409282700421,1,"{""style"": ""flight"", ""reason"": ""required_tool_unavailable""}"
validation,toolace-177::tool_contradiction,tool_contradiction,entity_substitution,tool_contradiction,5,0.6748971193415638,0,"{""style"": ""entity_substitution"", ""source_value"": 'Information Technology', ""new_value"": 'Tokyo'}"
validation,toolace-177::overgeneration,overgeneration,unsupported_user_reaction,overgeneration,73,0.4431137724550898,0,"{""style"": ""unsupported_user_reaction"", ""reason"": ""claim_absent_from_tool_response""}"
validation,toolace-177::missing_tool,missing_tool,calendar,missing_tool,49,0.4774193548387097,0,"{""style"": ""calendar"", ""reason"": ""required_tool_unavailable""}"
validation,toolace-86::tool_contradiction,tool_contradiction,cross_field_value_swap,tool_contradiction,13,0.02109300095877277,0,"{""style"": ""cross_field_value_swap"", ""source_value"": 'sentiment', ""new_value"": 'Text Analysis'}"
validation,toolace-86::overgeneration,overgeneration,unsupported_trend,overgeneration,60,0.0,0,"{""style"": ""unsupported_trend"", ""reason"": ""claim_absent_from_tool_response""}"
validation,toolace-86::missing_tool,missing_tool,calendar,missing_tool,49,0.9550045913682277,1,"{""style"": ""calendar"", ""reason"": ""required_tool_unavailable""}"
validation,toolace-134::tool_contradiction,tool_contradiction,number_substitution,tool_contradiction,4,0.5065913370998116,0,"{""style"": ""number_substitution"", ""source_value"": '2025', ""new_value"": '2329'}"
validation,toolace-134::overgeneration,overgeneration,unsupported_risk,overgeneration,68,0.0,0,"{""style"": ""unsupported_risk"", ""reason"": ""claim_absent_from_tool_response""}"
validation,toolace-134::missing_tool,missing_tool,calendar,missing_tool,49,0.9156626506024096,1,"{""style"": ""calendar"", ""reason"": ""required_tool_unavailable""}"
validation,toolace-1::tool_contradiction,tool_contradiction,cross_field_value_swap,tool_contradiction,12,0.12573673870333987,0,"{""style"": ""cross_field_value_swap"", ""source_value"": 'will', ""new_value"": 'Sam Levenson'}"
validation,toolace-1::overgeneration,overgeneration,unsupported_forecast,overgeneration,69,0.6970227670753065,0,"{""style"": ""unsupported_forecast"", ""reason"": ""claim_absent_from_tool_response""}"
validation,toolace-1::missing_tool,missing_tool,flight,missing_tool,37,0.9313543599257885,1,"{""style"": ""flight"", ""reason"": ""required_tool_unavailable""}"
validation,toolace-162::tool_contradiction,tool_contradiction,number_substitution,tool_contradiction,3,0.0893854748603352,0,"{""style"": ""number_substitution"", ""source_value"": '555', ""new_value"": '638'}"
validation,toolace-162::overgeneration,overgeneration,unsupported_guarantee,overgeneration,76,0.0,0,"{""style"": ""unsupported_guarantee"", ""reason"": ""claim_absent_from_tool_response""}"
validation,toolace-162::missing_tool,missing_tool,calendar,missing_tool,49,0.9165247018739353,1,"{""style"": ""calendar"", ""reason"": ""required_tool_unavailable""}"
validation,toolace-54::tool_contradiction,tool_contradiction,cross_field_value_swap,tool_contradiction,14,0.11301859799713877,0,"{""style"": ""cross_field_value_swap"", ""source_value"": 'recipes', ""new_value"": 'chipotle aioli'}"
validation,toolace-54::overgeneration,overgeneration,unsupported_comparison,overgeneration,80,0.8965071151358344,1,"{""style"": ""unsupported_comparison"", ""reason"": ""claim_absent_from_tool_response""}"
validation,toolace-54::missing_tool,missing_tool,cancel,missing_tool,42,0.9428571428571428,1,"{""style"": ""cancel"", ""reason"": ""required_tool_unavailable""}"
test,toolace-21::tool_contradiction,tool_contradiction,fallback_status,tool_contradiction,84,0.4606741573033708,0,"{""style"": ""fallback_status"", ""fallback"": true}"
test,toolace-21::overgeneration,overgeneration,unsupported_user_reaction,overgeneration,73,0.71484375,1,"{""style"": ""unsupported_user_reaction"", ""reason"": ""claim_absent_from_tool_response""}"
test,toolace-21::missing_tool,missing_tool,email,missing_tool,53,0.5211864406779662,0,"{""style"": ""email"", ""reason"": ""required_tool_unavailable""}"
test,toolace-149::tool_contradiction,tool_contradiction,entity_substitution,tool_contradiction,4,0.16666666666666666,0,"{""style"": ""entity_substitution"", ""source_value"": 'OCR', ""new_value"": 'ROME'}"
test,toolace-149::overgeneration,overgeneration,unsupported_history,overgeneration,85,0.6558704453441295,1,"{""style"": ""unsupported_history"", ""reason"": ""claim_absent_from_tool_response""}"
test,toolace-149::missing_tool,missing_tool,email,missing_tool,53,0.7534883720930232,1,"{""style"": ""email"", ""reason"": ""required_tool_unavailable""}"
test,toolace-195::tool_contradiction,tool_contradiction,number_substitution,tool_contradiction,6,0.08602150537634409,0,"{""style"": ""number_substitution"", ""source_value"": '435.5', ""new_value"": '500.82'}"
test,toolace-195::overgeneration,overgeneration,unsupported_history,overgeneration,85,0.6863468634686347,1,"{""style"": ""unsupported_history"", ""reason"": ""claim_absent_from_tool_response""}"
test,toolace-195::missing_tool,missing_tool,email,missing_tool,53,0.7782426778242678,1,"{""style"": ""email"", ""reason"": ""required_tool_unavailable""}"
test,toolace-89::tool_contradiction,tool_contradiction,number_substitution,tool_contradiction,6,0.5,0,"{""style"": ""number_substitution"", ""source_value"": '157.26', ""new_value"": '133.67'}"
test,toolace-89::overgeneration,overgeneration,unsupported_forecast,overgeneration,69,0.7,1,"{""style"": ""unsupported_forecast"", ""reason"": ""claim_absent_from_tool_response""}"
test,toolace-89::missing_tool,missing_tool,cancel,missing_tool,42,0.7931034482758621,1,"{""style"": ""cancel"", ""reason"": ""required_tool_unavailable""}"
test,toolace-7::tool_contradiction,tool_contradiction,cross_field_value_swap,tool_contradiction,11,0.8612099644128114,0,"{""style"": ""cross_field_value_swap"", ""source_value"": 'with', ""new_value"": 'suggestions'}"
test,toolace-7::overgeneration,overgeneration,unsupported_cause,overgeneration,71,0.886762360446571,1,"{""style"": ""unsupported_cause"", ""reason"": ""claim_absent_from_tool_response""}"
test,toolace-7::missing_tool,missing_tool,email,missing_tool,53,0.9129720853858785,1,"{""style"": ""email"", ""reason"": ""required_tool_unavailable""}"
test,toolace-143::tool_contradiction,tool_contradiction,entity_substitution,tool_contradiction,6,0.025297619047619048,0,"{""style"": ""entity_substitution"", ""source_value"": 'Information', ""new_value"": 'Boston'}"
test,toolace-143::overgeneration,overgeneration,unsupported_user_reaction,overgeneration,73,0.0,0,"{""style"": ""unsupported_user_reaction"", ""reason"": ""claim_absent_from_tool_response""}"
test,toolace-143::missing_tool,missing_tool,email,missing_tool,53,0.9274965800273598,1,"{""style"": ""email"", ""reason"": ""required_tool_unavailable""}"
test,toolace-48::tool_contradiction,tool_contradiction,cross_field_value_swap,tool_contradiction,14,0.20911528150134048,0,"{""style"": ""cross_field_value_swap"", ""source_value"": 'volume', ""new_value"": 'Cryptocurrency'}"
test,toolace-48::overgeneration,overgeneration,unsupported_comparison,overgeneration,80,0.13004484304932734,0,"{""style"": ""unsupported_comparison"", ""reason"": ""claim_absent_from_tool_response""}"
test,toolace-48::missing_tool,missing_tool,cancel,missing_tool,42,0.8970588235294118,1,"{""style"": ""cancel"", ""reason"": ""required_tool_unavailable""}"
test,toolace-97::tool_contradiction,tool_contradiction,entity_substitution,tool_contradiction,8,0.010964912280701754,0,"{""style"": ""entity_substitution"", ""source_value"": 'Your', ""new_value"": 'New York'}"
test,toolace-97::overgeneration,overgeneration,unsupported_trend,overgeneration,60,0.09551656920077972,0,"{""style"": ""unsupported_trend"", ""reason"": ""claim_absent_from_tool_response""}"
test,toolace-97::missing_tool,missing_tool,flight,missing_tool,37,0.9244897959183673,1,"{""style"": ""flight"", ""reason"": ""required_tool_unavailable""}"
test,toolace-58::tool_contradiction,tool_contradiction,entity_substitution,tool_contradiction,6,0.1733490566037736,0,"{""style"": ""entity_substitution"", ""source_value"": 'Accord', ""new_value"": 'Boston'}"
test,toolace-58::overgeneration,overgeneration,unsupported_history,overgeneration,85,0.2558886509635974,0,"{""style"": ""unsupported_history"", ""reason"": ""claim_absent_from_tool_response""}"
test,toolace-58::missing_tool,missing_tool,flight,missing_tool,37,0.9582392776523702,1,"{""style"": ""flight"", ""reason"": ""required_tool_unavailable""}"
test,toolace-35::tool_contradiction,tool_contradiction,cross_field_value_swap,tool_contradiction,21,0.5457413249211357,0,"{""style"": ""cross_field_value_swap"", ""source_value"": 'project_overview_pptx_string', ""new_value"": 'GetPdfInStorageToPptx'}"
test,toolace-35::overgeneration,overgeneration,unsupported_external_confirmation,overgeneration,71,0.0,0,"{""style"": ""unsupported_external_confirmation"", ""reason"": ""claim_absent_from_tool_response""}"
test,toolace-35::missing_tool,missing_tool,email,missing_tool,53,0.28835978835978837,0,"{""style"": ""email"", ""reason"": ""required_tool_unavailable""}"
test,toolace-151::tool_contradiction,tool_contradiction,cross_field_value_swap,tool_contradiction,6,0.11014492753623188,0,"{""style"": ""cross_field_value_swap"", ""source_value"": 'and', ""new_value"": 'SFGATE'}"
test,toolace-151::overgeneration,overgeneration,unsupported_risk,overgeneration,68,0.05812897366030881,0,"{""style"": ""unsupported_risk"", ""reason"": ""claim_absent_from_tool_response""}"
test,toolace-151::missing_tool,missing_tool,flight,missing_tool,37,0.0,0,"{""style"": ""flight"", ""reason"": ""required_tool_unavailable""}"
test,toolace-148::tool_contradiction,tool_contradiction,number_substitution,tool_contradiction,1,0.0706605222734255,0,"{""style"": ""number_substitution"", ""source_value"": '02', ""new_value"": '1'}"
test,toolace-148::overgeneration,overgeneration,unsupported_recommendation,overgeneration,76,0.8957475994513031,1,"{""style"": ""unsupported_recommendation"", ""reason"": ""claim_absent_from_tool_response""}"
test,toolace-148::missing_tool,missing_tool,hotel,missing_tool,52,0.8085106382978723,0,"{""style"": ""hotel"", ""reason"": ""required_tool_unavailable""}"
test,toolace-119::tool_contradiction,tool_contradiction,entity_substitution,tool_contradiction,6,0.8984375,0,"{""style"": ""entity_substitution"", ""source_value"": 'De', ""new_value"": 'Boston'}"
test,toolace-119::overgeneration,overgeneration,unsupported_user_reaction,overgeneration,73,0.8745704467353952,1,"{""style"": ""unsupported_user_reaction"", ""reason"": ""claim_absent_from_tool_response""}"
test,toolace-119::missing_tool,missing_tool,email,missing_tool,53,0.15302491103202848,0,"{""style"": ""email"", ""reason"": ""required_tool_unavailable""}"
test,toolace-104::tool_contradiction,tool_contradiction,number_substitution,tool_contradiction,4,0.3114754098360656,0,"{""style"": ""number_substitution"", ""source_value"": '2021', ""new_value"": '1718'}"
test,toolace-104::overgeneration,overgeneration,unsupported_trend,overgeneration,60,0.8907103825136612,1,"{""style"": ""unsupported_trend"", ""reason"": ""claim_absent_from_tool_response""}"
test,toolace-104::missing_tool,missing_tool,ride,missing_tool,46,0.13644859813084112,0,"{""style"": ""ride"", ""reason"": ""required_tool_unavailable""}"
test,toolace-105::tool_contradiction,tool_contradiction,entity_substitution,tool_contradiction,7,0.3687150837988827,0,"{""style"": ""entity_substitution"", ""source_value"": 'Profound Innovations', ""new_value"": 'Toronto'}"
test,toolace-105::overgeneration,overgeneration,unsupported_cause,overgeneration,71,0.7310606060606061,1,"{""style"": ""unsupported_cause"", ""reason"": ""claim_absent_from_tool_response""}"
test,toolace-105::missing_tool,missing_tool,cancel,missing_tool,42,0.0,1,"{""style"": ""cancel"", ""reason"": ""required_tool_unavailable""}"
test,toolace-196::tool_contradiction,tool_contradiction,entity_substitution,tool_contradiction,9,0.020348837209302327,0,"{""style"": ""entity_substitution"", ""source_value"": 'Tokyo', ""new_value"": 'Singapore'}"
test,toolace-196::overgeneration,overgeneration,unsupported_risk,overgeneration,68,0.9096945551128818,1,"{""style"": ""unsupported_risk"", ""reason"": ""claim_absent_from_tool_response""}"
test,toolace-196::missing_tool,missing_tool,calendar,missing_tool,49,0.1362397820163488,0,"{""style"": ""calendar"", ""reason"": ""required_tool_unavailable""}"
test,toolace-55::tool_contradiction,tool_contradiction,number_substitution,tool_contradiction,5,0.45114345114345117,0,"{""style"": ""number_substitution"", ""source_value"": '25.3', ""new_value"": '29.09'}"
test,toolace-55::overgeneration,overgeneration,unsupported_cause,overgeneration,71,0.161231884057971,0,"{""style"": ""unsupported_cause"", ""reason"": ""claim_absent_from_tool_response""}"
test,toolace-55::missing_tool,missing_tool,email,missing_tool,53,0.16666666666666666,0,"{""style"": ""email"", ""reason"": ""required_tool_unavailable""}"
test,toolace-118::tool_contradiction,tool_contradiction,number_substitution,tool_contradiction,4,0.13170731707317074,0,"{""style"": ""number_substitution"", ""source_value"": '2020', ""new_value"": '2323'}"
test,toolace-118::overgeneration,overgeneration,unsupported_trend,overgeneration,60,0.17899408284023668,0,"{""style"": ""unsupported_trend"", ""reason"": ""claim_absent_from_tool_response""}"
test,toolace-118::missing_tool,missing_tool,cancel,missing_tool,42,0.9361702127659575,1,"{""style"": ""cancel"", ""reason"": ""required_tool_unavailable""}"
test,toolace-44::tool_contradiction,tool_contradiction,entity_substitution,tool_contradiction,7,0.026101141924959218,0,"{""style"": ""entity_substitution"", ""source_value"": 'Grossing', ""new_value"": 'Chicago'}"
test,toolace-44::overgeneration,overgeneration,unsupported_history,overgeneration,85,0.8785714285714286,1,"{""style"": ""unsupported_history"", ""reason"": ""claim_absent_from_tool_response""}"
test,toolace-44::missing_tool,missing_tool,email,missing_tool,53,0.0,0,"{""style"": ""email"", ""reason"": ""required_tool_unavailable""}"
test,toolace-76::tool_contradiction,tool_contradiction,time_substitution,tool_contradiction,5,0.5551470588235294,0,"{""style"": ""time_substitution"", ""source_value"": '00:00', ""new_value"": '03:00'}"
test,toolace-76::overgeneration,overgeneration,unsupported_user_reaction,overgeneration,73,0.7890173410404624,1,"{""style"": ""unsupported_user_reaction"", ""reason"": ""claim_absent_from_tool_response""}"
test,toolace-76::missing_tool,missing_tool,flight,missing_tool,37,0.8806451612903226,1,"{""style"": ""flight"", ""reason"": ""required_tool_unavailable""}"
test,toolace-121::tool_contradiction,tool_contradiction,fallback_opposite,tool_contradiction,67,0.8299492385786802,1,"{""style"": ""fallback_opposite"", ""fallback"": true}"
test,toolace-121::overgeneration,overgeneration,unsupported_user_reaction,overgeneration,73,0.8175,1,"{""style"": ""unsupported_user_reaction"", ""reason"": ""claim_absent_from_tool_response""}"
test,toolace-121::missing_tool,missing_tool,cancel,missing_tool,42,0.0,0,"{""style"": ""cancel"", ""reason"": ""required_tool_unavailable""}"
test,toolace-9::tool_contradiction,tool_contradiction,cross_field_value_swap,tool_contradiction,16,0.019021739130434784,0,"{""style"": ""cross_field_value_swap"", ""source_value"": 'funnychallenge', ""new_value"": 'Hashtag Info API'}"
test,toolace-9::overgeneration,overgeneration,unsupported_history,overgeneration,85,0.8963414634146342,1,"{""style"": ""unsupported_history"", ""reason"": ""claim_absent_from_tool_response""}"
test,toolace-9::missing_tool,missing_tool,hotel,missing_tool,52,0.9339263024142312,1,"{""style"": ""hotel"", ""reason"": ""required_tool_unavailable""}"
test,toolace-13::tool_contradiction,tool_contradiction,fallback_status,tool_contradiction,84,0.6425531914893617,1,"{""style"": ""fallback_status"", ""fallback"": true}"
test,toolace-13::overgeneration,overgeneration,unsupported_comparison,overgeneration,80,0.0,0,"{""style"": ""unsupported_comparison"", ""reason"": ""claim_absent_from_tool_response""}"
test,toolace-13::missing_tool,missing_tool,email,missing_tool,53,0.7401960784313726,1,"{""style"": ""email"", ""reason"": ""required_tool_unavailable""}"
test,toolace-15::tool_contradiction,tool_contradiction,date_substitution,tool_contradiction,10,0.7647058823529411,0,"{""style"": ""date_substitution"", ""source_value"": '2025-04-05', ""new_value"": '2025-04-08'}"
test,toolace-15::overgeneration,overgeneration,unsupported_history,overgeneration,85,0.5029239766081871,1,"{""style"": ""unsupported_history"", ""reason"": ""claim_absent_from_tool_response""}"
test,toolace-15::missing_tool,missing_tool,cancel,missing_tool,42,0.671875,1,"{""style"": ""cancel"", ""reason"": ""required_tool_unavailable""}"
test,toolace-154::tool_contradiction,tool_contradiction,number_substitution,tool_contradiction,6,0.2893081761006289,0,"{""style"": ""number_substitution"", ""source_value"": '95.0', ""new_value"": '109.25'}"
test,toolace-154::overgeneration,overgeneration,unsupported_cause,overgeneration,71,0.0,0,"{""style"": ""unsupported_cause"", ""reason"": ""claim_absent_from_tool_response""}"
test,toolace-154::missing_tool,missing_tool,cancel,missing_tool,42,0.883008356545961,1,"{""style"": ""cancel"", ""reason"": ""required_tool_unavailable""}"
test,toolace-161::tool_contradiction,tool_contradiction,entity_substitution,tool_contradiction,6,0.44727272727272727,0,"{""style"": ""entity_substitution"", ""source_value"": 'Champion', ""new_value"": 'Sydney'}"
test,toolace-161::overgeneration,overgeneration,unsupported_user_reaction,overgeneration,73,0.28205128205128205,0,"{""style"": ""unsupported_user_reaction"", ""reason"": ""claim_absent_from_tool_response""}"
test,toolace-161::missing_tool,missing_tool,cancel,missing_tool,42,0.86875,1,"{""style"": ""cancel"", ""reason"": ""required_tool_unavailable""}"
test,toolace-90::tool_contradiction,tool_contradiction,number_substitution,tool_contradiction,2,0.8566308243727598,0,"{""style"": ""number_substitution"", ""source_value"": '10', ""new_value"": '12'}"
test,toolace-90::overgeneration,overgeneration,unsupported_history,overgeneration,85,0.005823627287853577,0,"{""style"": ""unsupported_history"", ""reason"": ""claim_absent_from_tool_response""}"
test,toolace-90::missing_tool,missing_tool,email,missing_tool,53,0.0,0,"{""style"": ""email"", ""reason"": ""required_tool_unavailable""}"
test,toolace-103::tool_contradiction,tool_contradiction,fallback_value,tool_contradiction,80,0.0,0,"{""style"": ""fallback_value"", ""fallback"": true}"
test,toolace-103::overgeneration,overgeneration,unsupported_recommendation,overgeneration,76,0.6591928251121076,1,"{""style"": ""unsupported_recommendation"", ""reason"": ""claim_absent_from_tool_response""}"
test,toolace-103::missing_tool,missing_tool,calendar,missing_tool,49,0.75,1,"{""style"": ""calendar"", ""reason"": ""required_tool_unavailable""}"
test,toolace-123::tool_contradiction,tool_contradiction,date_substitution,tool_contradiction,10,0.16129032258064516,0,"{""style"": ""date_substitution"", ""source_value"": '2020-02-12', ""new_value"": '2020-02-15'}"
test,toolace-123::overgeneration,overgeneration,unsupported_forecast,overgeneration,69,0.8780918727915195,1,"{""style"": ""unsupported_forecast"", ""reason"": ""claim_absent_from_tool_response""}"
test,toolace-123::missing_tool,missing_tool,flight,missing_tool,37,0.0,0,"{""style"": ""flight"", ""reason"": ""required_tool_unavailable""}"
test,toolace-67::tool_contradiction,tool_contradiction,entity_substitution,tool_contradiction,7,0.47368421052631576,0,"{""style"": ""entity_substitution"", ""source_value"": 'Main Courses', ""new_value"": 'Chicago'}"
test,toolace-67::overgeneration,overgeneration,unsupported_trend,overgeneration,60,0.765625,1,"{""style"": ""unsupported_trend"", ""reason"": ""claim_absent_from_tool_response""}"
test,toolace-67::missing_tool,missing_tool,calendar,missing_tool,49,0.2857142857142857,0,"{""style"": ""calendar"", ""reason"": ""required_tool_unavailable""}"
