split,id,corruption_type,corruption_style,label_type,span_length,relative_start,inserted_at_end,meta
train,toolace-29::tool_contradiction,tool_contradiction,code_substitution,tool_contradiction,5,0.11515151515151516,0,"{""style"": ""code_substitution"", ""source_value"": 'VFIAX', ""new_value"": 'VFIAY'}"
train,toolace-29::overgeneration,overgeneration,unsupported_risk,overgeneration,68,0.9357884796978282,1,"{""style"": ""unsupported_risk"", ""reason"": ""claim_absent_from_tool_response""}"
train,toolace-29::missing_tool,missing_tool,payment,missing_tool,43,0.0,0,"{""style"": ""payment"", ""reason"": ""required_tool_unavailable""}"
train,toolace-626::tool_contradiction,tool_contradiction,status_or_boolean_flip,tool_contradiction,6,0.310126582278481,0,"{""style"": ""status_or_boolean_flip"", ""source_value"": 'Successful', ""new_value"": 'Failed'}"
train,toolace-626::overgeneration,overgeneration,unsupported_user_reaction,overgeneration,73,0.690677966101695,1,"{""style"": ""unsupported_user_reaction"", ""reason"": ""claim_absent_from_tool_response""}"
train,toolace-626::missing_tool,missing_tool,flight,missing_tool,37,0.0,0,"{""style"": ""flight"", ""reason"": ""required_tool_unavailable""}"
train,toolace-539::tool_contradiction,tool_contradiction,entity_substitution,tool_contradiction,6,0.21794871794871795,0,"{""style"": ""entity_substitution"", ""source_value"": 'Berlin Rocks Summer', ""new_value"": 'Berlin'}"
train,toolace-539::overgeneration,overgeneration,unsupported_cause,overgeneration,71,0.5644171779141104,1,"{""style"": ""unsupported_cause"", ""reason"": ""claim_absent_from_tool_response""}"
train,toolace-539::missing_tool,missing_tool,email,missing_tool,53,0.36551724137931035,0,"{""style"": ""email"", ""reason"": ""required_tool_unavailable""}"
train,toolace-607::tool_contradiction,tool_contradiction,fallback_value,tool_contradiction,80,0.6190476190476191,1,"{""style"": ""fallback_value"", ""fallback"": true}"
train,toolace-607::overgeneration,overgeneration,unsupported_comparison,overgeneration,80,0.6190476190476191,1,"{""style"": ""unsupported_comparison"", ""reason"": ""claim_absent_from_tool_response""}"
train,toolace-607::missing_tool,missing_tool,cancel,missing_tool,42,0.7558139534883721,1,"{""style"": ""cancel"", ""reason"": ""required_tool_unavailable""}"
train,toolace-27::tool_contradiction,tool_contradiction,number_substitution,tool_contradiction,6,0.3487394957983193,0,"{""style"": ""number_substitution"", ""source_value"": '456789', ""new_value"": '388271'}"
train,toolace-27::overgeneration,overgeneration,unsupported_comparison,overgeneration,80,0.2225705329153605,0,"{""style"": ""unsupported_comparison"", ""reason"": ""claim_absent_from_tool_response""}"
train,toolace-27::missing_tool,missing_tool,flight,missing_tool,37,0.8659420289855072,1,"{""style"": ""flight"", ""reason"": ""required_tool_unavailable""}"
train,toolace-53::tool_contradiction,tool_contradiction,number_substitution,tool_contradiction,6,0.46187363834422657,0,"{""style"": ""number_substitution"", ""source_value"": '489.99', ""new_value"": '416.49'}"
train,toolace-53::overgeneration,overgeneration,unsupported_forecast,overgeneration,69,0.930161943319838,1,"{""style"": ""unsupported_forecast"", ""reason"": ""claim_absent_from_tool_response""}"
train,toolace-53::missing_tool,missing_tool,ride,missing_tool,46,0.0,0,"{""style"": ""ride"", ""reason"": ""required_tool_unavailable""}"
train,toolace-451::tool_contradiction,tool_contradiction,number_substitution,tool_contradiction,4,0.4557377049180328,0,"{""style"": ""number_substitution"", ""source_value"": '890', ""new_value"": '1024'}"
train,toolace-451::overgeneration,overgeneration,unsupported_guarantee,overgeneration,76,0.800524934383202,1,"{""style"": ""unsupported_guarantee"", ""reason"": ""claim_absent_from_tool_response""}"
train,toolace-451::missing_tool,missing_tool,calendar,missing_tool,49,0.8615819209039548,1,"{""style"": ""calendar"", ""reason"": ""required_tool_unavailable""}"
train,toolace-306::tool_contradiction,tool_contradiction,number_substitution,tool_contradiction,2,0.25280898876404495,0,"{""style"": ""number_substitution"", ""source_value"": '78', ""new_value"": '90'}"
train,toolace-306::overgeneration,overgeneration,unsupported_history,overgeneration,85,0.0,0,"{""style"": ""unsupported_history"", ""reason"": ""claim_absent_from_tool_response""}"
train,toolace-306::missing_tool,missing_tool,email,missing_tool,53,0.0,0,"{""style"": ""email"", ""reason"": ""required_tool_unavailable""}"
train,toolace-34::tool_contradiction,tool_contradiction,cross_field_value_swap,tool_contradiction,11,0.8883572567783095,0,"{""style"": ""cross_field_value_swap"", ""source_value"": 'and', ""new_value"": 'competition'}"
train,toolace-34::overgeneration,overgeneration,unsupported_guarantee,overgeneration,76,0.8908045977011494,1,"{""style"": ""unsupported_guarantee"", ""reason"": ""claim_absent_from_tool_response""}"
train,toolace-34::missing_tool,missing_tool,ride,missing_tool,46,0.9309309309309309,1,"{""style"": ""ride"", ""reason"": ""required_tool_unavailable""}"
train,toolace-156::tool_contradiction,tool_contradiction,entity_substitution,tool_contradiction,4,0.9644970414201184,0,"{""style"": ""entity_substitution"", ""source_value"": 'Simulated_video_content_without_watermarks', ""new_value"": 'Rome'}"
train,toolace-156::overgeneration,overgeneration,unsupported_trend,overgeneration,60,0.0,0,"{""style"": ""unsupported_trend"", ""reason"": ""claim_absent_from_tool_response""}"
train,toolace-156::missing_tool,missing_tool,email,missing_tool,53,0.0,0,"{""style"": ""email"", ""reason"": ""required_tool_unavailable""}"
train,toolace-466::tool_contradiction,tool_contradiction,date_substitution,tool_contradiction,10,0.09273570324574962,0,"{""style"": ""date_substitution"", ""source_value"": '2023-10-21', ""new_value"": '2023-10-24'}"
train,toolace-466::overgeneration,overgeneration,unsupported_forecast,overgeneration,69,0.0,0,"{""style"": ""unsupported_forecast"", ""reason"": ""claim_absent_from_tool_response""}"
train,toolace-466::missing_tool,missing_tool,email,missing_tool,53,0.0,0,"{""style"": ""email"", ""reason"": ""required_tool_unavailable""}"
train,toolace-165::tool_contradiction,tool_contradiction,fallback_value,tool_contradiction,80,0.5321637426900585,1,"{""style"": ""fallback_value"", ""fallback"": true}"
train,toolace-165::overgeneration,overgeneration,unsupported_forecast,overgeneration,69,0.0,0,"{""style"": ""unsupported_forecast"", ""reason"": ""claim_absent_from_tool_response""}"
train,toolace-165::missing_tool,missing_tool,cancel,missing_tool,42,0.6842105263157895,1,"{""style"": ""cancel"", ""reason"": ""required_tool_unavailable""}"
train,toolace-106::tool_contradiction,tool_contradiction,cross_field_value_swap,tool_contradiction,18,0.08908045977011494,0,"{""style"": ""cross_field_value_swap"", ""source_value"": 'philosophy', ""new_value"": 'Random Philosopher'}"
train,toolace-106::overgeneration,overgeneration,unsupported_user_reaction,overgeneration,73,0.8236714975845411,1,"{""style"": ""unsupported_user_reaction"", ""reason"": ""claim_absent_from_tool_response""}"
train,toolace-106::missing_tool,missing_tool,hotel,missing_tool,52,0.3511450381679389,0,"{""style"": ""hotel"", ""reason"": ""required_tool_unavailable""}"
train,toolace-614::tool_contradiction,tool_contradiction,fallback_opposite,tool_contradiction,67,0.24378109452736318,0,"{""style"": ""fallback_opposite"", ""fallback"": true}"
train,toolace-614::overgeneration,overgeneration,unsupported_risk,overgeneration,68,0.6633663366336634,1,"{""style"": ""unsupported_risk"", ""reason"": ""claim_absent_from_tool_response""}"
train,toolace-614::missing_tool,missing_tool,email,missing_tool,53,0.7165775401069518,1,"{""style"": ""email"", ""reason"": ""required_tool_unavailable""}"
train,toolace-311::tool_contradiction,tool_contradiction,cross_field_value_swap,tool_contradiction,8,0.08798543689320389,0,"{""style"": ""cross_field_value_swap"", ""source_value"": 'book', ""new_value"": 'believes'}"
train,toolace-311::overgeneration,overgeneration,unsupported_cause,overgeneration,71,0.0,0,"{""style"": ""unsupported_cause"", ""reason"": ""claim_absent_from_tool_response""}"
train,toolace-311::missing_tool,missing_tool,hotel,missing_tool,52,0.057159693576900414,0,"{""style"": ""hotel"", ""reason"": ""required_tool_unavailable""}"
train,toolace-265::tool_contradiction,tool_contradiction,number_substitution,tool_contradiction,2,0.2692307692307692,0,"{""style"": ""number_substitution"", ""source_value"": '11', ""new_value"": '13'}"
train,toolace-265::overgeneration,overgeneration,unsupported_comparison,overgeneration,80,0.0,0,"{""style"": ""unsupported_comparison"", ""reason"": ""claim_absent_from_tool_response""}"
train,toolace-265::missing_tool,missing_tool,email,missing_tool,53,0.8647959183673469,1,"{""style"": ""email"", ""reason"": ""required_tool_unavailable""}"
train,toolace-452::tool_contradiction,tool_contradiction,fallback_value,tool_contradiction,80,0.0,0,"{""style"": ""fallback_value"", ""fallback"": true}"
train,toolace-452::overgeneration,overgeneration,unsupported_external_confirmation,overgeneration,71,0.0,0,"{""style"": ""unsupported_external_confirmation"", ""reason"": ""claim_absent_from_tool_response""}"
train,toolace-452::missing_tool,missing_tool,calendar,missing_tool,49,0.0,0,"{""style"": ""calendar"", ""reason"": ""required_tool_unavailable""}"
train,toolace-50::tool_contradiction,tool_contradiction,entity_substitution,tool_contradiction,7,0.5022421524663677,0,"{""style"": ""entity_substitution"", ""source_value"": 'Mountain Hiking', ""new_value"": 'Toronto'}"
train,toolace-50::overgeneration,overgeneration,unsupported_guarantee,overgeneration,76,0.0,1,"{""style"": ""unsupported_guarantee"", ""reason"": ""claim_absent_from_tool_response""}"
train,toolace-50::missing_tool,missing_tool,flight,missing_tool,37,0.0,1,"{""style"": ""flight"", ""reason"": ""required_tool_unavailable""}"
train,toolace-336::tool_contradiction,tool_contradiction,number_substitution,tool_contradiction,5,0.3165137614678899,0,"{""style"": ""number_substitution"", ""source_value"": '12345', ""new_value"": '14197'}"
train,toolace-336::overgeneration,overgeneration,unsupported_forecast,overgeneration,69,0.08149171270718232,0,"{""style"": ""unsupported_forecast"", ""reason"": ""claim_absent_from_tool_response""}"
train,toolace-336::missing_tool,missing_tool,calendar,missing_tool,49,0.08380681818181818,0,"{""style"": ""calendar"", ""reason"": ""required_tool_unavailable""}"
train,toolace-65::tool_contradiction,tool_contradiction,fallback_status,tool_contradiction,84,0.36363636363636365,1,"{""style"": ""fallback_status"", ""fallback"": true}"
train,toolace-65::overgeneration,overgeneration,unsupported_trend,overgeneration,60,0.4444444444444444,1,"{""style"": ""unsupported_trend"", ""reason"": ""claim_absent_from_tool_response""}"
train,toolace-65::missing_tool,missing_tool,cancel,missing_tool,42,0.5333333333333333,1,"{""style"": ""cancel"", ""reason"": ""required_tool_unavailable""}"
train,toolace-681::tool_contradiction,tool_contradiction,entity_substitution,tool_contradiction,5,0.11612903225806452,0,"{""style"": ""entity_substitution"", ""source_value"": 'New York', ""new_value"": 'Paris'}"
train,toolace-681::overgeneration,overgeneration,unsupported_history,overgeneration,85,0.6516393442622951,1,"{""style"": ""unsupported_history"", ""reason"": ""claim_absent_from_tool_response""}"
train,toolace-681::missing_tool,missing_tool,cancel,missing_tool,42,0.4129353233830846,0,"{""style"": ""cancel"", ""reason"": ""required_tool_unavailable""}"
train,toolace-583::tool_contradiction,tool_contradiction,number_substitution,tool_contradiction,2,0.30734966592427615,0,"{""style"": ""number_substitution"", ""source_value"": '25', ""new_value"": '29'}"
train,toolace-583::overgeneration,overgeneration,unsupported_external_confirmation,overgeneration,71,0.28598848368522073,0,"{""style"": ""unsupported_external_confirmation"", ""reason"": ""claim_absent_from_tool_response""}"
train,toolace-583::missing_tool,missing_tool,email,missing_tool,53,0.8946322067594433,1,"{""style"": ""email"", ""reason"": ""required_tool_unavailable""}"
train,toolace-457::tool_contradiction,tool_contradiction,number_substitution,tool_contradiction,4,0.48722627737226276,0,"{""style"": ""number_substitution"", ""source_value"": '1985', ""new_value"": '1687'}"
train,toolace-457::overgeneration,overgeneration,unsupported_guarantee,overgeneration,76,0.8784,1,"{""style"": ""unsupported_guarantee"", ""reason"": ""claim_absent_from_tool_response""}"
train,toolace-457::missing_tool,missing_tool,email,missing_tool,53,0.0,0,"{""style"": ""email"", ""reason"": ""required_tool_unavailable""}"
train,toolace-7::tool_contradiction,tool_contradiction,cross_field_value_swap,tool_contradiction,11,0.8612099644128114,0,"{""style"": ""cross_field_value_swap"", ""source_value"": 'with', ""new_value"": 'suggestions'}"
train,toolace-7::overgeneration,overgeneration,unsupported_cause,overgeneration,71,0.886762360446571,1,"{""style"": ""unsupported_cause"", ""reason"": ""claim_absent_from_tool_response""}"
train,toolace-7::missing_tool,missing_tool,email,missing_tool,53,0.9129720853858785,1,"{""style"": ""email"", ""reason"": ""required_tool_unavailable""}"
train,toolace-758::tool_contradiction,tool_contradiction,fallback_status,tool_contradiction,84,0.0,1,"{""style"": ""fallback_status"", ""fallback"": true}"
train,toolace-758::overgeneration,overgeneration,unsupported_user_reaction,overgeneration,73,0.0,1,"{""style"": ""unsupported_user_reaction"", ""reason"": ""claim_absent_from_tool_response""}"
train,toolace-758::missing_tool,missing_tool,flight,missing_tool,37,0.0,0,"{""style"": ""flight"", ""reason"": ""required_tool_unavailable""}"
train,toolace-624::tool_contradiction,tool_contradiction,fallback_status,tool_contradiction,84,0.4206896551724138,1,"{""style"": ""fallback_status"", ""fallback"": true}"
train,toolace-624::overgeneration,overgeneration,unsupported_history,overgeneration,85,0.4178082191780822,1,"{""style"": ""unsupported_history"", ""reason"": ""claim_absent_from_tool_response""}"
train,toolace-624::missing_tool,missing_tool,calendar,missing_tool,49,0.5545454545454546,1,"{""style"": ""calendar"", ""reason"": ""required_tool_unavailable""}"
train,toolace-446::tool_contradiction,tool_contradiction,entity_substitution,tool_contradiction,6,0.28888888888888886,0,"{""style"": ""entity_substitution"", ""source_value"": 'Morgan Freeman', ""new_value"": 'Madrid'}"
train,toolace-446::overgeneration,overgeneration,unsupported_cause,overgeneration,71,0.8386363636363636,1,"{""style"": ""unsupported_cause"", ""reason"": ""claim_absent_from_tool_response""}"
train,toolace-446::missing_tool,missing_tool,cancel,missing_tool,42,0.8978102189781022,1,"{""style"": ""cancel"", ""reason"": ""required_tool_unavailable""}"
train,toolace-379::tool_contradiction,tool_contradiction,entity_substitution,tool_contradiction,8,0.5893223819301848,0,"{""style"": ""entity_substitution"", ""source_value"": 'Lavender (Lavandula angustifolia', ""new_value"": 'New York'}"
train,toolace-379::overgeneration,overgeneration,unsupported_recommendation,overgeneration,76,0.06402048655569782,0,"{""style"": ""unsupported_recommendation"", ""reason"": ""claim_absent_from_tool_response""}"
train,toolace-379::missing_tool,missing_tool,calendar,missing_tool,49,0.0,0,"{""style"": ""calendar"", ""reason"": ""required_tool_unavailable""}"
train,toolace-717::tool_contradiction,tool_contradiction,fallback_value,tool_contradiction,80,0.6981132075471698,1,"{""style"": ""fallback_value"", ""fallback"": true}"
train,toolace-717::overgeneration,overgeneration,unsupported_forecast,overgeneration,69,0.7283464566929134,1,"{""style"": ""unsupported_forecast"", ""reason"": ""claim_absent_from_tool_response""}"
train,toolace-717::missing_tool,missing_tool,hotel,missing_tool,52,0.7805907172995781,1,"{""style"": ""hotel"", ""reason"": ""required_tool_unavailable""}"
train,toolace-629::tool_contradiction,tool_contradiction,number_substitution,tool_contradiction,4,0.20055710306406685,0,"{""style"": ""number_substitution"", ""source_value"": '2020', ""new_value"": '2323'}"
train,toolace-629::overgeneration,overgeneration,unsupported_risk,overgeneration,68,0.0,0,"{""style"": ""unsupported_risk"", ""reason"": ""claim_absent_from_tool_response""}"
train,toolace-629::missing_tool,missing_tool,cancel,missing_tool,42,0.8955223880597015,1,"{""style"": ""cancel"", ""reason"": ""required_tool_unavailable""}"
train,toolace-169::tool_contradiction,tool_contradiction,cross_field_value_swap,tool_contradiction,10,0.006339144215530904,0,"{""style"": ""cross_field_value_swap"", ""source_value"": 'the', ""new_value"": 'Equanimity'}"
train,toolace-169::overgeneration,overgeneration,unsupported_recommendation,overgeneration,76,0.0,0,"{""style"": ""unsupported_recommendation"", ""reason"": ""claim_absent_from_tool_response""}"
train,toolace-169::missing_tool,missing_tool,calendar,missing_tool,49,0.9624521072796934,1,"{""style"": ""calendar"", ""reason"": ""required_tool_unavailable""}"
train,toolace-343::tool_contradiction,tool_contradiction,cross_field_value_swap,tool_contradiction,11,0.24551971326164876,0,"{""style"": ""cross_field_value_swap"", ""source_value"": 'url', ""new_value"": 'description'}"
train,toolace-343::overgeneration,overgeneration,unsupported_trend,overgeneration,60,0.0,0,"{""style"": ""unsupported_trend"", ""reason"": ""claim_absent_from_tool_response""}"
train,toolace-343::missing_tool,missing_tool,flight,missing_tool,37,0.11054421768707483,0,"{""style"": ""flight"", ""reason"": ""required_tool_unavailable""}"
train,toolace-268::tool_contradiction,tool_contradiction,number_substitution,tool_contradiction,2,0.20307692307692307,0,"{""style"": ""number_substitution"", ""source_value"": '20', ""new_value"": '23'}"
train,toolace-268::overgeneration,overgeneration,unsupported_risk,overgeneration,68,0.9054242002781642,1,"{""style"": ""unsupported_risk"", ""reason"": ""claim_absent_from_tool_response""}"
train,toolace-268::missing_tool,missing_tool,flight,missing_tool,37,0.10610465116279069,0,"{""style"": ""flight"", ""reason"": ""required_tool_unavailable""}"
train,toolace-86::tool_contradiction,tool_contradiction,cross_field_value_swap,tool_contradiction,13,0.02109300095877277,0,"{""style"": ""cross_field_value_swap"", ""source_value"": 'sentiment', ""new_value"": 'Text Analysis'}"
train,toolace-86::overgeneration,overgeneration,unsupported_trend,overgeneration,60,0.0,0,"{""style"": ""unsupported_trend"", ""reason"": ""claim_absent_from_tool_response""}"
train,toolace-86::missing_tool,missing_tool,calendar,missing_tool,49,0.9550045913682277,1,"{""style"": ""calendar"", ""reason"": ""required_tool_unavailable""}"
train,toolace-455::tool_contradiction,tool_contradiction,fallback_status,tool_contradiction,84,0.0,0,"{""style"": ""fallback_status"", ""fallback"": true}"
train,toolace-455::overgeneration,overgeneration,unsupported_guarantee,overgeneration,76,0.0,0,"{""style"": ""unsupported_guarantee"", ""reason"": ""claim_absent_from_tool_response""}"
train,toolace-455::missing_tool,missing_tool,calendar,missing_tool,49,0.9363636363636364,1,"{""style"": ""calendar"", ""reason"": ""required_tool_unavailable""}"
train,toolace-481::tool_contradiction,tool_contradiction,fallback_status,tool_contradiction,84,0.851063829787234,1,"{""style"": ""fallback_status"", ""fallback"": true}"
train,toolace-481::overgeneration,overgeneration,unsupported_history,overgeneration,85,0.8495575221238938,1,"{""style"": ""unsupported_history"", ""reason"": ""claim_absent_from_tool_response""}"
train,toolace-481::missing_tool,missing_tool,cancel,missing_tool,42,0.0,0,"{""style"": ""cancel"", ""reason"": ""required_tool_unavailable""}"
train,toolace-181::tool_contradiction,tool_contradiction,number_substitution,tool_contradiction,2,0.6541436464088398,0,"{""style"": ""number_substitution"", ""source_value"": '20', ""new_value"": '23'}"
train,toolace-181::overgeneration,overgeneration,unsupported_forecast,overgeneration,69,0.0,0,"{""style"": ""unsupported_forecast"", ""reason"": ""claim_absent_from_tool_response""}"
train,toolace-181::missing_tool,missing_tool,flight,missing_tool,37,0.9607635206786851,1,"{""style"": ""flight"", ""reason"": ""required_tool_unavailable""}"
train,toolace-759::tool_contradiction,tool_contradiction,entity_substitution,tool_contradiction,5,0.11764705882352941,0,"{""style"": ""entity_substitution"", ""source_value"": 'Springdale Community Clinic', ""new_value"": 'Tokyo'}"
train,toolace-759::overgeneration,overgeneration,unsupported_forecast,overgeneration,69,0.7366412213740458,1,"{""style"": ""unsupported_forecast"", ""reason"": ""claim_absent_from_tool_response""}"
train,toolace-759::missing_tool,missing_tool,cancel,missing_tool,42,0.0,0,"{""style"": ""cancel"", ""reason"": ""required_tool_unavailable""}"
train,toolace-376::tool_contradiction,tool_contradiction,date_substitution,tool_contradiction,10,0.9195402298850575,0,"{""style"": ""date_substitution"", ""source_value"": '2023-09-18', ""new_value"": '2023-09-21'}"
train,toolace-376::overgeneration,overgeneration,unsupported_guarantee,overgeneration,76,0.7751479289940828,1,"{""style"": ""unsupported_guarantee"", ""reason"": ""claim_absent_from_tool_response""}"
train,toolace-376::missing_tool,missing_tool,hotel,missing_tool,52,0.0,0,"{""style"": ""hotel"", ""reason"": ""required_tool_unavailable""}"
train,toolace-258::tool_contradiction,tool_contradiction,fallback_status,tool_contradiction,84,0.19649122807017544,0,"{""style"": ""fallback_status"", ""fallback"": true}"
train,toolace-258::overgeneration,overgeneration,unsupported_risk,overgeneration,68,0.0,0,"{""style"": ""unsupported_risk"", ""reason"": ""claim_absent_from_tool_response""}"
train,toolace-258::missing_tool,missing_tool,email,missing_tool,53,0.2077922077922078,0,"{""style"": ""email"", ""reason"": ""required_tool_unavailable""}"
train,toolace-462::tool_contradiction,tool_contradiction,fallback_status,tool_contradiction,84,0.0,0,"{""style"": ""fallback_status"", ""fallback"": true}"
train,toolace-462::overgeneration,overgeneration,unsupported_history,overgeneration,85,0.8727544910179641,1,"{""style"": ""unsupported_history"", ""reason"": ""claim_absent_from_tool_response""}"
train,toolace-462::missing_tool,missing_tool,email,missing_tool,53,0.9166666666666666,1,"{""style"": ""email"", ""reason"": ""required_tool_unavailable""}"
train,toolace-501::tool_contradiction,tool_contradiction,negation_substitution,tool_contradiction,9,0.2482758620689655,0,"{""style"": ""negation_substitution"", ""source_value"": 'mixer', ""new_value"": 'not mixer'}"
train,toolace-501::overgeneration,overgeneration,unsupported_guarantee,overgeneration,76,0.0,1,"{""style"": ""unsupported_guarantee"", ""reason"": ""claim_absent_from_tool_response""}"
train,toolace-501::missing_tool,missing_tool,hotel,missing_tool,52,0.7319587628865979,1,"{""style"": ""hotel"", ""reason"": ""required_tool_unavailable""}"
train,toolace-528::tool_contradiction,tool_contradiction,entity_substitution,tool_contradiction,6,0.3242009132420091,0,"{""style"": ""entity_substitution"", ""source_value"": 'Moral', ""new_value"": 'Madrid'}"
train,toolace-528::overgeneration,overgeneration,unsupported_cause,overgeneration,71,0.16896551724137931,0,"{""style"": ""unsupported_cause"", ""reason"": ""claim_absent_from_tool_response""}"
train,toolace-528::missing_tool,missing_tool,flight,missing_tool,37,0.19140625,0,"{""style"": ""flight"", ""reason"": ""required_tool_unavailable""}"
train,toolace-329::tool_contradiction,tool_contradiction,entity_substitution,tool_contradiction,7,0.22285714285714286,0,"{""style"": ""entity_substitution"", ""source_value"": 'United Kingdom', ""new_value"": 'Toronto'}"
train,toolace-329::overgeneration,overgeneration,unsupported_user_reaction,overgeneration,73,0.11832946635730858,0,"{""style"": ""unsupported_user_reaction"", ""reason"": ""claim_absent_from_tool_response""}"
train,toolace-329::missing_tool,missing_tool,flight,missing_tool,37,0.9063291139240506,1,"{""style"": ""flight"", ""reason"": ""required_tool_unavailable""}"
train,toolace-651::tool_contradiction,tool_contradiction,cross_field_value_swap,tool_contradiction,12,0.12449799196787148,0,"{""style"": ""cross_field_value_swap"", ""source_value"": 'drama', ""new_value"": 'performances'}"
train,toolace-651::overgeneration,overgeneration,unsupported_risk,overgeneration,68,0.15357142857142858,0,"{""style"": ""unsupported_risk"", ""reason"": ""claim_absent_from_tool_response""}"
train,toolace-651::missing_tool,missing_tool,email,missing_tool,53,0.9027522935779817,1,"{""style"": ""email"", ""reason"": ""required_tool_unavailable""}"
train,toolace-672::tool_contradiction,tool_contradiction,cross_field_value_swap,tool_contradiction,17,0.1828793774319066,0,"{""style"": ""cross_field_value_swap"", ""source_value"": 'respiration', ""new_value"": 'getMetabolismInfo'}"
train,toolace-672::overgeneration,overgeneration,unsupported_history,overgeneration,85,0.5281899109792285,0,"{""style"": ""unsupported_history"", ""reason"": ""claim_absent_from_tool_response""}"
train,toolace-672::missing_tool,missing_tool,email,missing_tool,53,0.8262295081967214,1,"{""style"": ""email"", ""reason"": ""required_tool_unavailable""}"
train,toolace-55::tool_contradiction,tool_contradiction,number_substitution,tool_contradiction,5,0.45114345114345117,0,"{""style"": ""number_substitution"", ""source_value"": '25.3', ""new_value"": '29.09'}"
train,toolace-55::overgeneration,overgeneration,unsupported_cause,overgeneration,71,0.161231884057971,0,"{""style"": ""unsupported_cause"", ""reason"": ""claim_absent_from_tool_response""}"
train,toolace-55::missing_tool,missing_tool,email,missing_tool,53,0.16666666666666666,0,"{""style"": ""email"", ""reason"": ""required_tool_unavailable""}"
train,toolace-387::tool_contradiction,tool_contradiction,code_substitution,tool_contradiction,5,0.5726210350584308,0,"{""style"": ""code_substitution"", ""source_value"": 'GOOGL', ""new_value"": 'GOOGX'}"
train,toolace-387::overgeneration,overgeneration,unsupported_external_confirmation,overgeneration,71,0.11922503725782414,0,"{""style"": ""unsupported_external_confirmation"", ""reason"": ""claim_absent_from_tool_response""}"
train,toolace-387::missing_tool,missing_tool,cancel,missing_tool,42,0.9345794392523364,1,"{""style"": ""cancel"", ""reason"": ""required_tool_unavailable""}"
train,toolace-738::tool_contradiction,tool_contradiction,entity_substitution,tool_contradiction,5,0.6440677966101694,0,"{""style"": ""entity_substitution"", ""source_value"": 'You', ""new_value"": 'Paris'}"
train,toolace-738::overgeneration,overgeneration,unsupported_cause,overgeneration,71,0.0,0,"{""style"": ""unsupported_cause"", ""reason"": ""claim_absent_from_tool_response""}"
train,toolace-738::missing_tool,missing_tool,flight,missing_tool,37,0.3380281690140845,0,"{""style"": ""flight"", ""reason"": ""required_tool_unavailable""}"
train,toolace-19::tool_contradiction,tool_contradiction,cross_field_value_swap,tool_contradiction,17,0.48633879781420764,0,"{""style"": ""cross_field_value_swap"", ""source_value"": 'email domain is suspicious and commonly used for spamming', ""new_value"": '/email/valistring'}"
train,toolace-19::overgeneration,overgeneration,unsupported_external_confirmation,overgeneration,71,0.19322033898305085,0,"{""style"": ""unsupported_external_confirmation"", ""reason"": ""claim_absent_from_tool_response""}"
train,toolace-19::missing_tool,missing_tool,hotel,missing_tool,52,0.0,0,"{""style"": ""hotel"", ""reason"": ""required_tool_unavailable""}"
train,toolace-38::tool_contradiction,tool_contradiction,number_substitution,tool_contradiction,5,0.34624697336561744,0,"{""style"": ""number_substitution"", ""source_value"": '21.6', ""new_value"": '18.36'}"
train,toolace-38::overgeneration,overgeneration,unsupported_trend,overgeneration,60,0.8731501057082452,1,"{""style"": ""unsupported_trend"", ""reason"": ""claim_absent_from_tool_response""}"
train,toolace-38::missing_tool,missing_tool,email,missing_tool,53,0.0,0,"{""style"": ""email"", ""reason"": ""required_tool_unavailable""}"
train,toolace-674::tool_contradiction,tool_contradiction,fallback_status,tool_contradiction,84,0.0,1,"{""style"": ""fallback_status"", ""fallback"": true}"
train,toolace-674::overgeneration,overgeneration,unsupported_comparison,overgeneration,80,0.0,1,"{""style"": ""unsupported_comparison"", ""reason"": ""claim_absent_from_tool_response""}"
train,toolace-674::missing_tool,missing_tool,flight,missing_tool,37,0.0,1,"{""style"": ""flight"", ""reason"": ""required_tool_unavailable""}"
train,toolace-702::tool_contradiction,tool_contradiction,number_substitution,tool_contradiction,6,0.776595744680851,0,"{""style"": ""number_substitution"", ""source_value"": '118.24', ""new_value"": '135.98'}"
train,toolace-702::overgeneration,overgeneration,unsupported_cause,overgeneration,71,0.572289156626506,1,"{""style"": ""unsupported_cause"", ""reason"": ""claim_absent_from_tool_response""}"
train,toolace-702::missing_tool,missing_tool,calendar,missing_tool,49,0.0,0,"{""style"": ""calendar"", ""reason"": ""required_tool_unavailable""}"
train,toolace-575::tool_contradiction,tool_contradiction,cross_field_value_swap,tool_contradiction,11,0.42857142857142855,0,"{""style"": ""cross_field_value_swap"", ""source_value"": 'card', ""new_value"": 'suggestions'}"
train,toolace-575::overgeneration,overgeneration,unsupported_comparison,overgeneration,80,0.8308668076109936,1,"{""style"": ""unsupported_comparison"", ""reason"": ""claim_absent_from_tool_response""}"
train,toolace-575::missing_tool,missing_tool,cancel,missing_tool,42,0.0,0,"{""style"": ""cancel"", ""reason"": ""required_tool_unavailable""}"
train,toolace-489::tool_contradiction,tool_contradiction,fallback_value,tool_contradiction,80,0.0,1,"{""style"": ""fallback_value"", ""fallback"": true}"
train,toolace-489::overgeneration,overgeneration,unsupported_forecast,overgeneration,69,0.7526881720430108,1,"{""style"": ""unsupported_forecast"", ""reason"": ""claim_absent_from_tool_response""}"
train,toolace-489::missing_tool,missing_tool,calendar,missing_tool,49,0.0,1,"{""style"": ""calendar"", ""reason"": ""required_tool_unavailable""}"
train,toolace-439::tool_contradiction,tool_contradiction,number_substitution,tool_contradiction,4,0.3203125,0,"{""style"": ""number_substitution"", ""source_value"": '2023', ""new_value"": '2326'}"
train,toolace-439::overgeneration,overgeneration,unsupported_recommendation,overgeneration,76,0.7717717717717718,1,"{""style"": ""unsupported_recommendation"", ""reason"": ""claim_absent_from_tool_response""}"
train,toolace-439::missing_tool,missing_tool,email,missing_tool,53,0.0,1,"{""style"": ""email"", ""reason"": ""required_tool_unavailable""}"
train,toolace-736::tool_contradiction,tool_contradiction,fallback_opposite,tool_contradiction,67,0.0,0,"{""style"": ""fallback_opposite"", ""fallback"": true}"
train,toolace-736::overgeneration,overgeneration,unsupported_user_reaction,overgeneration,73,0.3887240356083086,0,"{""style"": ""unsupported_user_reaction"", ""reason"": ""claim_absent_from_tool_response""}"
train,toolace-736::missing_tool,missing_tool,calendar,missing_tool,49,0.0,0,"{""style"": ""calendar"", ""reason"": ""required_tool_unavailable""}"
train,toolace-547::tool_contradiction,tool_contradiction,fallback_value,tool_contradiction,80,0.5580110497237569,1,"{""style"": ""fallback_value"", ""fallback"": true}"
train,toolace-547::overgeneration,overgeneration,unsupported_comparison,overgeneration,80,0.5580110497237569,1,"{""style"": ""unsupported_comparison"", ""reason"": ""claim_absent_from_tool_response""}"
train,toolace-547::missing_tool,missing_tool,cancel,missing_tool,42,0.7062937062937062,1,"{""style"": ""cancel"", ""reason"": ""required_tool_unavailable""}"
train,toolace-640::tool_contradiction,tool_contradiction,entity_substitution,tool_contradiction,6,0.14583333333333334,0,"{""style"": ""entity_substitution"", ""source_value"": 'CNN', ""new_value"": 'BOSTON'}"
train,toolace-640::overgeneration,overgeneration,unsupported_history,overgeneration,85,0.6909090909090909,1,"{""style"": ""unsupported_history"", ""reason"": ""claim_absent_from_tool_response""}"
train,toolace-640::missing_tool,missing_tool,email,missing_tool,53,0.7818930041152263,1,"{""style"": ""email"", ""reason"": ""required_tool_unavailable""}"
train,toolace-12::tool_contradiction,tool_contradiction,number_substitution,tool_contradiction,3,0.3432203389830508,0,"{""style"": ""number_substitution"", ""source_value"": '350', ""new_value"": '402'}"
train,toolace-12::overgeneration,overgeneration,unsupported_cause,overgeneration,71,0.908974358974359,1,"{""style"": ""unsupported_cause"", ""reason"": ""claim_absent_from_tool_response""}"
train,toolace-12::missing_tool,missing_tool,flight,missing_tool,37,0.1032171581769437,0,"{""style"": ""flight"", ""reason"": ""required_tool_unavailable""}"
train,toolace-260::tool_contradiction,tool_contradiction,date_substitution,tool_contradiction,10,0.660056657223796,0,"{""style"": ""date_substitution"", ""source_value"": '2024-10-20', ""new_value"": '2024-10-23'}"
train,toolace-260::overgeneration,overgeneration,unsupported_guarantee,overgeneration,76,0.9330985915492958,1,"{""style"": ""unsupported_guarantee"", ""reason"": ""claim_absent_from_tool_response""}"
train,toolace-260::missing_tool,missing_tool,calendar,missing_tool,49,0.4508566275924256,0,"{""style"": ""calendar"", ""reason"": ""required_tool_unavailable""}"
train,toolace-502::tool_contradiction,tool_contradiction,cross_field_value_swap,tool_contradiction,15,0.6509433962264151,0,"{""style"": ""cross_field_value_swap"", ""source_value"": 'responsibilities', ""new_value"": 'feedbackMessage'}"
train,toolace-502::overgeneration,overgeneration,unsupported_external_confirmation,overgeneration,71,0.5754475703324808,0,"{""style"": ""unsupported_external_confirmation"", ""reason"": ""claim_absent_from_tool_response""}"
train,toolace-502::missing_tool,missing_tool,flight,missing_tool,37,0.896358543417367,1,"{""style"": ""flight"", ""reason"": ""required_tool_unavailable""}"
train,toolace-130::tool_contradiction,tool_contradiction,cross_field_value_swap,tool_contradiction,10,0.009242144177449169,0,"{""style"": ""cross_field_value_swap"", ""source_value"": 'ar', ""new_value"": 'La Brigada'}"
train,toolace-130::overgeneration,overgeneration,unsupported_comparison,overgeneration,80,0.09771986970684039,0,"{""style"": ""unsupported_comparison"", ""reason"": ""claim_absent_from_tool_response""}"
train,toolace-130::missing_tool,missing_tool,email,missing_tool,53,0.10221465076660988,0,"{""style"": ""email"", ""reason"": ""required_tool_unavailable""}"
train,toolace-36::tool_contradiction,tool_contradiction,number_substitution,tool_contradiction,6,0.34310850439882695,0,"{""style"": ""number_substitution"", ""source_value"": '94101', ""new_value"": '108216'}"
train,toolace-36::overgeneration,overgeneration,unsupported_user_reaction,overgeneration,73,0.0,0,"{""style"": ""unsupported_user_reaction"", ""reason"": ""claim_absent_from_tool_response""}"
train,toolace-36::missing_tool,missing_tool,calendar,missing_tool,49,0.1358974358974359,0,"{""style"": ""calendar"", ""reason"": ""required_tool_unavailable""}"
train,toolace-667::tool_contradiction,tool_contradiction,cross_field_value_swap,tool_contradiction,13,0.5176470588235295,0,"{""style"": ""cross_field_value_swap"", ""source_value"": 'case456', ""new_value"": 'environmental'}"
train,toolace-667::overgeneration,overgeneration,unsupported_recommendation,overgeneration,76,0.0,0,"{""style"": ""unsupported_recommendation"", ""reason"": ""claim_absent_from_tool_response""}"
train,toolace-667::missing_tool,missing_tool,cancel,missing_tool,42,0.6557377049180327,1,"{""style"": ""cancel"", ""reason"": ""required_tool_unavailable""}"
train,toolace-11::tool_contradiction,tool_contradiction,number_substitution,tool_contradiction,4,0.24149956408020923,0,"{""style"": ""number_substitution"", ""source_value"": '2025', ""new_value"": '2329'}"
train,toolace-11::overgeneration,overgeneration,unsupported_history,overgeneration,85,0.0681265206812652,0,"{""style"": ""unsupported_history"", ""reason"": ""claim_absent_from_tool_response""}"
train,toolace-11::missing_tool,missing_tool,email,missing_tool,53,0.9558701082431307,1,"{""style"": ""email"", ""reason"": ""required_tool_unavailable""}"
train,toolace-337::tool_contradiction,tool_contradiction,number_substitution,tool_contradiction,4,0.1876484560570071,0,"{""style"": ""number_substitution"", ""source_value"": '2024', ""new_value"": '1720'}"
train,toolace-337::overgeneration,overgeneration,unsupported_external_confirmation,overgeneration,71,0.13184584178498987,0,"{""style"": ""unsupported_external_confirmation"", ""reason"": ""claim_absent_from_tool_response""}"
train,toolace-337::missing_tool,missing_tool,email,missing_tool,53,0.1368421052631579,0,"{""style"": ""email"", ""reason"": ""required_tool_unavailable""}"
train,toolace-44::tool_contradiction,tool_contradiction,entity_substitution,tool_contradiction,7,0.026101141924959218,0,"{""style"": ""entity_substitution"", ""source_value"": 'Grossing', ""new_value"": 'Chicago'}"
train,toolace-44::overgeneration,overgeneration,unsupported_history,overgeneration,85,0.8785714285714286,1,"{""style"": ""unsupported_history"", ""reason"": ""claim_absent_from_tool_response""}"
train,toolace-44::missing_tool,missing_tool,email,missing_tool,53,0.0,0,"{""style"": ""email"", ""reason"": ""required_tool_unavailable""}"
train,toolace-533::tool_contradiction,tool_contradiction,number_substitution,tool_contradiction,4,0.3076923076923077,0,"{""style"": ""number_substitution"", ""source_value"": '2021', ""new_value"": '1718'}"
train,toolace-533::overgeneration,overgeneration,unsupported_history,overgeneration,85,0.4199288256227758,0,"{""style"": ""unsupported_history"", ""reason"": ""claim_absent_from_tool_response""}"
train,toolace-533::missing_tool,missing_tool,email,missing_tool,53,0.7871485943775101,1,"{""style"": ""email"", ""reason"": ""required_tool_unavailable""}"
train,toolace-427::tool_contradiction,tool_contradiction,date_substitution,tool_contradiction,10,0.2702278083267871,0,"{""style"": ""date_substitution"", ""source_value"": '2024-09-22', ""new_value"": '2024-09-25'}"
train,toolace-427::overgeneration,overgeneration,unsupported_risk,overgeneration,68,0.6937406855439643,0,"{""style"": ""unsupported_risk"", ""reason"": ""claim_absent_from_tool_response""}"
train,toolace-427::missing_tool,missing_tool,cancel,missing_tool,42,0.9680851063829787,1,"{""style"": ""cancel"", ""reason"": ""required_tool_unavailable""}"
train,toolace-584::tool_contradiction,tool_contradiction,entity_substitution,tool_contradiction,9,0.004694835680751174,0,"{""style"": ""entity_substitution"", ""source_value"": 'The Social Network', ""new_value"": 'Singapore'}"
train,toolace-584::overgeneration,overgeneration,unsupported_recommendation,overgeneration,76,0.4916387959866221,0,"{""style"": ""unsupported_recommendation"", ""reason"": ""claim_absent_from_tool_response""}"
train,toolace-584::missing_tool,missing_tool,email,missing_tool,53,0.532608695652174,0,"{""style"": ""email"", ""reason"": ""required_tool_unavailable""}"
train,toolace-664::tool_contradiction,tool_contradiction,cross_field_value_swap,tool_contradiction,22,0.18947368421052632,0,"{""style"": ""cross_field_value_swap"", ""source_value"": 'temperature', ""new_value"": 'Check humidity sensors'}"
train,toolace-664::overgeneration,overgeneration,unsupported_guarantee,overgeneration,76,0.48654708520179374,0,"{""style"": ""unsupported_guarantee"", ""reason"": ""claim_absent_from_tool_response""}"
train,toolace-664::missing_tool,missing_tool,cancel,missing_tool,42,0.0,0,"{""style"": ""cancel"", ""reason"": ""required_tool_unavailable""}"
train,toolace-28::tool_contradiction,tool_contradiction,number_substitution,tool_contradiction,2,0.20972222222222223,0,"{""style"": ""number_substitution"", ""source_value"": '20', ""new_value"": '23'}"
train,toolace-28::overgeneration,overgeneration,unsupported_comparison,overgeneration,80,0.9001248439450686,1,"{""style"": ""unsupported_comparison"", ""reason"": ""claim_absent_from_tool_response""}"
train,toolace-28::missing_tool,missing_tool,email,missing_tool,53,0.0,0,"{""style"": ""email"", ""reason"": ""required_tool_unavailable""}"
train,toolace-193::tool_contradiction,tool_contradiction,cross_field_value_swap,tool_contradiction,11,0.4808823529411765,0,"{""style"": ""cross_field_value_swap"", ""source_value"": 'for', ""new_value"": 'US_FOOT_001'}"
train,toolace-193::overgeneration,overgeneration,unsupported_user_reaction,overgeneration,73,0.0,0,"{""style"": ""unsupported_user_reaction"", ""reason"": ""claim_absent_from_tool_response""}"
train,toolace-193::missing_tool,missing_tool,calendar,missing_tool,49,0.0,0,"{""style"": ""calendar"", ""reason"": ""required_tool_unavailable""}"
train,toolace-456::tool_contradiction,tool_contradiction,number_substitution,tool_contradiction,4,0.2159383033419023,0,"{""style"": ""number_substitution"", ""source_value"": '2025', ""new_value"": '2329'}"
train,toolace-456::overgeneration,overgeneration,unsupported_user_reaction,overgeneration,73,0.20950323974082075,0,"{""style"": ""unsupported_user_reaction"", ""reason"": ""claim_absent_from_tool_response""}"
train,toolace-456::missing_tool,missing_tool,calendar,missing_tool,49,0.22095671981776766,0,"{""style"": ""calendar"", ""reason"": ""required_tool_unavailable""}"
train,toolace-382::tool_contradiction,tool_contradiction,fallback_value,tool_contradiction,80,0.09293193717277487,0,"{""style"": ""fallback_value"", ""fallback"": true}"
train,toolace-382::overgeneration,overgeneration,unsupported_cause,overgeneration,71,0.9059602649006623,1,"{""style"": ""unsupported_cause"", ""reason"": ""claim_absent_from_tool_response""}"
train,toolace-382::missing_tool,missing_tool,email,missing_tool,53,0.9280868385345997,1,"{""style"": ""email"", ""reason"": ""required_tool_unavailable""}"
train,toolace-778::tool_contradiction,tool_contradiction,fallback_opposite,tool_contradiction,67,0.22433460076045628,0,"{""style"": ""fallback_opposite"", ""fallback"": true}"
train,toolace-778::overgeneration,overgeneration,unsupported_guarantee,overgeneration,76,0.0,0,"{""style"": ""unsupported_guarantee"", ""reason"": ""claim_absent_from_tool_response""}"
train,toolace-778::missing_tool,missing_tool,flight,missing_tool,37,0.8412017167381974,1,"{""style"": ""flight"", ""reason"": ""required_tool_unavailable""}"
train,toolace-244::tool_contradiction,tool_contradiction,number_substitution,tool_contradiction,4,0.59375,0,"{""style"": ""number_substitution"", ""source_value"": '2023', ""new_value"": '2326'}"
train,toolace-244::overgeneration,overgeneration,unsupported_cause,overgeneration,71,0.47794117647058826,1,"{""style"": ""unsupported_cause"", ""reason"": ""claim_absent_from_tool_response""}"
train,toolace-244::missing_tool,missing_tool,cancel,missing_tool,42,0.6074766355140186,1,"{""style"": ""cancel"", ""reason"": ""required_tool_unavailable""}"
train,toolace-83::tool_contradiction,tool_contradiction,number_substitution,tool_contradiction,4,0.375,0,"{""style"": ""number_substitution"", ""source_value"": '1234', ""new_value"": '1049'}"
train,toolace-83::overgeneration,overgeneration,unsupported_user_reaction,overgeneration,73,0.6651376146788991,1,"{""style"": ""unsupported_user_reaction"", ""reason"": ""claim_absent_from_tool_response""}"
train,toolace-83::missing_tool,missing_tool,flight,missing_tool,37,0.7967032967032966,1,"{""style"": ""flight"", ""reason"": ""required_tool_unavailable""}"
train,toolace-374::tool_contradiction,tool_contradiction,number_substitution,tool_contradiction,4,0.1954674220963173,0,"{""style"": ""number_substitution"", ""source_value"": '2024', ""new_value"": '1720'}"
train,toolace-374::overgeneration,overgeneration,unsupported_trend,overgeneration,60,0.855072463768116,1,"{""style"": ""unsupported_trend"", ""reason"": ""claim_absent_from_tool_response""}"
train,toolace-374::missing_tool,missing_tool,calendar,missing_tool,49,0.2977667493796526,0,"{""style"": ""calendar"", ""reason"": ""required_tool_unavailable""}"
train,toolace-302::tool_contradiction,tool_contradiction,cross_field_value_swap,tool_contradiction,11,0.28523489932885904,0,"{""style"": ""cross_field_value_swap"", ""source_value"": 'for', ""new_value"": 'description'}"
train,toolace-302::overgeneration,overgeneration,unsupported_forecast,overgeneration,69,0.8083333333333333,1,"{""style"": ""unsupported_forecast"", ""reason"": ""claim_absent_from_tool_response""}"
train,toolace-302::missing_tool,missing_tool,flight,missing_tool,37,0.8871951219512195,1,"{""style"": ""flight"", ""reason"": ""required_tool_unavailable""}"
train,toolace-740::tool_contradiction,tool_contradiction,fallback_value,tool_contradiction,80,0.5628415300546448,1,"{""style"": ""fallback_value"", ""fallback"": true}"
train,toolace-740::overgeneration,overgeneration,unsupported_risk,overgeneration,68,0.6023391812865497,1,"{""style"": ""unsupported_risk"", ""reason"": ""claim_absent_from_tool_response""}"
train,toolace-740::missing_tool,missing_tool,flight,missing_tool,37,0.7357142857142858,1,"{""style"": ""flight"", ""reason"": ""required_tool_unavailable""}"
train,toolace-659::tool_contradiction,tool_contradiction,fallback_value,tool_contradiction,80,0.0,0,"{""style"": ""fallback_value"", ""fallback"": true}"
train,toolace-659::overgeneration,overgeneration,unsupported_guarantee,overgeneration,76,0.0,0,"{""style"": ""unsupported_guarantee"", ""reason"": ""claim_absent_from_tool_response""}"
train,toolace-659::missing_tool,missing_tool,flight,missing_tool,37,0.24871355060034306,0,"{""style"": ""flight"", ""reason"": ""required_tool_unavailable""}"
train,toolace-320::tool_contradiction,tool_contradiction,code_substitution,tool_contradiction,4,0.01279317697228145,0,"{""style"": ""code_substitution"", ""source_value"": 'TEST', ""new_value"": 'TESX'}"
train,toolace-320::overgeneration,overgeneration,unsupported_forecast,overgeneration,69,0.0,0,"{""style"": ""unsupported_forecast"", ""reason"": ""claim_absent_from_tool_response""}"
train,toolace-320::missing_tool,missing_tool,payment,missing_tool,43,0.9161793372319688,1,"{""style"": ""payment"", ""reason"": ""required_tool_unavailable""}"
train,toolace-683::tool_contradiction,tool_contradiction,cross_field_value_swap,tool_contradiction,10,0.9037900874635568,0,"{""style"": ""cross_field_value_swap"", ""source_value"": 'sentiment', ""new_value"": 'confidence'}"
train,toolace-683::overgeneration,overgeneration,unsupported_guarantee,overgeneration,76,0.0,0,"{""style"": ""unsupported_guarantee"", ""reason"": ""claim_absent_from_tool_response""}"
train,toolace-683::missing_tool,missing_tool,flight,missing_tool,37,0.9026315789473685,1,"{""style"": ""flight"", ""reason"": ""required_tool_unavailable""}"
train,toolace-233::tool_contradiction,tool_contradiction,entity_substitution,tool_contradiction,6,0.6952380952380952,0,"{""style"": ""entity_substitution"", ""source_value"": 'Crypto', ""new_value"": 'Berlin'}"
train,toolace-233::overgeneration,overgeneration,unsupported_forecast,overgeneration,69,0.9014285714285715,1,"{""style"": ""unsupported_forecast"", ""reason"": ""claim_absent_from_tool_response""}"
train,toolace-233::missing_tool,missing_tool,email,missing_tool,53,0.17105263157894737,0,"{""style"": ""email"", ""reason"": ""required_tool_unavailable""}"
train,toolace-178::tool_contradiction,tool_contradiction,fallback_opposite,tool_contradiction,67,0.8222811671087533,1,"{""style"": ""fallback_opposite"", ""fallback"": true}"
train,toolace-178::overgeneration,overgeneration,unsupported_external_confirmation,overgeneration,71,0.8136482939632546,1,"{""style"": ""unsupported_external_confirmation"", ""reason"": ""claim_absent_from_tool_response""}"
train,toolace-178::missing_tool,missing_tool,hotel,missing_tool,52,0.0,0,"{""style"": ""hotel"", ""reason"": ""required_tool_unavailable""}"
train,toolace-105::tool_contradiction,tool_contradiction,entity_substitution,tool_contradiction,7,0.3687150837988827,0,"{""style"": ""entity_substitution"", ""source_value"": 'Profound Innovations', ""new_value"": 'Toronto'}"
train,toolace-105::overgeneration,overgeneration,unsupported_cause,overgeneration,71,0.7310606060606061,1,"{""style"": ""unsupported_cause"", ""reason"": ""claim_absent_from_tool_response""}"
train,toolace-105::missing_tool,missing_tool,cancel,missing_tool,42,0.0,1,"{""style"": ""cancel"", ""reason"": ""required_tool_unavailable""}"
train,toolace-764::tool_contradiction,tool_contradiction,cross_field_value_swap,tool_contradiction,15,0.44,0,"{""style"": ""cross_field_value_swap"", ""source_value"": 'processData', ""new_value"": 'dependencyGraph'}"
train,toolace-764::overgeneration,overgeneration,unsupported_guarantee,overgeneration,76,0.0,0,"{""style"": ""unsupported_guarantee"", ""reason"": ""claim_absent_from_tool_response""}"
train,toolace-764::missing_tool,missing_tool,cancel,missing_tool,42,0.7777777777777778,1,"{""style"": ""cancel"", ""reason"": ""required_tool_unavailable""}"
train,toolace-123::tool_contradiction,tool_contradiction,date_substitution,tool_contradiction,10,0.16129032258064516,0,"{""style"": ""date_substitution"", ""source_value"": '2020-02-12', ""new_value"": '2020-02-15'}"
train,toolace-123::overgeneration,overgeneration,unsupported_forecast,overgeneration,69,0.8780918727915195,1,"{""style"": ""unsupported_forecast"", ""reason"": ""claim_absent_from_tool_response""}"
train,toolace-123::missing_tool,missing_tool,flight,missing_tool,37,0.0,0,"{""style"": ""flight"", ""reason"": ""required_tool_unavailable""}"
train,toolace-771::tool_contradiction,tool_contradiction,number_substitution,tool_contradiction,7,0.20098039215686275,0,"{""style"": ""number_substitution"", ""source_value"": '3845.63', ""new_value"": '4422.47'}"
train,toolace-771::overgeneration,overgeneration,unsupported_cause,overgeneration,71,0.7427536231884058,1,"{""style"": ""unsupported_cause"", ""reason"": ""claim_absent_from_tool_response""}"
train,toolace-771::missing_tool,missing_tool,email,missing_tool,53,0.7945736434108527,1,"{""style"": ""email"", ""reason"": ""required_tool_unavailable""}"
train,toolace-362::tool_contradiction,tool_contradiction,number_substitution,tool_contradiction,10,0.18238341968911917,0,"{""style"": ""number_substitution"", ""source_value"": '1234567890', ""new_value"": '1049382706'}"
train,toolace-362::overgeneration,overgeneration,unsupported_external_confirmation,overgeneration,71,0.0,0,"{""style"": ""unsupported_external_confirmation"", ""reason"": ""claim_absent_from_tool_response""}"
train,toolace-362::missing_tool,missing_tool,cancel,missing_tool,42,0.9583333333333334,1,"{""style"": ""cancel"", ""reason"": ""required_tool_unavailable""}"
train,toolace-404::tool_contradiction,tool_contradiction,code_substitution,tool_contradiction,5,0.15393258426966291,0,"{""style"": ""code_substitution"", ""source_value"": 'BU123', ""new_value"": 'BU12X'}"
train,toolace-404::overgeneration,overgeneration,unsupported_external_confirmation,overgeneration,71,0.9261954261954262,1,"{""style"": ""unsupported_external_confirmation"", ""reason"": ""claim_absent_from_tool_response""}"
train,toolace-404::missing_tool,missing_tool,flight,missing_tool,37,0.9601293103448276,1,"{""style"": ""flight"", ""reason"": ""required_tool_unavailable""}"
train,toolace-569::tool_contradiction,tool_contradiction,entity_substitution,tool_contradiction,6,0.5252525252525253,0,"{""style"": ""entity_substitution"", ""source_value"": 'Heat', ""new_value"": 'London'}"
train,toolace-569::overgeneration,overgeneration,unsupported_guarantee,overgeneration,76,0.0,1,"{""style"": ""unsupported_guarantee"", ""reason"": ""claim_absent_from_tool_response""}"
train,toolace-569::missing_tool,missing_tool,flight,missing_tool,37,0.8418803418803419,1,"{""style"": ""flight"", ""reason"": ""required_tool_unavailable""}"
train,toolace-255::tool_contradiction,tool_contradiction,number_substitution,tool_contradiction,4,0.42857142857142855,0,"{""style"": ""number_substitution"", ""source_value"": '2018', ""new_value"": '2321'}"
train,toolace-255::overgeneration,overgeneration,unsupported_comparison,overgeneration,80,0.18155619596541786,0,"{""style"": ""unsupported_comparison"", ""reason"": ""claim_absent_from_tool_response""}"
train,toolace-255::missing_tool,missing_tool,cancel,missing_tool,42,0.0,0,"{""style"": ""cancel"", ""reason"": ""required_tool_unavailable""}"
train,toolace-791::tool_contradiction,tool_contradiction,fallback_status,tool_contradiction,84,0.5280898876404494,1,"{""style"": ""fallback_status"", ""fallback"": true}"
train,toolace-791::overgeneration,overgeneration,unsupported_cause,overgeneration,71,0.0,1,"{""style"": ""unsupported_cause"", ""reason"": ""claim_absent_from_tool_response""}"
train,toolace-791::missing_tool,missing_tool,cancel,missing_tool,42,0.6911764705882353,1,"{""style"": ""cancel"", ""reason"": ""required_tool_unavailable""}"
train,toolace-42::tool_contradiction,tool_contradiction,entity_substitution,tool_contradiction,7,0.41012216404886565,0,"{""style"": ""entity_substitution"", ""source_value"": 'ALL', ""new_value"": 'TORONTO'}"
train,toolace-42::overgeneration,overgeneration,unsupported_trend,overgeneration,60,0.09808811305070657,0,"{""style"": ""unsupported_trend"", ""reason"": ""claim_absent_from_tool_response""}"
train,toolace-42::missing_tool,missing_tool,cancel,missing_tool,42,0.0,0,"{""style"": ""cancel"", ""reason"": ""required_tool_unavailable""}"
train,toolace-576::tool_contradiction,tool_contradiction,fallback_status,tool_contradiction,84,0.0,0,"{""style"": ""fallback_status"", ""fallback"": true}"
train,toolace-576::overgeneration,overgeneration,unsupported_cause,overgeneration,71,0.0,0,"{""style"": ""unsupported_cause"", ""reason"": ""claim_absent_from_tool_response""}"
train,toolace-576::missing_tool,missing_tool,calendar,missing_tool,49,0.6993865030674846,1,"{""style"": ""calendar"", ""reason"": ""required_tool_unavailable""}"
train,toolace-603::tool_contradiction,tool_contradiction,fallback_status,tool_contradiction,84,0.4782608695652174,1,"{""style"": ""fallback_status"", ""fallback"": true}"
train,toolace-603::overgeneration,overgeneration,unsupported_guarantee,overgeneration,76,0.5032679738562091,1,"{""style"": ""unsupported_guarantee"", ""reason"": ""claim_absent_from_tool_response""}"
train,toolace-603::missing_tool,missing_tool,flight,missing_tool,37,0.0,1,"{""style"": ""flight"", ""reason"": ""required_tool_unavailable""}"
train,toolace-453::tool_contradiction,tool_contradiction,cross_field_value_swap,tool_contradiction,13,0.09523809523809523,0,"{""style"": ""cross_field_value_swap"", ""source_value"": 'description', ""new_value"": 'Slice of Life'}"
train,toolace-453::overgeneration,overgeneration,unsupported_history,overgeneration,85,0.0,0,"{""style"": ""unsupported_history"", ""reason"": ""claim_absent_from_tool_response""}"
train,toolace-453::missing_tool,missing_tool,calendar,missing_tool,49,0.9577950043066322,1,"{""style"": ""calendar"", ""reason"": ""required_tool_unavailable""}"
train,toolace-774::tool_contradiction,tool_contradiction,entity_substitution,tool_contradiction,7,0.9251968503937008,0,"{""style"": ""entity_substitution"", ""source_value"": 'Robotics Software Developer', ""new_value"": 'Toronto'}"
train,toolace-774::overgeneration,overgeneration,unsupported_recommendation,overgeneration,76,0.0,0,"{""style"": ""unsupported_recommendation"", ""reason"": ""claim_absent_from_tool_response""}"
train,toolace-774::missing_tool,missing_tool,cancel,missing_tool,42,0.6214511041009464,0,"{""style"": ""cancel"", ""reason"": ""required_tool_unavailable""}"
train,toolace-231::tool_contradiction,tool_contradiction,date_substitution,tool_contradiction,10,0.4039301310043668,0,"{""style"": ""date_substitution"", ""source_value"": '2022-06-23', ""new_value"": '2022-06-26'}"
train,toolace-231::overgeneration,overgeneration,unsupported_external_confirmation,overgeneration,71,0.07793522267206478,0,"{""style"": ""unsupported_external_confirmation"", ""reason"": ""claim_absent_from_tool_response""}"
train,toolace-231::missing_tool,missing_tool,flight,missing_tool,37,0.08071278825995808,0,"{""style"": ""flight"", ""reason"": ""required_tool_unavailable""}"
train,toolace-458::tool_contradiction,tool_contradiction,cross_field_value_swap,tool_contradiction,15,0.2866666666666667,0,"{""style"": ""cross_field_value_swap"", ""source_value"": 'scientists', ""new_value"": 'Get Random Joke'}"
train,toolace-458::overgeneration,overgeneration,unsupported_forecast,overgeneration,69,0.6790697674418604,1,"{""style"": ""unsupported_forecast"", ""reason"": ""claim_absent_from_tool_response""}"
train,toolace-458::missing_tool,missing_tool,cancel,missing_tool,42,0.35638297872340424,0,"{""style"": ""cancel"", ""reason"": ""required_tool_unavailable""}"
train,toolace-401::tool_contradiction,tool_contradiction,cross_field_value_swap,tool_contradiction,20,0.10935601458080195,0,"{""style"": ""cross_field_value_swap"", ""source_value"": 'converted_invoice.xlsx', ""new_value"": 'GetPdfInStorageToXls'}"
train,toolace-401::overgeneration,overgeneration,unsupported_guarantee,overgeneration,76,0.0,0,"{""style"": ""unsupported_guarantee"", ""reason"": ""claim_absent_from_tool_response""}"
train,toolace-401::missing_tool,missing_tool,flight,missing_tool,37,0.054461181923522596,0,"{""style"": ""flight"", ""reason"": ""required_tool_unavailable""}"
train,toolace-150::tool_contradiction,tool_contradiction,code_substitution,tool_contradiction,4,0.06428571428571428,0,"{""style"": ""code_substitution"", ""source_value"": 'MLEM', ""new_value"": 'MLEX'}"
train,toolace-150::overgeneration,overgeneration,unsupported_history,overgeneration,85,0.76775956284153,1,"{""style"": ""unsupported_history"", ""reason"": ""claim_absent_from_tool_response""}"
train,toolace-150::missing_tool,missing_tool,cancel,missing_tool,42,0.0,0,"{""style"": ""cancel"", ""reason"": ""required_tool_unavailable""}"
train,toolace-444::tool_contradiction,tool_contradiction,cross_field_value_swap,tool_contradiction,55,0.34379905808477235,0,"{""style"": ""cross_field_value_swap"", ""source_value"": 'A collection of significant historical documents and manuscripts', ""new_value"": 'A collection of scientific journals and research papers'}"
train,toolace-444::overgeneration,overgeneration,unsupported_external_confirmation,overgeneration,71,0.07520891364902507,0,"{""style"": ""unsupported_external_confirmation"", ""reason"": ""claim_absent_from_tool_response""}"
train,toolace-444::missing_tool,missing_tool,email,missing_tool,53,0.07714285714285714,0,"{""style"": ""email"", ""reason"": ""required_tool_unavailable""}"
train,toolace-524::tool_contradiction,tool_contradiction,entity_substitution,tool_contradiction,9,0.4625,0,"{""style"": ""entity_substitution"", ""source_value"": 'Detective', ""new_value"": 'Amsterdam'}"
train,toolace-524::overgeneration,overgeneration,unsupported_external_confirmation,overgeneration,71,0.0,1,"{""style"": ""unsupported_external_confirmation"", ""reason"": ""claim_absent_from_tool_response""}"
train,toolace-524::missing_tool,missing_tool,flight,missing_tool,37,0.0,0,"{""style"": ""flight"", ""reason"": ""required_tool_unavailable""}"
train,toolace-698::tool_contradiction,tool_contradiction,entity_substitution,tool_contradiction,5,0.8681318681318682,0,"{""style"": ""entity_substitution"", ""source_value"": 'Evening', ""new_value"": 'Dubai'}"
train,toolace-698::overgeneration,overgeneration,unsupported_forecast,overgeneration,69,0.0,1,"{""style"": ""unsupported_forecast"", ""reason"": ""claim_absent_from_tool_response""}"
train,toolace-698::missing_tool,missing_tool,flight,missing_tool,37,0.7175572519083969,1,"{""style"": ""flight"", ""reason"": ""required_tool_unavailable""}"
train,toolace-128::tool_contradiction,tool_contradiction,number_substitution,tool_contradiction,2,0.23414634146341465,0,"{""style"": ""number_substitution"", ""source_value"": '100', ""new_value"": '85'}"
train,toolace-128::overgeneration,overgeneration,unsupported_external_confirmation,overgeneration,71,0.9204927211646137,1,"{""style"": ""unsupported_external_confirmation"", ""reason"": ""claim_absent_from_tool_response""}"
train,toolace-128::missing_tool,missing_tool,cancel,missing_tool,42,0.9513888888888888,1,"{""style"": ""cancel"", ""reason"": ""required_tool_unavailable""}"
train,toolace-563::tool_contradiction,tool_contradiction,fallback_status,tool_contradiction,84,0.6945454545454546,1,"{""style"": ""fallback_status"", ""fallback"": true}"
train,toolace-563::overgeneration,overgeneration,unsupported_user_reaction,overgeneration,73,0.5568181818181818,0,"{""style"": ""unsupported_user_reaction"", ""reason"": ""claim_absent_from_tool_response""}"
train,toolace-563::missing_tool,missing_tool,calendar,missing_tool,49,0.0,0,"{""style"": ""calendar"", ""reason"": ""required_tool_unavailable""}"
train,toolace-119::tool_contradiction,tool_contradiction,entity_substitution,tool_contradiction,6,0.8984375,0,"{""style"": ""entity_substitution"", ""source_value"": 'De', ""new_value"": 'Boston'}"
train,toolace-119::overgeneration,overgeneration,unsupported_user_reaction,overgeneration,73,0.8745704467353952,1,"{""style"": ""unsupported_user_reaction"", ""reason"": ""claim_absent_from_tool_response""}"
train,toolace-119::missing_tool,missing_tool,email,missing_tool,53,0.15302491103202848,0,"{""style"": ""email"", ""reason"": ""required_tool_unavailable""}"
train,toolace-747::tool_contradiction,tool_contradiction,cross_field_value_swap,tool_contradiction,10,0.25,0,"{""style"": ""cross_field_value_swap"", ""source_value"": 'listens', ""new_value"": '2024-12-15'}"
train,toolace-747::overgeneration,overgeneration,unsupported_recommendation,overgeneration,76,0.7668711656441718,1,"{""style"": ""unsupported_recommendation"", ""reason"": ""claim_absent_from_tool_response""}"
train,toolace-747::missing_tool,missing_tool,flight,missing_tool,37,0.8710801393728222,1,"{""style"": ""flight"", ""reason"": ""required_tool_unavailable""}"
train,toolace-198::tool_contradiction,tool_contradiction,fallback_status,tool_contradiction,84,0.0,0,"{""style"": ""fallback_status"", ""fallback"": true}"
train,toolace-198::overgeneration,overgeneration,unsupported_cause,overgeneration,71,0.04639435199193142,0,"{""style"": ""unsupported_cause"", ""reason"": ""claim_absent_from_tool_response""}"
train,toolace-198::missing_tool,missing_tool,flight,missing_tool,37,0.0,0,"{""style"": ""flight"", ""reason"": ""required_tool_unavailable""}"
train,toolace-113::tool_contradiction,tool_contradiction,cross_field_value_swap,tool_contradiction,10,0.5525227460711332,0,"{""style"": ""cross_field_value_swap"", ""source_value"": 'investments', ""new_value"": '2026-08-15'}"
train,toolace-113::overgeneration,overgeneration,unsupported_guarantee,overgeneration,76,0.969551282051282,1,"{""style"": ""unsupported_guarantee"", ""reason"": ""claim_absent_from_tool_response""}"
train,toolace-113::missing_tool,missing_tool,calendar,missing_tool,49,0.023491292021061157,0,"{""style"": ""calendar"", ""reason"": ""required_tool_unavailable""}"
train,toolace-460::tool_contradiction,tool_contradiction,cross_field_value_swap,tool_contradiction,12,0.26373626373626374,0,"{""style"": ""cross_field_value_swap"", ""source_value"": 'code', ""new_value"": 'Japanese Yen'}"
train,toolace-460::overgeneration,overgeneration,unsupported_trend,overgeneration,60,0.0,0,"{""style"": ""unsupported_trend"", ""reason"": ""claim_absent_from_tool_response""}"
train,toolace-460::missing_tool,missing_tool,flight,missing_tool,37,0.21782178217821782,0,"{""style"": ""flight"", ""reason"": ""required_tool_unavailable""}"
train,toolace-505::tool_contradiction,tool_contradiction,cross_field_value_swap,tool_contradiction,13,0.09644670050761421,0,"{""style"": ""cross_field_value_swap"", ""source_value"": 'skill', ""new_value"": 'skills_report'}"
train,toolace-505::overgeneration,overgeneration,unsupported_forecast,overgeneration,69,0.7335907335907336,1,"{""style"": ""unsupported_forecast"", ""reason"": ""claim_absent_from_tool_response""}"
train,toolace-505::missing_tool,missing_tool,flight,missing_tool,37,0.8370044052863436,1,"{""style"": ""flight"", ""reason"": ""required_tool_unavailable""}"
train,toolace-107::tool_contradiction,tool_contradiction,number_substitution,tool_contradiction,3,0.15564598168870802,0,"{""style"": ""number_substitution"", ""source_value"": '123', ""new_value"": '105'}"
train,toolace-107::overgeneration,overgeneration,unsupported_user_reaction,overgeneration,73,0.14285714285714285,0,"{""style"": ""unsupported_user_reaction"", ""reason"": ""claim_absent_from_tool_response""}"
train,toolace-107::missing_tool,missing_tool,calendar,missing_tool,49,0.14617618586640851,0,"{""style"": ""calendar"", ""reason"": ""required_tool_unavailable""}"
train,toolace-630::tool_contradiction,tool_contradiction,entity_substitution,tool_contradiction,9,0.8169014084507042,0,"{""style"": ""entity_substitution"", ""source_value"": 'Étranger', ""new_value"": 'Amsterdam'}"
train,toolace-630::overgeneration,overgeneration,unsupported_trend,overgeneration,60,0.7029702970297029,1,"{""style"": ""unsupported_trend"", ""reason"": ""claim_absent_from_tool_response""}"
train,toolace-630::missing_tool,missing_tool,email,missing_tool,53,0.7282051282051282,1,"{""style"": ""email"", ""reason"": ""required_tool_unavailable""}"
train,toolace-781::tool_contradiction,tool_contradiction,fallback_value,tool_contradiction,80,0.4326241134751773,1,"{""style"": ""fallback_value"", ""fallback"": true}"
train,toolace-781::overgeneration,overgeneration,unsupported_guarantee,overgeneration,76,0.0,1,"{""style"": ""unsupported_guarantee"", ""reason"": ""claim_absent_from_tool_response""}"
train,toolace-781::missing_tool,missing_tool,cancel,missing_tool,42,0.0,0,"{""style"": ""cancel"", ""reason"": ""required_tool_unavailable""}"
train,toolace-615::tool_contradiction,tool_contradiction,cross_field_value_swap,tool_contradiction,20,0.21554770318021202,0,"{""style"": ""cross_field_value_swap"", ""source_value"": 'coordination', ""new_value"": 'getPsychomotorSkills'}"
train,toolace-615::overgeneration,overgeneration,unsupported_history,overgeneration,85,0.7645429362880887,1,"{""style"": ""unsupported_history"", ""reason"": ""claim_absent_from_tool_response""}"
train,toolace-615::missing_tool,missing_tool,cancel,missing_tool,42,0.8679245283018868,1,"{""style"": ""cancel"", ""reason"": ""required_tool_unavailable""}"
train,toolace-463::tool_contradiction,tool_contradiction,number_substitution,tool_contradiction,7,0.22635135135135134,0,"{""style"": ""number_substitution"", ""source_value"": '3001.98', ""new_value"": '3452.28'}"
train,toolace-463::overgeneration,overgeneration,unsupported_forecast,overgeneration,69,0.0,0,"{""style"": ""unsupported_forecast"", ""reason"": ""claim_absent_from_tool_response""}"
train,toolace-463::missing_tool,missing_tool,email,missing_tool,53,0.8485714285714285,1,"{""style"": ""email"", ""reason"": ""required_tool_unavailable""}"
train,toolace-652::tool_contradiction,tool_contradiction,fallback_opposite,tool_contradiction,67,0.0,0,"{""style"": ""fallback_opposite"", ""fallback"": true}"
train,toolace-652::overgeneration,overgeneration,unsupported_history,overgeneration,85,0.669260700389105,1,"{""style"": ""unsupported_history"", ""reason"": ""claim_absent_from_tool_response""}"
train,toolace-652::missing_tool,missing_tool,flight,missing_tool,37,0.3444976076555024,0,"{""style"": ""flight"", ""reason"": ""required_tool_unavailable""}"
train,toolace-290::tool_contradiction,tool_contradiction,number_substitution,tool_contradiction,2,0.31097560975609756,0,"{""style"": ""number_substitution"", ""source_value"": '102', ""new_value"": '87'}"
train,toolace-290::overgeneration,overgeneration,unsupported_history,overgeneration,85,0.7951807228915663,1,"{""style"": ""unsupported_history"", ""reason"": ""claim_absent_from_tool_response""}"
train,toolace-290::missing_tool,missing_tool,payment,missing_tool,43,0.2359249329758713,0,"{""style"": ""payment"", ""reason"": ""required_tool_unavailable""}"
train,toolace-675::tool_contradiction,tool_contradiction,entity_substitution,tool_contradiction,6,0.7974683544303798,0,"{""style"": ""entity_substitution"", ""source_value"": 'Modern Art Expo', ""new_value"": 'London'}"
train,toolace-675::overgeneration,overgeneration,unsupported_guarantee,overgeneration,76,0.8109452736318408,1,"{""style"": ""unsupported_guarantee"", ""reason"": ""claim_absent_from_tool_response""}"
train,toolace-675::missing_tool,missing_tool,email,missing_tool,53,0.7097625329815304,0,"{""style"": ""email"", ""reason"": ""required_tool_unavailable""}"
train,toolace-474::tool_contradiction,tool_contradiction,number_substitution,tool_contradiction,6,0.8769716088328076,0,"{""style"": ""number_substitution"", ""source_value"": '122.4098', ""new_value"": '104.05'}"
train,toolace-474::overgeneration,overgeneration,unsupported_trend,overgeneration,60,0.9635922330097088,1,"{""style"": ""unsupported_trend"", ""reason"": ""claim_absent_from_tool_response""}"
train,toolace-474::missing_tool,missing_tool,flight,missing_tool,37,0.9772307692307692,1,"{""style"": ""flight"", ""reason"": ""required_tool_unavailable""}"
train,toolace-322::tool_contradiction,tool_contradiction,number_substitution,tool_contradiction,2,0.2680722891566265,0,"{""style"": ""number_substitution"", ""source_value"": '10', ""new_value"": '12'}"
train,toolace-322::overgeneration,overgeneration,unsupported_comparison,overgeneration,80,0.07919463087248323,0,"{""style"": ""unsupported_comparison"", ""reason"": ""claim_absent_from_tool_response""}"
train,toolace-322::missing_tool,missing_tool,flight,missing_tool,37,0.9472934472934473,1,"{""style"": ""flight"", ""reason"": ""required_tool_unavailable""}"
train,toolace-54::tool_contradiction,tool_contradiction,cross_field_value_swap,tool_contradiction,14,0.11301859799713877,0,"{""style"": ""cross_field_value_swap"", ""source_value"": 'recipes', ""new_value"": 'chipotle aioli'}"
train,toolace-54::overgeneration,overgeneration,unsupported_comparison,overgeneration,80,0.8965071151358344,1,"{""style"": ""unsupported_comparison"", ""reason"": ""claim_absent_from_tool_response""}"
train,toolace-54::missing_tool,missing_tool,cancel,missing_tool,42,0.9428571428571428,1,"{""style"": ""cancel"", ""reason"": ""required_tool_unavailable""}"
train,toolace-709::tool_contradiction,tool_contradiction,fallback_value,tool_contradiction,80,0.6521739130434783,1,"{""style"": ""fallback_value"", ""fallback"": true}"
train,toolace-709::overgeneration,overgeneration,unsupported_comparison,overgeneration,80,0.6521739130434783,1,"{""style"": ""unsupported_comparison"", ""reason"": ""claim_absent_from_tool_response""}"
train,toolace-709::missing_tool,missing_tool,cancel,missing_tool,42,0.78125,1,"{""style"": ""cancel"", ""reason"": ""required_tool_unavailable""}"
train,toolace-745::tool_contradiction,tool_contradiction,entity_substitution,tool_contradiction,9,0.1638418079096045,0,"{""style"": ""entity_substitution"", ""source_value"": 'Strigiformes', ""new_value"": 'Amsterdam'}"
train,toolace-745::overgeneration,overgeneration,unsupported_risk,overgeneration,68,0.8403755868544601,1,"{""style"": ""unsupported_risk"", ""reason"": ""claim_absent_from_tool_response""}"
train,toolace-745::missing_tool,missing_tool,flight,missing_tool,37,0.0,0,"{""style"": ""flight"", ""reason"": ""required_tool_unavailable""}"
train,toolace-136::tool_contradiction,tool_contradiction,fallback_value,tool_contradiction,80,0.7324414715719063,1,"{""style"": ""fallback_value"", ""fallback"": true}"
train,toolace-136::overgeneration,overgeneration,unsupported_risk,overgeneration,68,0.7630662020905923,1,"{""style"": ""unsupported_risk"", ""reason"": ""claim_absent_from_tool_response""}"
train,toolace-136::missing_tool,missing_tool,email,missing_tool,53,0.8051470588235294,1,"{""style"": ""email"", ""reason"": ""required_tool_unavailable""}"
train,toolace-752::tool_contradiction,tool_contradiction,fallback_value,tool_contradiction,80,0.5,1,"{""style"": ""fallback_value"", ""fallback"": true}"
train,toolace-752::overgeneration,overgeneration,unsupported_user_reaction,overgeneration,73,0.0,1,"{""style"": ""unsupported_user_reaction"", ""reason"": ""claim_absent_from_tool_response""}"
train,toolace-752::missing_tool,missing_tool,calendar,missing_tool,49,0.6201550387596899,1,"{""style"": ""calendar"", ""reason"": ""required_tool_unavailable""}"
train,toolace-572::tool_contradiction,tool_contradiction,fallback_opposite,tool_contradiction,67,0.5759493670886076,1,"{""style"": ""fallback_opposite"", ""fallback"": true}"
train,toolace-572::overgeneration,overgeneration,unsupported_trend,overgeneration,60,0.6026490066225165,1,"{""style"": ""unsupported_trend"", ""reason"": ""claim_absent_from_tool_response""}"
train,toolace-572::missing_tool,missing_tool,cancel,missing_tool,42,0.6842105263157895,1,"{""style"": ""cancel"", ""reason"": ""required_tool_unavailable""}"
train,toolace-279::tool_contradiction,tool_contradiction,code_substitution,tool_contradiction,4,0.8892339544513458,0,"{""style"": ""code_substitution"", ""source_value"": 'ESPN', ""new_value"": 'ESPX'}"
train,toolace-279::overgeneration,overgeneration,unsupported_guarantee,overgeneration,76,0.08437200383509108,0,"{""style"": ""unsupported_guarantee"", ""reason"": ""claim_absent_from_tool_response""}"
train,toolace-279::missing_tool,missing_tool,flight,missing_tool,37,0.08764940239043825,0,"{""style"": ""flight"", ""reason"": ""required_tool_unavailable""}"
train,toolace-621::tool_contradiction,tool_contradiction,fallback_value,tool_contradiction,80,0.16236162361623616,0,"{""style"": ""fallback_value"", ""fallback"": true}"
train,toolace-621::overgeneration,overgeneration,unsupported_cause,overgeneration,71,0.16793893129770993,0,"{""style"": ""unsupported_cause"", ""reason"": ""claim_absent_from_tool_response""}"
train,toolace-621::missing_tool,missing_tool,hotel,missing_tool,52,0.0,0,"{""style"": ""hotel"", ""reason"": ""required_tool_unavailable""}"
train,toolace-430::tool_contradiction,tool_contradiction,cross_field_value_swap,tool_contradiction,21,0.405320813771518,0,"{""style"": ""cross_field_value_swap"", ""source_value"": 'I want to see and understand the world outside. I don', ""new_value"": 'S also very beautiful'}"
train,toolace-430::overgeneration,overgeneration,unsupported_comparison,overgeneration,80,0.0,0,"{""style"": ""unsupported_comparison"", ""reason"": ""claim_absent_from_tool_response""}"
train,toolace-430::missing_tool,missing_tool,calendar,missing_tool,49,0.0,0,"{""style"": ""calendar"", ""reason"": ""required_tool_unavailable""}"
train,toolace-56::tool_contradiction,tool_contradiction,number_substitution,tool_contradiction,4,0.21493440968718466,0,"{""style"": ""number_substitution"", ""source_value"": '18.0', ""new_value"": '15.3'}"
train,toolace-56::overgeneration,overgeneration,unsupported_risk,overgeneration,68,0.0,0,"{""style"": ""unsupported_risk"", ""reason"": ""claim_absent_from_tool_response""}"
train,toolace-56::missing_tool,missing_tool,cancel,missing_tool,42,0.0,0,"{""style"": ""cancel"", ""reason"": ""required_tool_unavailable""}"
train,toolace-254::tool_contradiction,tool_contradiction,generic_value_substitution,tool_contradiction,17,0.22077922077922077,0,"{""style"": ""generic_value_substitution"", ""source_value"": 'running', ""new_value"": 'different running'}"
train,toolace-254::overgeneration,overgeneration,unsupported_guarantee,overgeneration,76,0.6561085972850679,1,"{""style"": ""unsupported_guarantee"", ""reason"": ""claim_absent_from_tool_response""}"
train,toolace-254::missing_tool,missing_tool,calendar,missing_tool,49,0.7474226804123711,1,"{""style"": ""calendar"", ""reason"": ""required_tool_unavailable""}"
train,toolace-270::tool_contradiction,tool_contradiction,number_substitution,tool_contradiction,5,0.08108108108108109,0,"{""style"": ""number_substitution"", ""source_value"": '12345', ""new_value"": '14197'}"
train,toolace-270::overgeneration,overgeneration,unsupported_risk,overgeneration,68,0.9025787965616046,1,"{""style"": ""unsupported_risk"", ""reason"": ""claim_absent_from_tool_response""}"
train,toolace-270::missing_tool,missing_tool,hotel,missing_tool,52,0.9237536656891495,1,"{""style"": ""hotel"", ""reason"": ""required_tool_unavailable""}"
train,toolace-418::tool_contradiction,tool_contradiction,number_substitution,tool_contradiction,4,0.5959183673469388,0,"{""style"": ""number_substitution"", ""source_value"": '0.38', ""new_value"": '1.38'}"
train,toolace-418::overgeneration,overgeneration,unsupported_forecast,overgeneration,69,0.16825396825396827,0,"{""style"": ""unsupported_forecast"", ""reason"": ""claim_absent_from_tool_response""}"
train,toolace-418::missing_tool,missing_tool,flight,missing_tool,37,0.8692579505300353,1,"{""style"": ""flight"", ""reason"": ""required_tool_unavailable""}"
train,toolace-565::tool_contradiction,tool_contradiction,fallback_status,tool_contradiction,84,0.7698630136986301,1,"{""style"": ""fallback_status"", ""fallback"": true}"
train,toolace-565::overgeneration,overgeneration,unsupported_recommendation,overgeneration,76,0.7871148459383753,1,"{""style"": ""unsupported_recommendation"", ""reason"": ""claim_absent_from_tool_response""}"
train,toolace-565::missing_tool,missing_tool,email,missing_tool,53,0.0,1,"{""style"": ""email"", ""reason"": ""required_tool_unavailable""}"
train,toolace-635::tool_contradiction,tool_contradiction,cross_field_value_swap,tool_contradiction,11,0.06952789699570816,0,"{""style"": ""cross_field_value_swap"", ""source_value"": 'attributes', ""new_value"": 'description'}"
train,toolace-635::overgeneration,overgeneration,unsupported_guarantee,overgeneration,76,0.0,0,"{""style"": ""unsupported_guarantee"", ""reason"": ""claim_absent_from_tool_response""}"
train,toolace-635::missing_tool,missing_tool,flight,missing_tool,37,0.0,0,"{""style"": ""flight"", ""reason"": ""required_tool_unavailable""}"
train,toolace-221::tool_contradiction,tool_contradiction,number_substitution,tool_contradiction,1,0.2314674735249622,0,"{""style"": ""number_substitution"", ""source_value"": '00', ""new_value"": '1'}"
train,toolace-221::overgeneration,overgeneration,unsupported_external_confirmation,overgeneration,71,0.0,0,"{""style"": ""unsupported_external_confirmation"", ""reason"": ""claim_absent_from_tool_response""}"
train,toolace-221::missing_tool,missing_tool,cancel,missing_tool,42,0.18014184397163122,0,"{""style"": ""cancel"", ""reason"": ""required_tool_unavailable""}"
train,toolace-76::tool_contradiction,tool_contradiction,time_substitution,tool_contradiction,5,0.5551470588235294,0,"{""style"": ""time_substitution"", ""source_value"": '00:00', ""new_value"": '03:00'}"
train,toolace-76::overgeneration,overgeneration,unsupported_user_reaction,overgeneration,73,0.7890173410404624,1,"{""style"": ""unsupported_user_reaction"", ""reason"": ""claim_absent_from_tool_response""}"
train,toolace-76::missing_tool,missing_tool,flight,missing_tool,37,0.8806451612903226,1,"{""style"": ""flight"", ""reason"": ""required_tool_unavailable""}"
train,toolace-313::tool_contradiction,tool_contradiction,fallback_value,tool_contradiction,80,0.05042016806722689,0,"{""style"": ""fallback_value"", ""fallback"": true}"
train,toolace-313::overgeneration,overgeneration,unsupported_forecast,overgeneration,69,0.05286343612334802,0,"{""style"": ""unsupported_forecast"", ""reason"": ""claim_absent_from_tool_response""}"
train,toolace-313::missing_tool,missing_tool,cancel,missing_tool,42,0.79,1,"{""style"": ""cancel"", ""reason"": ""required_tool_unavailable""}"
train,toolace-793::tool_contradiction,tool_contradiction,fallback_status,tool_contradiction,84,0.5029585798816568,1,"{""style"": ""fallback_status"", ""fallback"": true}"
train,toolace-793::overgeneration,overgeneration,unsupported_user_reaction,overgeneration,73,0.26582278481012656,0,"{""style"": ""unsupported_user_reaction"", ""reason"": ""claim_absent_from_tool_response""}"
train,toolace-793::missing_tool,missing_tool,email,missing_tool,53,0.30434782608695654,0,"{""style"": ""email"", ""reason"": ""required_tool_unavailable""}"
train,toolace-594::tool_contradiction,tool_contradiction,fallback_status,tool_contradiction,84,0.7142857142857143,1,"{""style"": ""fallback_status"", ""fallback"": true}"
train,toolace-594::overgeneration,overgeneration,unsupported_recommendation,overgeneration,76,0.0,0,"{""style"": ""unsupported_recommendation"", ""reason"": ""claim_absent_from_tool_response""}"
train,toolace-594::missing_tool,missing_tool,calendar,missing_tool,49,0.8108108108108109,1,"{""style"": ""calendar"", ""reason"": ""required_tool_unavailable""}"
train,toolace-298::tool_contradiction,tool_contradiction,fallback_status,tool_contradiction,84,0.2732673267326733,0,"{""style"": ""fallback_status"", ""fallback"": true}"
train,toolace-298::overgeneration,overgeneration,unsupported_recommendation,overgeneration,76,0.0,0,"{""style"": ""unsupported_recommendation"", ""reason"": ""claim_absent_from_tool_response""}"
train,toolace-298::missing_tool,missing_tool,cancel,missing_tool,42,0.9092872570194385,1,"{""style"": ""cancel"", ""reason"": ""required_tool_unavailable""}"
train,toolace-668::tool_contradiction,tool_contradiction,fallback_status,tool_contradiction,84,0.0,0,"{""style"": ""fallback_status"", ""fallback"": true}"
train,toolace-668::overgeneration,overgeneration,unsupported_forecast,overgeneration,69,0.6682692307692307,1,"{""style"": ""unsupported_forecast"", ""reason"": ""claim_absent_from_tool_response""}"
train,toolace-668::missing_tool,missing_tool,calendar,missing_tool,49,0.7393617021276596,1,"{""style"": ""calendar"", ""reason"": ""required_tool_unavailable""}"
train,toolace-431::tool_contradiction,tool_contradiction,fallback_status,tool_contradiction,84,0.0,0,"{""style"": ""fallback_status"", ""fallback"": true}"
train,toolace-431::overgeneration,overgeneration,unsupported_comparison,overgeneration,80,0.9473684210526315,1,"{""style"": ""unsupported_comparison"", ""reason"": ""claim_absent_from_tool_response""}"
train,toolace-431::missing_tool,missing_tool,email,missing_tool,53,0.0,0,"{""style"": ""email"", ""reason"": ""required_tool_unavailable""}"
train,toolace-307::tool_contradiction,tool_contradiction,number_substitution,tool_contradiction,2,0.32909379968203495,0,"{""style"": ""number_substitution"", ""source_value"": '50', ""new_value"": '58'}"
train,toolace-307::overgeneration,overgeneration,unsupported_guarantee,overgeneration,76,0.0,0,"{""style"": ""unsupported_guarantee"", ""reason"": ""claim_absent_from_tool_response""}"
train,toolace-307::missing_tool,missing_tool,flight,missing_tool,37,0.9445277361319341,1,"{""style"": ""flight"", ""reason"": ""required_tool_unavailable""}"
train,toolace-102::tool_contradiction,tool_contradiction,entity_substitution,tool_contradiction,8,0.11969111969111969,0,"{""style"": ""entity_substitution"", ""source_value"": 'Vegetarian', ""new_value"": 'New York'}"
train,toolace-102::overgeneration,overgeneration,unsupported_risk,overgeneration,68,0.793939393939394,1,"{""style"": ""unsupported_risk"", ""reason"": ""claim_absent_from_tool_response""}"
train,toolace-102::missing_tool,missing_tool,cancel,missing_tool,42,0.2993421052631579,0,"{""style"": ""cancel"", ""reason"": ""required_tool_unavailable""}"
train,toolace-232::tool_contradiction,tool_contradiction,number_substitution,tool_contradiction,4,0.4064,0,"{""style"": ""number_substitution"", ""source_value"": '1985', ""new_value"": '1687'}"
train,toolace-232::overgeneration,overgeneration,unsupported_user_reaction,overgeneration,73,0.8955650929899857,1,"{""style"": ""unsupported_user_reaction"", ""reason"": ""claim_absent_from_tool_response""}"
train,toolace-232::missing_tool,missing_tool,cancel,missing_tool,42,0.1122754491017964,0,"{""style"": ""cancel"", ""reason"": ""required_tool_unavailable""}"
train,toolace-792::tool_contradiction,tool_contradiction,entity_substitution,tool_contradiction,5,0.4359861591695502,0,"{""style"": ""entity_substitution"", ""source_value"": 'Burglary', ""new_value"": 'Dubai'}"
train,toolace-792::overgeneration,overgeneration,unsupported_history,overgeneration,85,0.0,0,"{""style"": ""unsupported_history"", ""reason"": ""claim_absent_from_tool_response""}"
train,toolace-792::missing_tool,missing_tool,calendar,missing_tool,49,0.8567251461988304,1,"{""style"": ""calendar"", ""reason"": ""required_tool_unavailable""}"
train,toolace-52::tool_contradiction,tool_contradiction,number_substitution,tool_contradiction,2,0.9788732394366197,1,"{""style"": ""number_substitution"", ""source_value"": '19', ""new_value"": '22'}"
train,toolace-52::overgeneration,overgeneration,unsupported_trend,overgeneration,60,0.7044334975369458,1,"{""style"": ""unsupported_trend"", ""reason"": ""claim_absent_from_tool_response""}"
train,toolace-52::missing_tool,missing_tool,email,missing_tool,53,0.7295918367346939,1,"{""style"": ""email"", ""reason"": ""required_tool_unavailable""}"
train,toolace-419::tool_contradiction,tool_contradiction,time_substitution,tool_contradiction,5,0.5018050541516246,0,"{""style"": ""time_substitution"", ""source_value"": '14:00', ""new_value"": '17:00'}"
train,toolace-419::overgeneration,overgeneration,unsupported_recommendation,overgeneration,76,0.7853107344632768,1,"{""style"": ""unsupported_recommendation"", ""reason"": ""claim_absent_from_tool_response""}"
train,toolace-419::missing_tool,missing_tool,flight,missing_tool,37,0.8825396825396825,1,"{""style"": ""flight"", ""reason"": ""required_tool_unavailable""}"
train,toolace-58::tool_contradiction,tool_contradiction,entity_substitution,tool_contradiction,6,0.1733490566037736,0,"{""style"": ""entity_substitution"", ""source_value"": 'Accord', ""new_value"": 'Boston'}"
train,toolace-58::overgeneration,overgeneration,unsupported_history,overgeneration,85,0.2558886509635974,0,"{""style"": ""unsupported_history"", ""reason"": ""claim_absent_from_tool_response""}"
train,toolace-58::missing_tool,missing_tool,flight,missing_tool,37,0.9582392776523702,1,"{""style"": ""flight"", ""reason"": ""required_tool_unavailable""}"
train,toolace-756::tool_contradiction,tool_contradiction,fallback_opposite,tool_contradiction,67,0.6235955056179775,1,"{""style"": ""fallback_opposite"", ""fallback"": true}"
train,toolace-756::overgeneration,overgeneration,unsupported_recommendation,overgeneration,76,0.5935828877005348,1,"{""style"": ""unsupported_recommendation"", ""reason"": ""claim_absent_from_tool_response""}"
train,toolace-756::missing_tool,missing_tool,ride,missing_tool,46,0.7070063694267515,1,"{""style"": ""ride"", ""reason"": ""required_tool_unavailable""}"
train,toolace-205::tool_contradiction,tool_contradiction,entity_substitution,tool_contradiction,8,0.023026315789473683,0,"{""style"": ""entity_substitution"", ""source_value"": 'EUR', ""new_value"": 'NEW YORK'}"
train,toolace-205::overgeneration,overgeneration,unsupported_recommendation,overgeneration,76,0.1276595744680851,0,"{""style"": ""unsupported_recommendation"", ""reason"": ""claim_absent_from_tool_response""}"
train,toolace-205::missing_tool,missing_tool,flight,missing_tool,37,0.0,0,"{""style"": ""flight"", ""reason"": ""required_tool_unavailable""}"
train,toolace-511::tool_contradiction,tool_contradiction,cross_field_value_swap,tool_contradiction,18,0.07011070110701106,0,"{""style"": ""cross_field_value_swap"", ""source_value"": '今天是2024年4月25日', ""new_value"": 'Language Segmenter'}"
train,toolace-511::overgeneration,overgeneration,unsupported_cause,overgeneration,71,0.7899408284023669,1,"{""style"": ""unsupported_cause"", ""reason"": ""claim_absent_from_tool_response""}"
train,toolace-511::missing_tool,missing_tool,cancel,missing_tool,42,0.8640776699029126,1,"{""style"": ""cancel"", ""reason"": ""required_tool_unavailable""}"
train,toolace-174::tool_contradiction,tool_contradiction,cross_field_value_swap,tool_contradiction,24,0.3058823529411765,0,"{""style"": ""cross_field_value_swap"", ""source_value"": '#homecooking', ""new_value"": 'TikTok Hashtag Generator'}"
train,toolace-174::overgeneration,overgeneration,unsupported_history,overgeneration,85,0.7946859903381642,1,"{""style"": ""unsupported_history"", ""reason"": ""claim_absent_from_tool_response""}"
train,toolace-174::missing_tool,missing_tool,flight,missing_tool,37,0.8989071038251366,1,"{""style"": ""flight"", ""reason"": ""required_tool_unavailable""}"
train,toolace-461::tool_contradiction,tool_contradiction,number_substitution,tool_contradiction,3,0.8809523809523809,0,"{""style"": ""number_substitution"", ""source_value"": '460', ""new_value"": '529'}"
train,toolace-461::overgeneration,overgeneration,unsupported_recommendation,overgeneration,76,0.0,1,"{""style"": ""unsupported_recommendation"", ""reason"": ""claim_absent_from_tool_response""}"
train,toolace-461::missing_tool,missing_tool,calendar,missing_tool,49,0.6343283582089553,1,"{""style"": ""calendar"", ""reason"": ""required_tool_unavailable""}"
train,toolace-728::tool_contradiction,tool_contradiction,fallback_opposite,tool_contradiction,67,0.5759493670886076,1,"{""style"": ""fallback_opposite"", ""fallback"": true}"
train,toolace-728::overgeneration,overgeneration,unsupported_risk,overgeneration,68,0.5723270440251572,1,"{""style"": ""unsupported_risk"", ""reason"": ""claim_absent_from_tool_response""}"
train,toolace-728::missing_tool,missing_tool,email,missing_tool,53,0.6319444444444444,1,"{""style"": ""email"", ""reason"": ""required_tool_unavailable""}"
train,toolace-112::tool_contradiction,tool_contradiction,cross_field_value_swap,tool_contradiction,13,0.05504587155963303,0,"{""style"": ""cross_field_value_swap"", ""source_value"": 'video', ""new_value"": 'pixel-brained'}"
train,toolace-112::overgeneration,overgeneration,unsupported_comparison,overgeneration,80,0.0,0,"{""style"": ""unsupported_comparison"", ""reason"": ""claim_absent_from_tool_response""}"
train,toolace-112::missing_tool,missing_tool,email,missing_tool,53,0.970391061452514,1,"{""style"": ""email"", ""reason"": ""required_tool_unavailable""}"
train,toolace-682::tool_contradiction,tool_contradiction,number_substitution,tool_contradiction,2,0.7028301886792453,0,"{""style"": ""number_substitution"", ""source_value"": '50', ""new_value"": '58'}"
train,toolace-682::overgeneration,overgeneration,unsupported_recommendation,overgeneration,76,0.7370242214532872,1,"{""style"": ""unsupported_recommendation"", ""reason"": ""claim_absent_from_tool_response""}"
train,toolace-682::missing_tool,missing_tool,email,missing_tool,53,0.8007518796992481,1,"{""style"": ""email"", ""reason"": ""required_tool_unavailable""}"
train,toolace-133::tool_contradiction,tool_contradiction,fallback_value,tool_contradiction,80,0.0,1,"{""style"": ""fallback_value"", ""fallback"": true}"
train,toolace-133::overgeneration,overgeneration,unsupported_guarantee,overgeneration,76,0.8260869565217391,1,"{""style"": ""unsupported_guarantee"", ""reason"": ""claim_absent_from_tool_response""}"
train,toolace-133::missing_tool,missing_tool,calendar,missing_tool,49,0.0,1,"{""style"": ""calendar"", ""reason"": ""required_tool_unavailable""}"
train,toolace-93::tool_contradiction,tool_contradiction,entity_substitution,tool_contradiction,6,0.06060606060606061,0,"{""style"": ""entity_substitution"", ""source_value"": 'Simulated Artist A', ""new_value"": 'Sydney'}"
train,toolace-93::overgeneration,overgeneration,unsupported_external_confirmation,overgeneration,71,0.8839869281045751,1,"{""style"": ""unsupported_external_confirmation"", ""reason"": ""claim_absent_from_tool_response""}"
train,toolace-93::missing_tool,missing_tool,cancel,missing_tool,42,0.1955403087478559,0,"{""style"": ""cancel"", ""reason"": ""required_tool_unavailable""}"
train,toolace-37::tool_contradiction,tool_contradiction,number_substitution,tool_contradiction,2,0.6882591093117408,0,"{""style"": ""number_substitution"", ""source_value"": '10', ""new_value"": '12'}"
train,toolace-37::overgeneration,overgeneration,unsupported_trend,overgeneration,60,0.0,0,"{""style"": ""unsupported_trend"", ""reason"": ""claim_absent_from_tool_response""}"
train,toolace-37::missing_tool,missing_tool,email,missing_tool,53,0.0,0,"{""style"": ""email"", ""reason"": ""required_tool_unavailable""}"
train,toolace-437::tool_contradiction,tool_contradiction,fallback_status,tool_contradiction,84,0.8842975206611571,1,"{""style"": ""fallback_status"", ""fallback"": true}"
train,toolace-437::overgeneration,overgeneration,unsupported_user_reaction,overgeneration,73,0.08251748251748252,0,"{""style"": ""unsupported_user_reaction"", ""reason"": ""claim_absent_from_tool_response""}"
train,toolace-437::missing_tool,missing_tool,email,missing_tool,53,0.0,0,"{""style"": ""email"", ""reason"": ""required_tool_unavailable""}"
train,toolace-678::tool_contradiction,tool_contradiction,cross_field_value_swap,tool_contradiction,15,0.06565656565656566,0,"{""style"": ""cross_field_value_swap"", ""source_value"": 'rehabilitation', ""new_value"": 'assessment_data'}"
train,toolace-678::overgeneration,overgeneration,unsupported_history,overgeneration,85,0.0,1,"{""style"": ""unsupported_history"", ""reason"": ""claim_absent_from_tool_response""}"
train,toolace-678::missing_tool,missing_tool,flight,missing_tool,37,0.8425531914893617,1,"{""style"": ""flight"", ""reason"": ""required_tool_unavailable""}"
train,toolace-47::tool_contradiction,tool_contradiction,cross_field_value_swap,tool_contradiction,16,0.32558139534883723,0,"{""style"": ""cross_field_value_swap"", ""source_value"": 'timezone', ""new_value"": 'daylights_offset'}"
train,toolace-47::overgeneration,overgeneration,unsupported_forecast,overgeneration,69,0.0,0,"{""style"": ""unsupported_forecast"", ""reason"": ""claim_absent_from_tool_response""}"
train,toolace-47::missing_tool,missing_tool,cancel,missing_tool,42,0.20326678765880218,0,"{""style"": ""cancel"", ""reason"": ""required_tool_unavailable""}"
train,toolace-222::tool_contradiction,tool_contradiction,entity_substitution,tool_contradiction,6,0.10824742268041238,0,"{""style"": ""entity_substitution"", ""source_value"": 'Code', ""new_value"": 'Sydney'}"
train,toolace-222::overgeneration,overgeneration,unsupported_trend,overgeneration,60,0.0,0,"{""style"": ""unsupported_trend"", ""reason"": ""claim_absent_from_tool_response""}"
train,toolace-222::missing_tool,missing_tool,cancel,missing_tool,42,0.8212765957446808,1,"{""style"": ""cancel"", ""reason"": ""required_tool_unavailable""}"
train,toolace-277::tool_contradiction,tool_contradiction,cross_field_value_swap,tool_contradiction,12,0.6101694915254238,0,"{""style"": ""cross_field_value_swap"", ""source_value"": 'cropped_picture.png', ""new_value"": 'croppedImage'}"
train,toolace-277::overgeneration,overgeneration,unsupported_user_reaction,overgeneration,73,0.0,0,"{""style"": ""unsupported_user_reaction"", ""reason"": ""claim_absent_from_tool_response""}"
train,toolace-277::missing_tool,missing_tool,email,missing_tool,53,0.7039106145251397,1,"{""style"": ""email"", ""reason"": ""required_tool_unavailable""}"
train,toolace-175::tool_contradiction,tool_contradiction,number_substitution,tool_contradiction,2,0.6643598615916955,0,"{""style"": ""number_substitution"", ""source_value"": '80', ""new_value"": '92'}"
train,toolace-175::overgeneration,overgeneration,unsupported_recommendation,overgeneration,76,0.0,0,"{""style"": ""unsupported_recommendation"", ""reason"": ""claim_absent_from_tool_response""}"
train,toolace-175::missing_tool,missing_tool,hotel,missing_tool,52,0.0,0,"{""style"": ""hotel"", ""reason"": ""required_tool_unavailable""}"
train,toolace-618::tool_contradiction,tool_contradiction,fallback_value,tool_contradiction,80,0.24436090225563908,0,"{""style"": ""fallback_value"", ""fallback"": true}"
train,toolace-618::overgeneration,overgeneration,unsupported_risk,overgeneration,68,0.7322834645669292,1,"{""style"": ""unsupported_risk"", ""reason"": ""claim_absent_from_tool_response""}"
train,toolace-618::missing_tool,missing_tool,email,missing_tool,53,0.2719665271966527,0,"{""style"": ""email"", ""reason"": ""required_tool_unavailable""}"
train,toolace-324::tool_contradiction,tool_contradiction,entity_substitution,tool_contradiction,4,0.4122137404580153,0,"{""style"": ""entity_substitution"", ""source_value"": 'Standard', ""new_value"": 'Rome'}"
train,toolace-324::overgeneration,overgeneration,unsupported_forecast,overgeneration,69,0.6634146341463415,1,"{""style"": ""unsupported_forecast"", ""reason"": ""claim_absent_from_tool_response""}"
train,toolace-324::missing_tool,missing_tool,flight,missing_tool,37,0.0,1,"{""style"": ""flight"", ""reason"": ""required_tool_unavailable""}"
train,toolace-74::tool_contradiction,tool_contradiction,entity_substitution,tool_contradiction,6,0.6253602305475504,0,"{""style"": ""entity_substitution"", ""source_value"": 'Willkommen zu unserer Präsentation', ""new_value"": 'Madrid'}"
train,toolace-74::overgeneration,overgeneration,unsupported_risk,overgeneration,68,0.8468468468468469,1,"{""style"": ""unsupported_risk"", ""reason"": ""claim_absent_from_tool_response""}"
train,toolace-74::missing_tool,missing_tool,cancel,missing_tool,42,0.8995215311004785,1,"{""style"": ""cancel"", ""reason"": ""required_tool_unavailable""}"
train,toolace-465::tool_contradiction,tool_contradiction,fallback_opposite,tool_contradiction,67,0.9509157509157509,1,"{""style"": ""fallback_opposite"", ""fallback"": true}"
train,toolace-465::overgeneration,overgeneration,unsupported_forecast,overgeneration,69,0.0,0,"{""style"": ""unsupported_forecast"", ""reason"": ""claim_absent_from_tool_response""}"
train,toolace-465::missing_tool,missing_tool,flight,missing_tool,37,0.05692883895131086,0,"{""style"": ""flight"", ""reason"": ""required_tool_unavailable""}"
train,toolace-697::tool_contradiction,tool_contradiction,number_substitution,tool_contradiction,2,0.19714285714285715,0,"{""style"": ""number_substitution"", ""source_value"": '12', ""new_value"": '14'}"
train,toolace-697::overgeneration,overgeneration,unsupported_guarantee,overgeneration,76,0.42857142857142855,0,"{""style"": ""unsupported_guarantee"", ""reason"": ""claim_absent_from_tool_response""}"
train,toolace-697::missing_tool,missing_tool,payment,missing_tool,43,0.8908629441624365,1,"{""style"": ""payment"", ""reason"": ""required_tool_unavailable""}"
train,toolace-628::tool_contradiction,tool_contradiction,generic_value_substitution,tool_contradiction,17,0.08408408408408409,0,"{""style"": ""generic_value_substitution"", ""source_value"": 'furnace', ""new_value"": 'different furnace'}"
train,toolace-628::overgeneration,overgeneration,unsupported_trend,overgeneration,60,0.0,0,"{""style"": ""unsupported_trend"", ""reason"": ""claim_absent_from_tool_response""}"
train,toolace-628::missing_tool,missing_tool,cancel,missing_tool,42,0.8852459016393442,1,"{""style"": ""cancel"", ""reason"": ""required_tool_unavailable""}"
train,toolace-688::tool_contradiction,tool_contradiction,cross_field_value_swap,tool_contradiction,17,0.3005464480874317,0,"{""style"": ""cross_field_value_swap"", ""source_value"": 'scheduled', ""new_value"": 'maintenanceStatus'}"
train,toolace-688::overgeneration,overgeneration,unsupported_forecast,overgeneration,69,0.0,0,"{""style"": ""unsupported_forecast"", ""reason"": ""claim_absent_from_tool_response""}"
train,toolace-688::missing_tool,missing_tool,flight,missing_tool,37,0.8262910798122066,1,"{""style"": ""flight"", ""reason"": ""required_tool_unavailable""}"
train,toolace-436::tool_contradiction,tool_contradiction,number_substitution,tool_contradiction,3,0.596078431372549,0,"{""style"": ""number_substitution"", ""source_value"": '4.5', ""new_value"": '3.5'}"
train,toolace-436::overgeneration,overgeneration,unsupported_forecast,overgeneration,69,0.7876923076923077,1,"{""style"": ""unsupported_forecast"", ""reason"": ""claim_absent_from_tool_response""}"
train,toolace-436::missing_tool,missing_tool,calendar,missing_tool,49,0.0,0,"{""style"": ""calendar"", ""reason"": ""required_tool_unavailable""}"
train,toolace-21::tool_contradiction,tool_contradiction,fallback_status,tool_contradiction,84,0.4606741573033708,0,"{""style"": ""fallback_status"", ""fallback"": true}"
train,toolace-21::overgeneration,overgeneration,unsupported_user_reaction,overgeneration,73,0.71484375,1,"{""style"": ""unsupported_user_reaction"", ""reason"": ""claim_absent_from_tool_response""}"
train,toolace-21::missing_tool,missing_tool,email,missing_tool,53,0.5211864406779662,0,"{""style"": ""email"", ""reason"": ""required_tool_unavailable""}"
train,toolace-488::tool_contradiction,tool_contradiction,number_substitution,tool_contradiction,4,0.09178228388473852,0,"{""style"": ""number_substitution"", ""source_value"": '2021', ""new_value"": '1718'}"
train,toolace-488::overgeneration,overgeneration,unsupported_comparison,overgeneration,80,0.9214145383104125,1,"{""style"": ""unsupported_comparison"", ""reason"": ""claim_absent_from_tool_response""}"
train,toolace-488::missing_tool,missing_tool,email,missing_tool,53,0.2805247225025227,0,"{""style"": ""email"", ""reason"": ""required_tool_unavailable""}"
train,toolace-648::tool_contradiction,tool_contradiction,entity_substitution,tool_contradiction,6,0.09859154929577464,0,"{""style"": ""entity_substitution"", ""source_value"": 'The General', ""new_value"": 'London'}"
train,toolace-648::overgeneration,overgeneration,unsupported_trend,overgeneration,60,0.0,1,"{""style"": ""unsupported_trend"", ""reason"": ""claim_absent_from_tool_response""}"
train,toolace-648::missing_tool,missing_tool,hotel,missing_tool,52,0.0,1,"{""style"": ""hotel"", ""reason"": ""required_tool_unavailable""}"
train,toolace-714::tool_contradiction,tool_contradiction,date_substitution,tool_contradiction,10,0.16727272727272727,0,"{""style"": ""date_substitution"", ""source_value"": '2015-06-12', ""new_value"": '2015-06-15'}"
train,toolace-714::overgeneration,overgeneration,unsupported_trend,overgeneration,60,0.0,0,"{""style"": ""unsupported_trend"", ""reason"": ""claim_absent_from_tool_response""}"
train,toolace-714::missing_tool,missing_tool,cancel,missing_tool,42,0.0,0,"{""style"": ""cancel"", ""reason"": ""required_tool_unavailable""}"
train,toolace-545::tool_contradiction,tool_contradiction,fallback_status,tool_contradiction,84,0.7889447236180904,1,"{""style"": ""fallback_status"", ""fallback"": true}"
train,toolace-545::overgeneration,overgeneration,unsupported_recommendation,overgeneration,76,0.0,0,"{""style"": ""unsupported_recommendation"", ""reason"": ""claim_absent_from_tool_response""}"
train,toolace-545::missing_tool,missing_tool,calendar,missing_tool,49,0.8650137741046832,1,"{""style"": ""calendar"", ""reason"": ""required_tool_unavailable""}"
train,toolace-768::tool_contradiction,tool_contradiction,cross_field_value_swap,tool_contradiction,13,0.09881422924901186,0,"{""style"": ""cross_field_value_swap"", ""source_value"": 'script', ""new_value"": 'environmental'}"
train,toolace-768::overgeneration,overgeneration,unsupported_user_reaction,overgeneration,73,0.0,0,"{""style"": ""unsupported_user_reaction"", ""reason"": ""claim_absent_from_tool_response""}"
train,toolace-768::missing_tool,missing_tool,flight,missing_tool,37,0.2887323943661972,0,"{""style"": ""flight"", ""reason"": ""required_tool_unavailable""}"
train,toolace-201::tool_contradiction,tool_contradiction,entity_substitution,tool_contradiction,7,0.08695652173913043,0,"{""style"": ""entity_substitution"", ""source_value"": 'High Definition Adventure', ""new_value"": 'Toronto'}"
train,toolace-201::overgeneration,overgeneration,unsupported_trend,overgeneration,60,0.7718631178707225,1,"{""style"": ""unsupported_trend"", ""reason"": ""claim_absent_from_tool_response""}"
train,toolace-201::missing_tool,missing_tool,cancel,missing_tool,42,0.0,0,"{""style"": ""cancel"", ""reason"": ""required_tool_unavailable""}"
train,toolace-315::tool_contradiction,tool_contradiction,cross_field_value_swap,tool_contradiction,15,0.21534653465346534,0,"{""style"": ""cross_field_value_swap"", ""source_value"": '#trending', ""new_value"": 'Search Hashtags'}"
train,toolace-315::overgeneration,overgeneration,unsupported_guarantee,overgeneration,76,0.0,0,"{""style"": ""unsupported_guarantee"", ""reason"": ""claim_absent_from_tool_response""}"
train,toolace-315::missing_tool,missing_tool,flight,missing_tool,37,0.9151376146788991,1,"{""style"": ""flight"", ""reason"": ""required_tool_unavailable""}"
train,toolace-134::tool_contradiction,tool_contradiction,number_substitution,tool_contradiction,4,0.5065913370998116,0,"{""style"": ""number_substitution"", ""source_value"": '2025', ""new_value"": '2329'}"
train,toolace-134::overgeneration,overgeneration,unsupported_risk,overgeneration,68,0.0,0,"{""style"": ""unsupported_risk"", ""reason"": ""claim_absent_from_tool_response""}"
train,toolace-134::missing_tool,missing_tool,calendar,missing_tool,49,0.9156626506024096,1,"{""style"": ""calendar"", ""reason"": ""required_tool_unavailable""}"
train,toolace-394::tool_contradiction,tool_contradiction,cross_field_value_swap,tool_contradiction,14,0.5748792270531401,0,"{""style"": ""cross_field_value_swap"", ""source_value"": 'example.com', ""new_value"": 'exportEntities'}"
train,toolace-394::overgeneration,overgeneration,unsupported_external_confirmation,overgeneration,71,0.0,0,"{""style"": ""unsupported_external_confirmation"", ""reason"": ""claim_absent_from_tool_response""}"
train,toolace-394::missing_tool,missing_tool,cancel,missing_tool,42,0.8299595141700404,1,"{""style"": ""cancel"", ""reason"": ""required_tool_unavailable""}"
train,toolace-224::tool_contradiction,tool_contradiction,fallback_value,tool_contradiction,80,0.0,0,"{""style"": ""fallback_value"", ""fallback"": true}"
train,toolace-224::overgeneration,overgeneration,unsupported_guarantee,overgeneration,76,0.07966457023060797,0,"{""style"": ""unsupported_guarantee"", ""reason"": ""claim_absent_from_tool_response""}"
train,toolace-224::missing_tool,missing_tool,calendar,missing_tool,49,0.0,0,"{""style"": ""calendar"", ""reason"": ""required_tool_unavailable""}"
train,toolace-370::tool_contradiction,tool_contradiction,cross_field_value_swap,tool_contradiction,12,0.9595015576323987,1,"{""style"": ""cross_field_value_swap"", ""source_value"": 'matches', ""new_value"": 'South Africa'}"
train,toolace-370::overgeneration,overgeneration,unsupported_cause,overgeneration,71,0.8170103092783505,1,"{""style"": ""unsupported_cause"", ""reason"": ""claim_absent_from_tool_response""}"
train,toolace-370::missing_tool,missing_tool,flight,missing_tool,37,0.0,0,"{""style"": ""flight"", ""reason"": ""required_tool_unavailable""}"
train,toolace-214::tool_contradiction,tool_contradiction,number_substitution,tool_contradiction,6,0.2559241706161137,0,"{""style"": ""number_substitution"", ""source_value"": '185.23', ""new_value"": '213.01'}"
train,toolace-214::overgeneration,overgeneration,unsupported_forecast,overgeneration,69,0.6463414634146342,0,"{""style"": ""unsupported_forecast"", ""reason"": ""claim_absent_from_tool_response""}"
train,toolace-214::missing_tool,missing_tool,email,missing_tool,53,0.0,0,"{""style"": ""email"", ""reason"": ""required_tool_unavailable""}"
train,toolace-264::tool_contradiction,tool_contradiction,cross_field_value_swap,tool_contradiction,20,0.6598984771573604,0,"{""style"": ""cross_field_value_swap"", ""source_value"": 'nothingness', ""new_value"": 'Search Poems by Line'}"
train,toolace-264::overgeneration,overgeneration,unsupported_forecast,overgeneration,69,0.8483516483516483,1,"{""style"": ""unsupported_forecast"", ""reason"": ""claim_absent_from_tool_response""}"
train,toolace-264::missing_tool,missing_tool,email,missing_tool,53,0.3052391799544419,0,"{""style"": ""email"", ""reason"": ""required_tool_unavailable""}"
train,toolace-40::tool_contradiction,tool_contradiction,cross_field_value_swap,tool_contradiction,18,0.5163487738419619,0,"{""style"": ""cross_field_value_swap"", ""source_value"": 'goldenretriever.jpg', ""new_value"": 'Get Breeds by Type'}"
train,toolace-40::overgeneration,overgeneration,unsupported_forecast,overgeneration,69,0.0,0,"{""style"": ""unsupported_forecast"", ""reason"": ""claim_absent_from_tool_response""}"
train,toolace-40::missing_tool,missing_tool,flight,missing_tool,37,0.9521345407503234,1,"{""style"": ""flight"", ""reason"": ""required_tool_unavailable""}"
train,toolace-482::tool_contradiction,tool_contradiction,code_substitution,tool_contradiction,4,0.6181818181818182,0,"{""style"": ""code_substitution"", ""source_value"": 'AMZN', ""new_value"": 'AMZX'}"
train,toolace-482::overgeneration,overgeneration,unsupported_external_confirmation,overgeneration,71,0.0,0,"{""style"": ""unsupported_external_confirmation"", ""reason"": ""claim_absent_from_tool_response""}"
train,toolace-482::missing_tool,missing_tool,cancel,missing_tool,42,0.5714285714285714,1,"{""style"": ""cancel"", ""reason"": ""required_tool_unavailable""}"
train,toolace-272::tool_contradiction,tool_contradiction,cross_field_value_swap,tool_contradiction,10,0.4508670520231214,0,"{""style"": ""cross_field_value_swap"", ""source_value"": 'age', ""new_value"": '2020-01-18'}"
train,toolace-272::overgeneration,overgeneration,unsupported_user_reaction,overgeneration,73,0.8232445520581114,1,"{""style"": ""unsupported_user_reaction"", ""reason"": ""claim_absent_from_tool_response""}"
train,toolace-272::missing_tool,missing_tool,email,missing_tool,53,0.0,0,"{""style"": ""email"", ""reason"": ""required_tool_unavailable""}"
train,toolace-476::tool_contradiction,tool_contradiction,cross_field_value_swap,tool_contradiction,10,0.23962516733601072,0,"{""style"": ""cross_field_value_swap"", ""source_value"": 'and', ""new_value"": 'statusCode'}"
train,toolace-476::overgeneration,overgeneration,unsupported_recommendation,overgeneration,76,0.09791921664626684,0,"{""style"": ""unsupported_recommendation"", ""reason"": ""claim_absent_from_tool_response""}"
train,toolace-476::missing_tool,missing_tool,calendar,missing_tool,49,0.9379746835443038,1,"{""style"": ""calendar"", ""reason"": ""required_tool_unavailable""}"
train,toolace-235::tool_contradiction,tool_contradiction,number_substitution,tool_contradiction,1,0.3464566929133858,0,"{""style"": ""number_substitution"", ""source_value"": '00', ""new_value"": '1'}"
train,toolace-235::overgeneration,overgeneration,unsupported_external_confirmation,overgeneration,71,0.09887005649717515,0,"{""style"": ""unsupported_external_confirmation"", ""reason"": ""claim_absent_from_tool_response""}"
train,toolace-235::missing_tool,missing_tool,email,missing_tool,53,0.9231884057971015,1,"{""style"": ""email"", ""reason"": ""required_tool_unavailable""}"
train,toolace-589::tool_contradiction,tool_contradiction,cross_field_value_swap,tool_contradiction,22,0.6304985337243402,0,"{""style"": ""cross_field_value_swap"", ""source_value"": 'nanotechnology', ""new_value"": 'biomed.get_patent_info'}"
train,toolace-589::overgeneration,overgeneration,unsupported_forecast,overgeneration,69,0.0,0,"{""style"": ""unsupported_forecast"", ""reason"": ""claim_absent_from_tool_response""}"
train,toolace-589::missing_tool,missing_tool,flight,missing_tool,37,0.9480337078651685,1,"{""style"": ""flight"", ""reason"": ""required_tool_unavailable""}"
train,toolace-378::tool_contradiction,tool_contradiction,entity_substitution,tool_contradiction,7,0.08639308855291576,0,"{""style"": ""entity_substitution"", ""source_value"": 'Mountain View', ""new_value"": 'Chicago'}"
train,toolace-378::overgeneration,overgeneration,unsupported_trend,overgeneration,60,0.10943396226415095,0,"{""style"": ""unsupported_trend"", ""reason"": ""claim_absent_from_tool_response""}"
train,toolace-378::missing_tool,missing_tool,cancel,missing_tool,42,0.0,0,"{""style"": ""cancel"", ""reason"": ""required_tool_unavailable""}"
train,toolace-599::tool_contradiction,tool_contradiction,fallback_value,tool_contradiction,80,0.6261682242990654,1,"{""style"": ""fallback_value"", ""fallback"": true}"
train,toolace-599::overgeneration,overgeneration,unsupported_forecast,overgeneration,69,0.6600985221674877,1,"{""style"": ""unsupported_forecast"", ""reason"": ""claim_absent_from_tool_response""}"
train,toolace-599::missing_tool,missing_tool,cancel,missing_tool,42,0.7613636363636364,1,"{""style"": ""cancel"", ""reason"": ""required_tool_unavailable""}"
train,toolace-631::tool_contradiction,tool_contradiction,cross_field_value_swap,tool_contradiction,15,0.4,0,"{""style"": ""cross_field_value_swap"", ""source_value"": 'negative', ""new_value"": 'sentiment_score'}"
train,toolace-631::overgeneration,overgeneration,unsupported_recommendation,overgeneration,76,0.0,0,"{""style"": ""unsupported_recommendation"", ""reason"": ""claim_absent_from_tool_response""}"
train,toolace-631::missing_tool,missing_tool,flight,missing_tool,37,0.0,0,"{""style"": ""flight"", ""reason"": ""required_tool_unavailable""}"
train,toolace-643::tool_contradiction,tool_contradiction,fallback_status,tool_contradiction,84,0.6363636363636364,1,"{""style"": ""fallback_status"", ""fallback"": true}"
train,toolace-643::overgeneration,overgeneration,unsupported_history,overgeneration,85,0.6336206896551724,1,"{""style"": ""unsupported_history"", ""reason"": ""claim_absent_from_tool_response""}"
train,toolace-643::missing_tool,missing_tool,hotel,missing_tool,52,0.0,1,"{""style"": ""hotel"", ""reason"": ""required_tool_unavailable""}"
train,toolace-310::tool_contradiction,tool_contradiction,fallback_status,tool_contradiction,84,0.0,0,"{""style"": ""fallback_status"", ""fallback"": true}"
train,toolace-310::overgeneration,overgeneration,unsupported_trend,overgeneration,60,0.8734177215189873,1,"{""style"": ""unsupported_trend"", ""reason"": ""claim_absent_from_tool_response""}"
train,toolace-310::missing_tool,missing_tool,calendar,missing_tool,49,0.8941684665226782,1,"{""style"": ""calendar"", ""reason"": ""required_tool_unavailable""}"
train,toolace-554::tool_contradiction,tool_contradiction,entity_substitution,tool_contradiction,6,0.2536443148688047,0,"{""style"": ""entity_substitution"", ""source_value"": 'Global Fast', ""new_value"": 'Sydney'}"
train,toolace-554::overgeneration,overgeneration,unsupported_recommendation,overgeneration,76,0.8211764705882353,1,"{""style"": ""unsupported_recommendation"", ""reason"": ""claim_absent_from_tool_response""}"
train,toolace-554::missing_tool,missing_tool,flight,missing_tool,37,0.0,0,"{""style"": ""flight"", ""reason"": ""required_tool_unavailable""}"
train,toolace-586::tool_contradiction,tool_contradiction,cross_field_value_swap,tool_contradiction,15,0.5015974440894568,0,"{""style"": ""cross_field_value_swap"", ""source_value"": 'systems', ""new_value"": 'risk_assessment'}"
train,toolace-586::overgeneration,overgeneration,unsupported_guarantee,overgeneration,76,0.8010471204188482,1,"{""style"": ""unsupported_guarantee"", ""reason"": ""claim_absent_from_tool_response""}"
train,toolace-586::missing_tool,missing_tool,flight,missing_tool,37,0.892128279883382,1,"{""style"": ""flight"", ""reason"": ""required_tool_unavailable""}"
train,toolace-388::tool_contradiction,tool_contradiction,number_substitution,tool_contradiction,3,0.18057921635434412,0,"{""style"": ""number_substitution"", ""source_value"": '0.1', ""new_value"": '1.1'}"
train,toolace-388::overgeneration,overgeneration,unsupported_guarantee,overgeneration,76,0.0,0,"{""style"": ""unsupported_guarantee"", ""reason"": ""claim_absent_from_tool_response""}"
train,toolace-388::missing_tool,missing_tool,email,missing_tool,53,0.9173166926677067,1,"{""style"": ""email"", ""reason"": ""required_tool_unavailable""}"
train,toolace-393::tool_contradiction,tool_contradiction,entity_substitution,tool_contradiction,7,0.9766277128547579,0,"{""style"": ""entity_substitution"", ""source_value"": 'Comic', ""new_value"": 'Toronto'}"
train,toolace-393::overgeneration,overgeneration,unsupported_external_confirmation,overgeneration,71,0.09715994020926756,0,"{""style"": ""unsupported_external_confirmation"", ""reason"": ""claim_absent_from_tool_response""}"
train,toolace-393::missing_tool,missing_tool,cancel,missing_tool,42,0.934375,1,"{""style"": ""cancel"", ""reason"": ""required_tool_unavailable""}"
train,toolace-204::tool_contradiction,tool_contradiction,entity_substitution,tool_contradiction,6,0.7248157248157249,0,"{""style"": ""entity_substitution"", ""source_value"": 'Water Bearer', ""new_value"": 'Sydney'}"
train,toolace-204::overgeneration,overgeneration,unsupported_cause,overgeneration,71,0.1360824742268041,0,"{""style"": ""unsupported_cause"", ""reason"": ""claim_absent_from_tool_response""}"
train,toolace-204::missing_tool,missing_tool,cancel,missing_tool,42,0.9078947368421053,1,"{""style"": ""cancel"", ""reason"": ""required_tool_unavailable""}"
train,toolace-217::tool_contradiction,tool_contradiction,cross_field_value_swap,tool_contradiction,12,0.05034324942791762,0,"{""style"": ""cross_field_value_swap"", ""source_value"": 'champions', ""new_value"": 'success_rate'}"
train,toolace-217::overgeneration,overgeneration,unsupported_user_reaction,overgeneration,73,0.0,0,"{""style"": ""unsupported_user_reaction"", ""reason"": ""claim_absent_from_tool_response""}"
train,toolace-217::missing_tool,missing_tool,cancel,missing_tool,42,0.0,0,"{""style"": ""cancel"", ""reason"": ""required_tool_unavailable""}"
train,toolace-304::tool_contradiction,tool_contradiction,status_or_boolean_flip,tool_contradiction,8,0.7619047619047619,0,"{""style"": ""status_or_boolean_flip"", ""source_value"": 'active', ""new_value"": 'inactive'}"
train,toolace-304::overgeneration,overgeneration,unsupported_forecast,overgeneration,69,0.37272727272727274,1,"{""style"": ""unsupported_forecast"", ""reason"": ""claim_absent_from_tool_response""}"
train,toolace-304::missing_tool,missing_tool,hotel,missing_tool,52,0.44086021505376344,1,"{""style"": ""hotel"", ""reason"": ""required_tool_unavailable""}"
train,toolace-637::tool_contradiction,tool_contradiction,fallback_opposite,tool_contradiction,67,0.0,0,"{""style"": ""fallback_opposite"", ""fallback"": true}"
train,toolace-637::overgeneration,overgeneration,unsupported_recommendation,overgeneration,76,0.4722222222222222,1,"{""style"": ""unsupported_recommendation"", ""reason"": ""claim_absent_from_tool_response""}"
train,toolace-637::missing_tool,missing_tool,hotel,missing_tool,52,0.0,1,"{""style"": ""hotel"", ""reason"": ""required_tool_unavailable""}"
train,toolace-139::tool_contradiction,tool_contradiction,cross_field_value_swap,tool_contradiction,12,0.03856749311294766,0,"{""style"": ""cross_field_value_swap"", ""source_value"": 'localities', ""new_value"": 'Autocomplete'}"
train,toolace-139::overgeneration,overgeneration,unsupported_user_reaction,overgeneration,73,0.0,0,"{""style"": ""unsupported_user_reaction"", ""reason"": ""claim_absent_from_tool_response""}"
train,toolace-139::missing_tool,missing_tool,email,missing_tool,53,0.11566265060240964,0,"{""style"": ""email"", ""reason"": ""required_tool_unavailable""}"
train,toolace-149::tool_contradiction,tool_contradiction,entity_substitution,tool_contradiction,4,0.16666666666666666,0,"{""style"": ""entity_substitution"", ""source_value"": 'OCR', ""new_value"": 'ROME'}"
train,toolace-149::overgeneration,overgeneration,unsupported_history,overgeneration,85,0.6558704453441295,1,"{""style"": ""unsupported_history"", ""reason"": ""claim_absent_from_tool_response""}"
train,toolace-149::missing_tool,missing_tool,email,missing_tool,53,0.7534883720930232,1,"{""style"": ""email"", ""reason"": ""required_tool_unavailable""}"
train,toolace-670::tool_contradiction,tool_contradiction,fallback_opposite,tool_contradiction,67,0.6358695652173914,1,"{""style"": ""fallback_opposite"", ""fallback"": true}"
train,toolace-670::overgeneration,overgeneration,unsupported_comparison,overgeneration,80,0.0,1,"{""style"": ""unsupported_comparison"", ""reason"": ""claim_absent_from_tool_response""}"
train,toolace-670::missing_tool,missing_tool,flight,missing_tool,37,0.7597402597402597,1,"{""style"": ""flight"", ""reason"": ""required_tool_unavailable""}"
train,toolace-278::tool_contradiction,tool_contradiction,entity_substitution,tool_contradiction,7,0.2615844544095665,0,"{""style"": ""entity_substitution"", ""source_value"": 'Get', ""new_value"": 'Beijing'}"
train,toolace-278::overgeneration,overgeneration,unsupported_external_confirmation,overgeneration,71,0.40027137042062416,0,"{""style"": ""unsupported_external_confirmation"", ""reason"": ""claim_absent_from_tool_response""}"
train,toolace-278::missing_tool,missing_tool,calendar,missing_tool,49,0.0,0,"{""style"": ""calendar"", ""reason"": ""required_tool_unavailable""}"
train,toolace-798::tool_contradiction,tool_contradiction,number_substitution,tool_contradiction,3,0.15165876777251186,0,"{""style"": ""number_substitution"", ""source_value"": '123', ""new_value"": '105'}"
train,toolace-798::overgeneration,overgeneration,unsupported_guarantee,overgeneration,76,0.4236111111111111,0,"{""style"": ""unsupported_guarantee"", ""reason"": ""claim_absent_from_tool_response""}"
train,toolace-798::missing_tool,missing_tool,cancel,missing_tool,42,0.48031496062992124,0,"{""style"": ""cancel"", ""reason"": ""required_tool_unavailable""}"
train,toolace-679::tool_contradiction,tool_contradiction,cross_field_value_swap,tool_contradiction,15,0.7250755287009063,0,"{""style"": ""cross_field_value_swap"", ""source_value"": 'conservation', ""new_value"": 'assessment_date'}"
train,toolace-679::overgeneration,overgeneration,unsupported_user_reaction,overgeneration,73,0.0,0,"{""style"": ""unsupported_user_reaction"", ""reason"": ""claim_absent_from_tool_response""}"
train,toolace-679::missing_tool,missing_tool,email,missing_tool,53,0.8612565445026178,1,"{""style"": ""email"", ""reason"": ""required_tool_unavailable""}"
train,toolace-71::tool_contradiction,tool_contradiction,time_substitution,tool_contradiction,5,0.5056603773584906,0,"{""style"": ""time_substitution"", ""source_value"": '01:23', ""new_value"": '04:23'}"
train,toolace-71::overgeneration,overgeneration,unsupported_forecast,overgeneration,69,0.7940298507462686,1,"{""style"": ""unsupported_forecast"", ""reason"": ""claim_absent_from_tool_response""}"
train,toolace-71::missing_tool,missing_tool,calendar,missing_tool,49,0.8444444444444444,1,"{""style"": ""calendar"", ""reason"": ""required_tool_unavailable""}"
train,toolace-751::tool_contradiction,tool_contradiction,cross_field_value_swap,tool_contradiction,36,0.0835030549898167,0,"{""style"": ""cross_field_value_swap"", ""source_value"": 'The Great Wave off Kanagawa', ""new_value"": 'EdoArtifacts.retrieveArtifactDetails'}"
train,toolace-751::overgeneration,overgeneration,unsupported_forecast,overgeneration,69,0.0,0,"{""style"": ""unsupported_forecast"", ""reason"": ""claim_absent_from_tool_response""}"
train,toolace-751::missing_tool,missing_tool,ride,missing_tool,46,0.0,0,"{""style"": ""ride"", ""reason"": ""required_tool_unavailable""}"
train,toolace-375::tool_contradiction,tool_contradiction,cross_field_value_swap,tool_contradiction,16,0.5297297297297298,0,"{""style"": ""cross_field_value_swap"", ""source_value"": '5df41881-3aed-3515-88a7-2f4a814cf09e', ""new_value"": 'UUIDv3 Generator'}"
train,toolace-375::overgeneration,overgeneration,unsupported_guarantee,overgeneration,76,0.7304964539007093,1,"{""style"": ""unsupported_guarantee"", ""reason"": ""claim_absent_from_tool_response""}"
train,toolace-375::missing_tool,missing_tool,calendar,missing_tool,49,0.5411764705882353,0,"{""style"": ""calendar"", ""reason"": ""required_tool_unavailable""}"
train,toolace-350::tool_contradiction,tool_contradiction,number_substitution,tool_contradiction,6,0.4185606060606061,0,"{""style"": ""number_substitution"", ""source_value"": '193.169', ""new_value"": '164.19'}"
train,toolace-350::overgeneration,overgeneration,unsupported_cause,overgeneration,71,0.8818635607321131,1,"{""style"": ""unsupported_cause"", ""reason"": ""claim_absent_from_tool_response""}"
train,toolace-350::missing_tool,missing_tool,calendar,missing_tool,49,0.12089810017271158,0,"{""style"": ""calendar"", ""reason"": ""required_tool_unavailable""}"
train,toolace-654::tool_contradiction,tool_contradiction,cross_field_value_swap,tool_contradiction,5,0.2182628062360802,0,"{""style"": ""cross_field_value_swap"", ""source_value"": 'formal', ""new_value"": '10:00'}"
train,toolace-654::overgeneration,overgeneration,unsupported_recommendation,overgeneration,76,0.855787476280835,1,"{""style"": ""unsupported_recommendation"", ""reason"": ""claim_absent_from_tool_response""}"
train,toolace-654::missing_tool,missing_tool,hotel,missing_tool,52,0.0,0,"{""style"": ""hotel"", ""reason"": ""required_tool_unavailable""}"
train,toolace-636::tool_contradiction,tool_contradiction,cross_field_value_swap,tool_contradiction,5,0.47619047619047616,0,"{""style"": ""cross_field_value_swap"", ""source_value"": 'genre', ""new_value"": 'music'}"
train,toolace-636::overgeneration,overgeneration,unsupported_trend,overgeneration,60,0.5161290322580645,1,"{""style"": ""unsupported_trend"", ""reason"": ""claim_absent_from_tool_response""}"
train,toolace-636::missing_tool,missing_tool,calendar,missing_tool,49,0.5663716814159292,1,"{""style"": ""calendar"", ""reason"": ""required_tool_unavailable""}"
train,toolace-399::tool_contradiction,tool_contradiction,code_substitution,tool_contradiction,8,0.03802281368821293,0,"{""style"": ""code_substitution"", ""source_value"": 'TRENDING', ""new_value"": 'TRENDINX'}"
train,toolace-399::overgeneration,overgeneration,unsupported_cause,overgeneration,71,0.0,0,"{""style"": ""unsupported_cause"", ""reason"": ""claim_absent_from_tool_response""}"
train,toolace-399::missing_tool,missing_tool,flight,missing_tool,37,0.0,0,"{""style"": ""flight"", ""reason"": ""required_tool_unavailable""}"
train,toolace-529::tool_contradiction,tool_contradiction,fallback_status,tool_contradiction,84,0.5757575757575758,1,"{""style"": ""fallback_status"", ""fallback"": true}"
train,toolace-529::overgeneration,overgeneration,unsupported_user_reaction,overgeneration,73,0.6096256684491979,1,"{""style"": ""unsupported_user_reaction"", ""reason"": ""claim_absent_from_tool_response""}"
train,toolace-529::missing_tool,missing_tool,email,missing_tool,53,0.6826347305389222,1,"{""style"": ""email"", ""reason"": ""required_tool_unavailable""}"
train,toolace-731::tool_contradiction,tool_contradiction,number_substitution,tool_contradiction,1,0.19662921348314608,0,"{""style"": ""number_substitution"", ""source_value"": '00', ""new_value"": '1'}"
train,toolace-731::overgeneration,overgeneration,unsupported_external_confirmation,overgeneration,71,0.0,0,"{""style"": ""unsupported_external_confirmation"", ""reason"": ""claim_absent_from_tool_response""}"
train,toolace-731::missing_tool,missing_tool,flight,missing_tool,37,0.0,0,"{""style"": ""flight"", ""reason"": ""required_tool_unavailable""}"
train,toolace-494::tool_contradiction,tool_contradiction,number_substitution,tool_contradiction,7,0.5327868852459017,0,"{""style"": ""number_substitution"", ""source_value"": '1892.34', ""new_value"": '2176.19'}"
train,toolace-494::overgeneration,overgeneration,unsupported_recommendation,overgeneration,76,0.6180904522613065,1,"{""style"": ""unsupported_recommendation"", ""reason"": ""claim_absent_from_tool_response""}"
train,toolace-494::missing_tool,missing_tool,email,missing_tool,53,0.0,0,"{""style"": ""email"", ""reason"": ""required_tool_unavailable""}"
train,toolace-486::tool_contradiction,tool_contradiction,number_substitution,tool_contradiction,6,0.28136200716845877,0,"{""style"": ""number_substitution"", ""source_value"": '120.5', ""new_value"": '138.57'}"
train,toolace-486::overgeneration,overgeneration,unsupported_trend,overgeneration,60,0.9029126213592233,1,"{""style"": ""unsupported_trend"", ""reason"": ""claim_absent_from_tool_response""}"
train,toolace-486::missing_tool,missing_tool,cancel,missing_tool,42,0.93,1,"{""style"": ""cancel"", ""reason"": ""required_tool_unavailable""}"
train,toolace-142::tool_contradiction,tool_contradiction,number_substitution,tool_contradiction,6,0.14674868189806678,0,"{""style"": ""number_substitution"", ""source_value"": '750.88', ""new_value"": '863.51'}"
train,toolace-142::overgeneration,overgeneration,unsupported_guarantee,overgeneration,76,0.9374485596707819,1,"{""style"": ""unsupported_guarantee"", ""reason"": ""claim_absent_from_tool_response""}"
train,toolace-142::missing_tool,missing_tool,payment,missing_tool,43,0.10744500846023688,0,"{""style"": ""payment"", ""reason"": ""required_tool_unavailable""}"
train,toolace-230::tool_contradiction,tool_contradiction,number_substitution,tool_contradiction,2,0.020050125313283207,0,"{""style"": ""number_substitution"", ""source_value"": '10', ""new_value"": '12'}"
train,toolace-230::overgeneration,overgeneration,unsupported_comparison,overgeneration,80,0.8333333333333334,1,"{""style"": ""unsupported_comparison"", ""reason"": ""claim_absent_from_tool_response""}"
train,toolace-230::missing_tool,missing_tool,email,missing_tool,53,0.0,0,"{""style"": ""email"", ""reason"": ""required_tool_unavailable""}"
train,toolace-506::tool_contradiction,tool_contradiction,cross_field_value_swap,tool_contradiction,7,0.1386861313868613,0,"{""style"": ""cross_field_value_swap"", ""source_value"": 'privileges', ""new_value"": 'execute'}"
train,toolace-506::overgeneration,overgeneration,unsupported_forecast,overgeneration,69,0.0,0,"{""style"": ""unsupported_forecast"", ""reason"": ""claim_absent_from_tool_response""}"
train,toolace-506::missing_tool,missing_tool,email,missing_tool,53,0.34536082474226804,0,"{""style"": ""email"", ""reason"": ""required_tool_unavailable""}"
train,toolace-334::tool_contradiction,tool_contradiction,number_substitution,tool_contradiction,4,0.0951111111111111,0,"{""style"": ""number_substitution"", ""source_value"": '2021', ""new_value"": '1718'}"
train,toolace-334::overgeneration,overgeneration,unsupported_risk,overgeneration,68,0.0,0,"{""style"": ""unsupported_risk"", ""reason"": ""claim_absent_from_tool_response""}"
train,toolace-334::missing_tool,missing_tool,calendar,missing_tool,49,0.9582978723404255,1,"{""style"": ""calendar"", ""reason"": ""required_tool_unavailable""}"
train,toolace-194::tool_contradiction,tool_contradiction,number_substitution,tool_contradiction,2,0.21023765996343693,0,"{""style"": ""number_substitution"", ""source_value"": '101', ""new_value"": '86'}"
train,toolace-194::overgeneration,overgeneration,unsupported_trend,overgeneration,60,0.15270935960591134,0,"{""style"": ""unsupported_trend"", ""reason"": ""claim_absent_from_tool_response""}"
train,toolace-194::missing_tool,missing_tool,calendar,missing_tool,49,0.15551839464882944,0,"{""style"": ""calendar"", ""reason"": ""required_tool_unavailable""}"
train,toolace-395::tool_contradiction,tool_contradiction,entity_substitution,tool_contradiction,5,0.07165109034267912,0,"{""style"": ""entity_substitution"", ""source_value"": 'James Smith', ""new_value"": 'Paris'}"
train,toolace-395::overgeneration,overgeneration,unsupported_forecast,overgeneration,69,0.0,0,"{""style"": ""unsupported_forecast"", ""reason"": ""claim_absent_from_tool_response""}"
train,toolace-395::missing_tool,missing_tool,email,missing_tool,53,0.5643044619422573,0,"{""style"": ""email"", ""reason"": ""required_tool_unavailable""}"
train,toolace-799::tool_contradiction,tool_contradiction,cross_field_value_swap,tool_contradiction,16,0.6205357142857143,0,"{""style"": ""cross_field_value_swap"", ""source_value"": 'visualization', ""new_value"": 'getCourseContent'}"
train,toolace-799::overgeneration,overgeneration,unsupported_user_reaction,overgeneration,73,0.5220338983050847,0,"{""style"": ""unsupported_user_reaction"", ""reason"": ""claim_absent_from_tool_response""}"
train,toolace-799::missing_tool,missing_tool,email,missing_tool,53,0.56,0,"{""style"": ""email"", ""reason"": ""required_tool_unavailable""}"
train,toolace-647::tool_contradiction,tool_contradiction,entity_substitution,tool_contradiction,5,0.2839285714285714,0,"{""style"": ""entity_substitution"", ""source_value"": 'Pressure Immobilization Bandage', ""new_value"": 'Tokyo'}"
train,toolace-647::overgeneration,overgeneration,unsupported_cause,overgeneration,71,0.08206686930091185,0,"{""style"": ""unsupported_cause"", ""reason"": ""claim_absent_from_tool_response""}"
train,toolace-647::missing_tool,missing_tool,cancel,missing_tool,42,0.08585055643879173,0,"{""style"": ""cancel"", ""reason"": ""required_tool_unavailable""}"
train,toolace-718::tool_contradiction,tool_contradiction,fallback_value,tool_contradiction,80,0.6911196911196911,1,"{""style"": ""fallback_value"", ""fallback"": true}"
train,toolace-718::overgeneration,overgeneration,unsupported_comparison,overgeneration,80,0.1891891891891892,0,"{""style"": ""unsupported_comparison"", ""reason"": ""claim_absent_from_tool_response""}"
train,toolace-718::missing_tool,missing_tool,flight,missing_tool,37,0.0,0,"{""style"": ""flight"", ""reason"": ""required_tool_unavailable""}"
train,toolace-509::tool_contradiction,tool_contradiction,cross_field_value_swap,tool_contradiction,9,0.24836601307189543,0,"{""style"": ""cross_field_value_swap"", ""source_value"": 'parents', ""new_value"": 'relations'}"
train,toolace-509::overgeneration,overgeneration,unsupported_forecast,overgeneration,69,0.0,1,"{""style"": ""unsupported_forecast"", ""reason"": ""claim_absent_from_tool_response""}"
train,toolace-509::missing_tool,missing_tool,cancel,missing_tool,42,0.7835051546391752,1,"{""style"": ""cancel"", ""reason"": ""required_tool_unavailable""}"
train,toolace-421::tool_contradiction,tool_contradiction,cross_field_value_swap,tool_contradiction,10,0.17595307917888564,0,"{""style"": ""cross_field_value_swap"", ""source_value"": 'for', ""new_value"": '2020-06-14'}"
train,toolace-421::overgeneration,overgeneration,unsupported_cause,overgeneration,71,0.1896551724137931,0,"{""style"": ""unsupported_cause"", ""reason"": ""claim_absent_from_tool_response""}"
train,toolace-421::missing_tool,missing_tool,flight,missing_tool,37,0.0,0,"{""style"": ""flight"", ""reason"": ""required_tool_unavailable""}"
train,toolace-596::tool_contradiction,tool_contradiction,generic_value_substitution,tool_contradiction,20,0.038834951456310676,0,"{""style"": ""generic_value_substitution"", ""source_value"": 'thermostat', ""new_value"": 'different thermostat'}"
train,toolace-596::overgeneration,overgeneration,unsupported_external_confirmation,overgeneration,71,0.5696969696969697,1,"{""style"": ""unsupported_external_confirmation"", ""reason"": ""claim_absent_from_tool_response""}"
train,toolace-596::missing_tool,missing_tool,cancel,missing_tool,42,0.0,1,"{""style"": ""cancel"", ""reason"": ""required_tool_unavailable""}"
train,toolace-684::tool_contradiction,tool_contradiction,number_substitution,tool_contradiction,4,0.8421052631578947,0,"{""style"": ""number_substitution"", ""source_value"": '2020', ""new_value"": '2323'}"
train,toolace-684::overgeneration,overgeneration,unsupported_history,overgeneration,85,0.575,1,"{""style"": ""unsupported_history"", ""reason"": ""claim_absent_from_tool_response""}"
train,toolace-684::missing_tool,missing_tool,email,missing_tool,53,0.6845238095238095,1,"{""style"": ""email"", ""reason"": ""required_tool_unavailable""}"
train,toolace-787::tool_contradiction,tool_contradiction,number_substitution,tool_contradiction,2,0.19722222222222222,0,"{""style"": ""number_substitution"", ""source_value"": '85', ""new_value"": '98'}"
train,toolace-787::overgeneration,overgeneration,unsupported_cause,overgeneration,71,0.8356481481481481,1,"{""style"": ""unsupported_cause"", ""reason"": ""claim_absent_from_tool_response""}"
train,toolace-787::missing_tool,missing_tool,flight,missing_tool,37,0.907035175879397,1,"{""style"": ""flight"", ""reason"": ""required_tool_unavailable""}"
train,toolace-5::tool_contradiction,tool_contradiction,cross_field_value_swap,tool_contradiction,68,0.6691519105312209,0,"{""style"": ""cross_field_value_swap"", ""source_value"": 'One of the most recognized songs from Linkin Park', ""new_value"": 'The classic song that has been popular for years as an internet meme'}"
train,toolace-5::overgeneration,overgeneration,unsupported_external_confirmation,overgeneration,71,0.0,0,"{""style"": ""unsupported_external_confirmation"", ""reason"": ""claim_absent_from_tool_response""}"
train,toolace-5::missing_tool,missing_tool,flight,missing_tool,37,0.9661172161172161,1,"{""style"": ""flight"", ""reason"": ""required_tool_unavailable""}"
train,toolace-143::tool_contradiction,tool_contradiction,entity_substitution,tool_contradiction,6,0.025297619047619048,0,"{""style"": ""entity_substitution"", ""source_value"": 'Information', ""new_value"": 'Boston'}"
train,toolace-143::overgeneration,overgeneration,unsupported_user_reaction,overgeneration,73,0.0,0,"{""style"": ""unsupported_user_reaction"", ""reason"": ""claim_absent_from_tool_response""}"
train,toolace-143::missing_tool,missing_tool,email,missing_tool,53,0.9274965800273598,1,"{""style"": ""email"", ""reason"": ""required_tool_unavailable""}"
train,toolace-434::tool_contradiction,tool_contradiction,number_substitution,tool_contradiction,2,0.061933534743202415,0,"{""style"": ""number_substitution"", ""source_value"": '100', ""new_value"": '85'}"
train,toolace-434::overgeneration,overgeneration,unsupported_external_confirmation,overgeneration,71,0.10340136054421768,0,"{""style"": ""unsupported_external_confirmation"", ""reason"": ""claim_absent_from_tool_response""}"
train,toolace-434::missing_tool,missing_tool,calendar,missing_tool,49,0.0,0,"{""style"": ""calendar"", ""reason"": ""required_tool_unavailable""}"
train,toolace-556::tool_contradiction,tool_contradiction,cross_field_value_swap,tool_contradiction,29,0.42788461538461536,0,"{""style"": ""cross_field_value_swap"", ""source_value"": '5% cashback on groceries and 2% on dining', ""new_value"": 'RewardPrograms.getCardRewards'}"
train,toolace-556::overgeneration,overgeneration,unsupported_guarantee,overgeneration,76,0.7441077441077442,1,"{""style"": ""unsupported_guarantee"", ""reason"": ""claim_absent_from_tool_response""}"
train,toolace-556::missing_tool,missing_tool,email,missing_tool,53,0.8065693430656934,1,"{""style"": ""email"", ""reason"": ""required_tool_unavailable""}"
train,toolace-413::tool_contradiction,tool_contradiction,date_substitution,tool_contradiction,10,0.19153225806451613,0,"{""style"": ""date_substitution"", ""source_value"": '2024-02-01', ""new_value"": '2024-02-04'}"
train,toolace-413::overgeneration,overgeneration,unsupported_guarantee,overgeneration,76,0.8673647469458988,1,"{""style"": ""unsupported_guarantee"", ""reason"": ""claim_absent_from_tool_response""}"
train,toolace-413::missing_tool,missing_tool,hotel,missing_tool,52,0.0,0,"{""style"": ""hotel"", ""reason"": ""required_tool_unavailable""}"
train,toolace-253::tool_contradiction,tool_contradiction,cross_field_value_swap,tool_contradiction,11,0.640877598152425,0,"{""style"": ""cross_field_value_swap"", ""source_value"": 'stock', ""new_value"": 'suggestions'}"
train,toolace-253::overgeneration,overgeneration,unsupported_cause,overgeneration,71,0.0,0,"{""style"": ""unsupported_cause"", ""reason"": ""claim_absent_from_tool_response""}"
train,toolace-253::missing_tool,missing_tool,calendar,missing_tool,49,0.9461538461538461,1,"{""style"": ""calendar"", ""reason"": ""required_tool_unavailable""}"
train,toolace-571::tool_contradiction,tool_contradiction,cross_field_value_swap,tool_contradiction,14,0.7323232323232324,0,"{""style"": ""cross_field_value_swap"", ""source_value"": 'example.com', ""new_value"": 'createMediaKit'}"
train,toolace-571::overgeneration,overgeneration,unsupported_external_confirmation,overgeneration,71,0.0,0,"{""style"": ""unsupported_external_confirmation"", ""reason"": ""claim_absent_from_tool_response""}"
train,toolace-571::missing_tool,missing_tool,hotel,missing_tool,52,0.7903225806451613,1,"{""style"": ""hotel"", ""reason"": ""required_tool_unavailable""}"
train,toolace-271::tool_contradiction,tool_contradiction,fallback_status,tool_contradiction,84,0.2857142857142857,0,"{""style"": ""fallback_status"", ""fallback"": true}"
train,toolace-271::overgeneration,overgeneration,unsupported_recommendation,overgeneration,76,0.2966507177033493,0,"{""style"": ""unsupported_recommendation"", ""reason"": ""claim_absent_from_tool_response""}"
train,toolace-271::missing_tool,missing_tool,calendar,missing_tool,49,0.7307692307692307,1,"{""style"": ""calendar"", ""reason"": ""required_tool_unavailable""}"
train,toolace-73::tool_contradiction,tool_contradiction,cross_field_value_swap,tool_contradiction,16,0.2301980198019802,0,"{""style"": ""cross_field_value_swap"", ""source_value"": 'techcrunch', ""new_value"": 'News Sources API'}"
train,toolace-73::overgeneration,overgeneration,unsupported_guarantee,overgeneration,76,0.0,0,"{""style"": ""unsupported_guarantee"", ""reason"": ""claim_absent_from_tool_response""}"
train,toolace-73::missing_tool,missing_tool,cancel,missing_tool,42,0.9047619047619048,1,"{""style"": ""cancel"", ""reason"": ""required_tool_unavailable""}"
train,toolace-95::tool_contradiction,tool_contradiction,number_substitution,tool_contradiction,4,0.6174496644295302,0,"{""style"": ""number_substitution"", ""source_value"": '2018', ""new_value"": '2321'}"
train,toolace-95::overgeneration,overgeneration,unsupported_cause,overgeneration,71,0.1945945945945946,0,"{""style"": ""unsupported_cause"", ""reason"": ""claim_absent_from_tool_response""}"
train,toolace-95::missing_tool,missing_tool,cancel,missing_tool,42,0.21114369501466276,0,"{""style"": ""cancel"", ""reason"": ""required_tool_unavailable""}"
train,toolace-99::tool_contradiction,tool_contradiction,entity_substitution,tool_contradiction,9,0.30362116991643456,0,"{""style"": ""entity_substitution"", ""source_value"": 'Team A', ""new_value"": 'Singapore'}"
train,toolace-99::overgeneration,overgeneration,unsupported_trend,overgeneration,60,0.8561151079136691,1,"{""style"": ""unsupported_trend"", ""reason"": ""claim_absent_from_tool_response""}"
train,toolace-99::missing_tool,missing_tool,email,missing_tool,53,0.8707317073170732,1,"{""style"": ""email"", ""reason"": ""required_tool_unavailable""}"
train,toolace-252::tool_contradiction,tool_contradiction,number_substitution,tool_contradiction,2,0.14748603351955308,0,"{""style"": ""number_substitution"", ""source_value"": '33', ""new_value"": '28'}"
train,toolace-252::overgeneration,overgeneration,unsupported_user_reaction,overgeneration,73,0.007223942208462332,0,"{""style"": ""unsupported_user_reaction"", ""reason"": ""claim_absent_from_tool_response""}"
train,toolace-252::missing_tool,missing_tool,cancel,missing_tool,42,0.9552238805970149,1,"{""style"": ""cancel"", ""reason"": ""required_tool_unavailable""}"
train,toolace-564::tool_contradiction,tool_contradiction,cross_field_value_swap,tool_contradiction,9,0.8503401360544217,0,"{""style"": ""cross_field_value_swap"", ""source_value"": 'ai', ""new_value"": 'step_size'}"
train,toolace-564::overgeneration,overgeneration,unsupported_history,overgeneration,85,0.6238938053097345,1,"{""style"": ""unsupported_history"", ""reason"": ""claim_absent_from_tool_response""}"
train,toolace-564::missing_tool,missing_tool,email,missing_tool,53,0.7268041237113402,1,"{""style"": ""email"", ""reason"": ""required_tool_unavailable""}"
train,toolace-137::tool_contradiction,tool_contradiction,cross_field_value_swap,tool_contradiction,24,0.6519823788546255,0,"{""style"": ""cross_field_value_swap"", ""source_value"": 'Generated QR Code PNG Image for URL www.example.com', ""new_value"": 'QR Code Image Generation'}"
train,toolace-137::overgeneration,overgeneration,unsupported_risk,overgeneration,68,0.7894736842105263,1,"{""style"": ""unsupported_risk"", ""reason"": ""claim_absent_from_tool_response""}"
train,toolace-137::missing_tool,missing_tool,cancel,missing_tool,42,0.25925925925925924,0,"{""style"": ""cancel"", ""reason"": ""required_tool_unavailable""}"
train,toolace-176::tool_contradiction,tool_contradiction,fallback_value,tool_contradiction,80,0.3225458468176915,0,"{""style"": ""fallback_value"", ""fallback"": true}"
train,toolace-176::overgeneration,overgeneration,unsupported_risk,overgeneration,68,0.0,0,"{""style"": ""unsupported_risk"", ""reason"": ""claim_absent_from_tool_response""}"
train,toolace-176::missing_tool,missing_tool,flight,missing_tool,37,0.9581447963800905,1,"{""style"": ""flight"", ""reason"": ""required_tool_unavailable""}"
train,toolace-578::tool_contradiction,tool_contradiction,number_substitution,tool_contradiction,2,0.27813504823151125,0,"{""style"": ""number_substitution"", ""source_value"": '85', ""new_value"": '98'}"
train,toolace-578::overgeneration,overgeneration,unsupported_history,overgeneration,85,0.16666666666666666,0,"{""style"": ""unsupported_history"", ""reason"": ""claim_absent_from_tool_response""}"
train,toolace-578::missing_tool,missing_tool,email,missing_tool,53,0.17455621301775148,0,"{""style"": ""email"", ""reason"": ""required_tool_unavailable""}"
train,toolace-534::tool_contradiction,tool_contradiction,number_substitution,tool_contradiction,4,0.21301775147928995,0,"{""style"": ""number_substitution"", ""source_value"": '2025', ""new_value"": '2329'}"
train,toolace-534::overgeneration,overgeneration,unsupported_history,overgeneration,85,0.0,0,"{""style"": ""unsupported_history"", ""reason"": ""claim_absent_from_tool_response""}"
train,toolace-534::missing_tool,missing_tool,calendar,missing_tool,49,0.8737113402061856,1,"{""style"": ""calendar"", ""reason"": ""required_tool_unavailable""}"
train,toolace-335::tool_contradiction,tool_contradiction,number_substitution,tool_contradiction,4,0.13541666666666666,0,"{""style"": ""number_substitution"", ""source_value"": '10001', ""new_value"": '8501'}"
train,toolace-335::overgeneration,overgeneration,unsupported_cause,overgeneration,71,0.8716094032549728,1,"{""style"": ""unsupported_cause"", ""reason"": ""claim_absent_from_tool_response""}"
train,toolace-335::missing_tool,missing_tool,hotel,missing_tool,52,0.9026217228464419,1,"{""style"": ""hotel"", ""reason"": ""required_tool_unavailable""}"
train,toolace-553::tool_contradiction,tool_contradiction,fallback_value,tool_contradiction,80,0.0,0,"{""style"": ""fallback_value"", ""fallback"": true}"
train,toolace-553::overgeneration,overgeneration,unsupported_forecast,overgeneration,69,0.6461538461538462,1,"{""style"": ""unsupported_forecast"", ""reason"": ""claim_absent_from_tool_response""}"
train,toolace-553::missing_tool,missing_tool,calendar,missing_tool,49,0.37714285714285717,0,"{""style"": ""calendar"", ""reason"": ""required_tool_unavailable""}"
train,toolace-753::tool_contradiction,tool_contradiction,entity_substitution,tool_contradiction,9,0.16666666666666666,0,"{""style"": ""entity_substitution"", ""source_value"": 'SalesData', ""new_value"": 'Singapore'}"
train,toolace-753::overgeneration,overgeneration,unsupported_history,overgeneration,85,0.6730769230769231,1,"{""style"": ""unsupported_history"", ""reason"": ""claim_absent_from_tool_response""}"
train,toolace-753::missing_tool,missing_tool,email,missing_tool,53,0.0,0,"{""style"": ""email"", ""reason"": ""required_tool_unavailable""}"
train,toolace-246::tool_contradiction,tool_contradiction,fallback_status,tool_contradiction,84,0.0,0,"{""style"": ""fallback_status"", ""fallback"": true}"
train,toolace-246::overgeneration,overgeneration,unsupported_guarantee,overgeneration,76,0.9220512820512821,1,"{""style"": ""unsupported_guarantee"", ""reason"": ""claim_absent_from_tool_response""}"
train,toolace-246::missing_tool,missing_tool,email,missing_tool,53,0.43592436974789917,0,"{""style"": ""email"", ""reason"": ""required_tool_unavailable""}"
train,toolace-520::tool_contradiction,tool_contradiction,cross_field_value_swap,tool_contradiction,27,0.8851063829787233,1,"{""style"": ""cross_field_value_swap"", ""source_value"": 'infographic_url_here', ""new_value"": 'infographicDesign001.create'}"
train,toolace-520::overgeneration,overgeneration,unsupported_history,overgeneration,85,0.5445859872611465,0,"{""style"": ""unsupported_history"", ""reason"": ""claim_absent_from_tool_response""}"
train,toolace-520::missing_tool,missing_tool,email,missing_tool,53,0.8120567375886525,1,"{""style"": ""email"", ""reason"": ""required_tool_unavailable""}"
train,toolace-422::tool_contradiction,tool_contradiction,fallback_opposite,tool_contradiction,67,0.0,0,"{""style"": ""fallback_opposite"", ""fallback"": true}"
train,toolace-422::overgeneration,overgeneration,unsupported_guarantee,overgeneration,76,0.7042801556420234,1,"{""style"": ""unsupported_guarantee"", ""reason"": ""claim_absent_from_tool_response""}"
train,toolace-422::missing_tool,missing_tool,cancel,missing_tool,42,0.0,0,"{""style"": ""cancel"", ""reason"": ""required_tool_unavailable""}"
train,toolace-712::tool_contradiction,tool_contradiction,fallback_status,tool_contradiction,84,0.6806083650190115,1,"{""style"": ""fallback_status"", ""fallback"": true}"
train,toolace-712::overgeneration,overgeneration,unsupported_forecast,overgeneration,69,0.7217741935483871,1,"{""style"": ""unsupported_forecast"", ""reason"": ""claim_absent_from_tool_response""}"
train,toolace-712::missing_tool,missing_tool,calendar,missing_tool,49,0.0,0,"{""style"": ""calendar"", ""reason"": ""required_tool_unavailable""}"
train,toolace-238::tool_contradiction,tool_contradiction,cross_field_value_swap,tool_contradiction,11,0.8803418803418803,0,"{""style"": ""cross_field_value_swap"", ""source_value"": 'more', ""new_value"": 'cooperation'}"
train,toolace-238::overgeneration,overgeneration,unsupported_cause,overgeneration,71,0.16826923076923078,0,"{""style"": ""unsupported_cause"", ""reason"": ""claim_absent_from_tool_response""}"
train,toolace-238::missing_tool,missing_tool,calendar,missing_tool,49,0.17766497461928935,0,"{""style"": ""calendar"", ""reason"": ""required_tool_unavailable""}"
train,toolace-363::tool_contradiction,tool_contradiction,fallback_status,tool_contradiction,84,0.6528925619834711,1,"{""style"": ""fallback_status"", ""fallback"": true}"
train,toolace-363::overgeneration,overgeneration,unsupported_recommendation,overgeneration,76,0.14957264957264957,0,"{""style"": ""unsupported_recommendation"", ""reason"": ""claim_absent_from_tool_response""}"
train,toolace-363::missing_tool,missing_tool,cancel,missing_tool,42,0.175,0,"{""style"": ""cancel"", ""reason"": ""required_tool_unavailable""}"
train,toolace-285::tool_contradiction,tool_contradiction,fallback_value,tool_contradiction,80,0.8677685950413223,1,"{""style"": ""fallback_value"", ""fallback"": true}"
train,toolace-285::overgeneration,overgeneration,unsupported_comparison,overgeneration,80,0.0,0,"{""style"": ""unsupported_comparison"", ""reason"": ""claim_absent_from_tool_response""}"
train,toolace-285::missing_tool,missing_tool,cancel,missing_tool,42,0.9259259259259259,1,"{""style"": ""cancel"", ""reason"": ""required_tool_unavailable""}"
train,toolace-485::tool_contradiction,tool_contradiction,entity_substitution,tool_contradiction,9,0.10197368421052631,0,"{""style"": ""entity_substitution"", ""source_value"": 'Physics', ""new_value"": 'Singapore'}"
train,toolace-485::overgeneration,overgeneration,unsupported_history,overgeneration,85,0.5773195876288659,0,"{""style"": ""unsupported_history"", ""reason"": ""claim_absent_from_tool_response""}"
train,toolace-485::missing_tool,missing_tool,email,missing_tool,53,0.851123595505618,1,"{""style"": ""email"", ""reason"": ""required_tool_unavailable""}"
train,toolace-87::tool_contradiction,tool_contradiction,number_substitution,tool_contradiction,7,0.22107081174438686,0,"{""style"": ""number_substitution"", ""source_value"": '1650.45', ""new_value"": '1898.02'}"
train,toolace-87::overgeneration,overgeneration,unsupported_risk,overgeneration,68,0.14351851851851852,0,"{""style"": ""unsupported_risk"", ""reason"": ""claim_absent_from_tool_response""}"
train,toolace-87::missing_tool,missing_tool,email,missing_tool,53,0.14691943127962084,0,"{""style"": ""email"", ""reason"": ""required_tool_unavailable""}"
train,toolace-673::tool_contradiction,tool_contradiction,entity_substitution,tool_contradiction,5,0.4396887159533074,0,"{""style"": ""entity_substitution"", ""source_value"": 'Tea', ""new_value"": 'Paris'}"
train,toolace-673::overgeneration,overgeneration,unsupported_guarantee,overgeneration,76,0.0,0,"{""style"": ""unsupported_guarantee"", ""reason"": ""claim_absent_from_tool_response""}"
train,toolace-673::missing_tool,missing_tool,cancel,missing_tool,42,0.0,0,"{""style"": ""cancel"", ""reason"": ""required_tool_unavailable""}"
train,toolace-292::tool_contradiction,tool_contradiction,date_substitution,tool_contradiction,10,0.26704545454545453,0,"{""style"": ""date_substitution"", ""source_value"": '1991-11-23', ""new_value"": '1991-11-26'}"
train,toolace-292::overgeneration,overgeneration,unsupported_risk,overgeneration,68,0.8860971524288107,1,"{""style"": ""unsupported_risk"", ""reason"": ""claim_absent_from_tool_response""}"
train,toolace-292::missing_tool,missing_tool,calendar,missing_tool,49,0.9152249134948097,1,"{""style"": ""calendar"", ""reason"": ""required_tool_unavailable""}"
train,toolace-447::tool_contradiction,tool_contradiction,code_substitution,tool_contradiction,4,0.5449438202247191,0,"{""style"": ""code_substitution"", ""source_value"": 'TIFF', ""new_value"": 'TIFX'}"
train,toolace-447::overgeneration,overgeneration,unsupported_trend,overgeneration,60,0.0,0,"{""style"": ""unsupported_trend"", ""reason"": ""claim_absent_from_tool_response""}"
train,toolace-447::missing_tool,missing_tool,flight,missing_tool,37,0.8287037037037037,1,"{""style"": ""flight"", ""reason"": ""required_tool_unavailable""}"
train,toolace-428::tool_contradiction,tool_contradiction,number_substitution,tool_contradiction,7,0.1781115879828326,0,"{""style"": ""number_substitution"", ""source_value"": '1640.34', ""new_value"": '1886.39'}"
train,toolace-428::overgeneration,overgeneration,unsupported_guarantee,overgeneration,76,0.1270718232044199,0,"{""style"": ""unsupported_guarantee"", ""reason"": ""claim_absent_from_tool_response""}"
train,toolace-428::missing_tool,missing_tool,flight,missing_tool,37,0.9265873015873016,1,"{""style"": ""flight"", ""reason"": ""required_tool_unavailable""}"
train,toolace-234::tool_contradiction,tool_contradiction,code_substitution,tool_contradiction,5,0.19897304236200256,0,"{""style"": ""code_substitution"", ""source_value"": 'PG-13', ""new_value"": 'PG-1X'}"
train,toolace-234::overgeneration,overgeneration,unsupported_history,overgeneration,85,0.08554913294797688,0,"{""style"": ""unsupported_history"", ""reason"": ""claim_absent_from_tool_response""}"
train,toolace-234::missing_tool,missing_tool,calendar,missing_tool,49,0.0,0,"{""style"": ""calendar"", ""reason"": ""required_tool_unavailable""}"
train,toolace-532::tool_contradiction,tool_contradiction,entity_substitution,tool_contradiction,5,0.4978165938864629,0,"{""style"": ""entity_substitution"", ""source_value"": 'Trigonometry Basics', ""new_value"": 'Paris'}"
train,toolace-532::overgeneration,overgeneration,unsupported_risk,overgeneration,68,0.782051282051282,1,"{""style"": ""unsupported_risk"", ""reason"": ""claim_absent_from_tool_response""}"
train,toolace-532::missing_tool,missing_tool,email,missing_tool,53,0.1750841750841751,0,"{""style"": ""email"", ""reason"": ""required_tool_unavailable""}"
train,toolace-734::tool_contradiction,tool_contradiction,cross_field_value_swap,tool_contradiction,10,0.13861386138613863,0,"{""style"": ""cross_field_value_swap"", ""source_value"": 'reputation', ""new_value"": '2026-04-01'}"
train,toolace-734::overgeneration,overgeneration,unsupported_user_reaction,overgeneration,73,0.8063660477453581,1,"{""style"": ""unsupported_user_reaction"", ""reason"": ""claim_absent_from_tool_response""}"
train,toolace-734::missing_tool,missing_tool,cancel,missing_tool,42,0.0,1,"{""style"": ""cancel"", ""reason"": ""required_tool_unavailable""}"
train,toolace-287::tool_contradiction,tool_contradiction,fallback_value,tool_contradiction,80,0.24376731301939059,0,"{""style"": ""fallback_value"", ""fallback"": true}"
train,toolace-287::overgeneration,overgeneration,unsupported_guarantee,overgeneration,76,0.24649859943977592,0,"{""style"": ""unsupported_guarantee"", ""reason"": ""claim_absent_from_tool_response""}"
train,toolace-287::missing_tool,missing_tool,calendar,missing_tool,49,0.26666666666666666,0,"{""style"": ""calendar"", ""reason"": ""required_tool_unavailable""}"
train,toolace-562::tool_contradiction,tool_contradiction,fallback_opposite,tool_contradiction,67,0.3241758241758242,0,"{""style"": ""fallback_opposite"", ""fallback"": true}"
train,toolace-562::overgeneration,overgeneration,unsupported_user_reaction,overgeneration,73,0.6117021276595744,1,"{""style"": ""unsupported_user_reaction"", ""reason"": ""claim_absent_from_tool_response""}"
train,toolace-562::missing_tool,missing_tool,cancel,missing_tool,42,0.37579617834394907,0,"{""style"": ""cancel"", ""reason"": ""required_tool_unavailable""}"
train,toolace-497::tool_contradiction,tool_contradiction,date_substitution,tool_contradiction,10,0.15772357723577235,0,"{""style"": ""date_substitution"", ""source_value"": '2026-11-07', ""new_value"": '2026-11-10'}"
train,toolace-497::overgeneration,overgeneration,unsupported_risk,overgeneration,68,0.947652040030793,1,"{""style"": ""unsupported_risk"", ""reason"": ""claim_absent_from_tool_response""}"
train,toolace-497::missing_tool,missing_tool,calendar,missing_tool,49,0.0,0,"{""style"": ""calendar"", ""reason"": ""required_tool_unavailable""}"
train,toolace-6::tool_contradiction,tool_contradiction,time_substitution,tool_contradiction,5,0.3762057877813505,0,"{""style"": ""time_substitution"", ""source_value"": '07:05', ""new_value"": '10:05'}"
train,toolace-6::overgeneration,overgeneration,unsupported_risk,overgeneration,68,0.8210526315789474,1,"{""style"": ""unsupported_risk"", ""reason"": ""claim_absent_from_tool_response""}"
train,toolace-6::missing_tool,missing_tool,hotel,missing_tool,52,0.0,0,"{""style"": ""hotel"", ""reason"": ""required_tool_unavailable""}"
train,toolace-155::tool_contradiction,tool_contradiction,date_substitution,tool_contradiction,10,0.46402349486049926,0,"{""style"": ""date_substitution"", ""source_value"": '2021-06-21', ""new_value"": '2021-06-24'}"
train,toolace-155::overgeneration,overgeneration,unsupported_forecast,overgeneration,69,0.9081225033288948,1,"{""style"": ""unsupported_forecast"", ""reason"": ""claim_absent_from_tool_response""}"
train,toolace-155::missing_tool,missing_tool,calendar,missing_tool,49,0.93296853625171,1,"{""style"": ""calendar"", ""reason"": ""required_tool_unavailable""}"
train,toolace-527::tool_contradiction,tool_contradiction,entity_substitution,tool_contradiction,7,0.2318840579710145,0,"{""style"": ""entity_substitution"", ""source_value"": 'E001', ""new_value"": 'TORONTO'}"
train,toolace-527::overgeneration,overgeneration,unsupported_comparison,overgeneration,80,0.7192982456140351,1,"{""style"": ""unsupported_comparison"", ""reason"": ""claim_absent_from_tool_response""}"
train,toolace-527::missing_tool,missing_tool,calendar,missing_tool,49,0.8070866141732284,1,"{""style"": ""calendar"", ""reason"": ""required_tool_unavailable""}"
train,toolace-383::tool_contradiction,tool_contradiction,cross_field_value_swap,tool_contradiction,22,0.8255578093306288,0,"{""style"": ""cross_field_value_swap"", ""source_value"": 'The museum houses the world', ""new_value"": 'Tourism API for Africa'}"
train,toolace-383::overgeneration,overgeneration,unsupported_risk,overgeneration,68,0.0,0,"{""style"": ""unsupported_risk"", ""reason"": ""claim_absent_from_tool_response""}"
train,toolace-383::missing_tool,missing_tool,flight,missing_tool,37,0.9640427599611273,1,"{""style"": ""flight"", ""reason"": ""required_tool_unavailable""}"
train,toolace-743::tool_contradiction,tool_contradiction,number_substitution,tool_contradiction,4,0.9428571428571428,0,"{""style"": ""number_substitution"", ""source_value"": '1965', ""new_value"": '1670'}"
train,toolace-743::overgeneration,overgeneration,unsupported_history,overgeneration,85,0.743202416918429,1,"{""style"": ""unsupported_history"", ""reason"": ""claim_absent_from_tool_response""}"
train,toolace-743::missing_tool,missing_tool,cancel,missing_tool,42,0.8541666666666666,1,"{""style"": ""cancel"", ""reason"": ""required_tool_unavailable""}"
train,toolace-515::tool_contradiction,tool_contradiction,fallback_opposite,tool_contradiction,67,0.58125,1,"{""style"": ""fallback_opposite"", ""fallback"": true}"
train,toolace-515::overgeneration,overgeneration,unsupported_comparison,overgeneration,80,0.5375722543352601,1,"{""style"": ""unsupported_comparison"", ""reason"": ""claim_absent_from_tool_response""}"
train,toolace-515::missing_tool,missing_tool,calendar,missing_tool,49,0.6549295774647887,1,"{""style"": ""calendar"", ""reason"": ""required_tool_unavailable""}"
train,toolace-600::tool_contradiction,tool_contradiction,code_substitution,tool_contradiction,5,0.20297951582867785,0,"{""style"": ""code_substitution"", ""source_value"": 'WCAG2', ""new_value"": 'WCAGX'}"
train,toolace-600::overgeneration,overgeneration,unsupported_guarantee,overgeneration,76,0.8762214983713354,1,"{""style"": ""unsupported_guarantee"", ""reason"": ""claim_absent_from_tool_response""}"
train,toolace-600::missing_tool,missing_tool,calendar,missing_tool,49,0.9165247018739353,1,"{""style"": ""calendar"", ""reason"": ""required_tool_unavailable""}"
train,toolace-581::tool_contradiction,tool_contradiction,cross_field_value_swap,tool_contradiction,11,0.1341991341991342,0,"{""style"": ""cross_field_value_swap"", ""source_value"": 'history', ""new_value"": 'Get History'}"
train,toolace-581::overgeneration,overgeneration,unsupported_forecast,overgeneration,69,0.7676767676767676,1,"{""style"": ""unsupported_forecast"", ""reason"": ""claim_absent_from_tool_response""}"
train,toolace-581::missing_tool,missing_tool,flight,missing_tool,37,0.0,0,"{""style"": ""flight"", ""reason"": ""required_tool_unavailable""}"
train,toolace-499::tool_contradiction,tool_contradiction,number_substitution,tool_contradiction,3,0.08374384236453201,0,"{""style"": ""number_substitution"", ""source_value"": '123', ""new_value"": '105'}"
train,toolace-499::overgeneration,overgeneration,unsupported_guarantee,overgeneration,76,0.0,0,"{""style"": ""unsupported_guarantee"", ""reason"": ""claim_absent_from_tool_response""}"
train,toolace-499::missing_tool,missing_tool,flight,missing_tool,37,0.8464730290456431,1,"{""style"": ""flight"", ""reason"": ""required_tool_unavailable""}"
train,toolace-338::tool_contradiction,tool_contradiction,number_substitution,tool_contradiction,6,0.3706896551724138,0,"{""style"": ""number_substitution"", ""source_value"": '123456', ""new_value"": '141974'}"
train,toolace-338::overgeneration,overgeneration,unsupported_forecast,overgeneration,69,0.8349282296650717,1,"{""style"": ""unsupported_forecast"", ""reason"": ""claim_absent_from_tool_response""}"
train,toolace-338::missing_tool,missing_tool,email,missing_tool,53,0.16666666666666666,0,"{""style"": ""email"", ""reason"": ""required_tool_unavailable""}"
train,toolace-661::tool_contradiction,tool_contradiction,cross_field_value_swap,tool_contradiction,48,0.21686746987951808,0,"{""style"": ""cross_field_value_swap"", ""source_value"": 'United States v. John Doe', ""new_value"": 'A fraud case involving embezzlement in the 1990s'}"
train,toolace-661::overgeneration,overgeneration,unsupported_trend,overgeneration,60,0.0,0,"{""style"": ""unsupported_trend"", ""reason"": ""claim_absent_from_tool_response""}"
train,toolace-661::missing_tool,missing_tool,cancel,missing_tool,42,0.0,0,"{""style"": ""cancel"", ""reason"": ""required_tool_unavailable""}"
train,toolace-716::tool_contradiction,tool_contradiction,date_substitution,tool_contradiction,10,0.19801980198019803,0,"{""style"": ""date_substitution"", ""source_value"": '2023-01-25', ""new_value"": '2023-01-28'}"
train,toolace-716::overgeneration,overgeneration,unsupported_guarantee,overgeneration,76,0.8,1,"{""style"": ""unsupported_guarantee"", ""reason"": ""claim_absent_from_tool_response""}"
train,toolace-716::missing_tool,missing_tool,email,missing_tool,53,0.8515406162464986,1,"{""style"": ""email"", ""reason"": ""required_tool_unavailable""}"
train,toolace-69::tool_contradiction,tool_contradiction,date_substitution,tool_contradiction,10,0.2541436464088398,0,"{""style"": ""date_substitution"", ""source_value"": '2020-07-10', ""new_value"": '2020-07-13'}"
train,toolace-69::overgeneration,overgeneration,unsupported_recommendation,overgeneration,76,0.0,0,"{""style"": ""unsupported_recommendation"", ""reason"": ""claim_absent_from_tool_response""}"
train,toolace-69::missing_tool,missing_tool,flight,missing_tool,37,0.0,0,"{""style"": ""flight"", ""reason"": ""required_tool_unavailable""}"
train,toolace-215::tool_contradiction,tool_contradiction,entity_substitution,tool_contradiction,7,0.3180327868852459,0,"{""style"": ""entity_substitution"", ""source_value"": 'Smileys & Emotion', ""new_value"": 'Chicago'}"
train,toolace-215::overgeneration,overgeneration,unsupported_history,overgeneration,85,0.0,0,"{""style"": ""unsupported_history"", ""reason"": ""claim_absent_from_tool_response""}"
train,toolace-215::missing_tool,missing_tool,email,missing_tool,53,0.0,0,"{""style"": ""email"", ""reason"": ""required_tool_unavailable""}"
train,toolace-186::tool_contradiction,tool_contradiction,fallback_status,tool_contradiction,84,0.0,0,"{""style"": ""fallback_status"", ""fallback"": true}"
train,toolace-186::overgeneration,overgeneration,unsupported_guarantee,overgeneration,76,0.0,0,"{""style"": ""unsupported_guarantee"", ""reason"": ""claim_absent_from_tool_response""}"
train,toolace-186::missing_tool,missing_tool,calendar,missing_tool,49,0.9198036006546645,1,"{""style"": ""calendar"", ""reason"": ""required_tool_unavailable""}"
train,toolace-364::tool_contradiction,tool_contradiction,number_substitution,tool_contradiction,2,0.3918547055586131,0,"{""style"": ""number_substitution"", ""source_value"": '20', ""new_value"": '23'}"
train,toolace-364::overgeneration,overgeneration,unsupported_forecast,overgeneration,69,0.036036036036036036,0,"{""style"": ""unsupported_forecast"", ""reason"": ""claim_absent_from_tool_response""}"
train,toolace-364::missing_tool,missing_tool,email,missing_tool,53,0.036344200962052375,0,"{""style"": ""email"", ""reason"": ""required_tool_unavailable""}"
train,toolace-276::tool_contradiction,tool_contradiction,entity_substitution,tool_contradiction,7,0.1492204899777283,0,"{""style"": ""entity_substitution"", ""source_value"": 'Monstera Deliciosa', ""new_value"": 'Chicago'}"
train,toolace-276::overgeneration,overgeneration,unsupported_comparison,overgeneration,80,0.8521256931608133,1,"{""style"": ""unsupported_comparison"", ""reason"": ""claim_absent_from_tool_response""}"
train,toolace-276::missing_tool,missing_tool,email,missing_tool,53,0.896887159533074,1,"{""style"": ""email"", ""reason"": ""required_tool_unavailable""}"
train,toolace-655::tool_contradiction,tool_contradiction,cross_field_value_swap,tool_contradiction,28,0.5897435897435898,0,"{""style"": ""cross_field_value_swap"", ""source_value"": 'recommendations', ""new_value"": 'heart_health.risk_assessment'}"
train,toolace-655::overgeneration,overgeneration,unsupported_user_reaction,overgeneration,73,0.8042895442359249,1,"{""style"": ""unsupported_user_reaction"", ""reason"": ""claim_absent_from_tool_response""}"
train,toolace-655::missing_tool,missing_tool,flight,missing_tool,37,0.18694362017804153,0,"{""style"": ""flight"", ""reason"": ""required_tool_unavailable""}"
train,toolace-333::tool_contradiction,tool_contradiction,fallback_value,tool_contradiction,80,0.0,0,"{""style"": ""fallback_value"", ""fallback"": true}"
train,toolace-333::overgeneration,overgeneration,unsupported_recommendation,overgeneration,76,0.5264900662251656,0,"{""style"": ""unsupported_recommendation"", ""reason"": ""claim_absent_from_tool_response""}"
train,toolace-333::missing_tool,missing_tool,cancel,missing_tool,42,0.8432835820895522,1,"{""style"": ""cancel"", ""reason"": ""required_tool_unavailable""}"
train,toolace-81::tool_contradiction,tool_contradiction,number_substitution,tool_contradiction,3,0.1888111888111888,0,"{""style"": ""number_substitution"", ""source_value"": '600', ""new_value"": '690'}"
train,toolace-81::overgeneration,overgeneration,unsupported_recommendation,overgeneration,76,0.9187165775401069,1,"{""style"": ""unsupported_recommendation"", ""reason"": ""claim_absent_from_tool_response""}"
train,toolace-81::missing_tool,missing_tool,calendar,missing_tool,49,0.046255506607929514,0,"{""style"": ""calendar"", ""reason"": ""required_tool_unavailable""}"
train,toolace-514::tool_contradiction,tool_contradiction,entity_substitution,tool_contradiction,4,0.594059405940594,0,"{""style"": ""entity_substitution"", ""source_value"": 'Communication', ""new_value"": 'Rome'}"
train,toolace-514::overgeneration,overgeneration,unsupported_forecast,overgeneration,69,0.5907473309608541,0,"{""style"": ""unsupported_forecast"", ""reason"": ""claim_absent_from_tool_response""}"
train,toolace-514::missing_tool,missing_tool,hotel,missing_tool,52,0.6287878787878788,0,"{""style"": ""hotel"", ""reason"": ""required_tool_unavailable""}"
train,toolace-257::tool_contradiction,tool_contradiction,number_substitution,tool_contradiction,4,0.3442982456140351,0,"{""style"": ""number_substitution"", ""source_value"": '1.85', ""new_value"": '2.85'}"
train,toolace-257::overgeneration,overgeneration,unsupported_external_confirmation,overgeneration,71,0.865530303030303,1,"{""style"": ""unsupported_external_confirmation"", ""reason"": ""claim_absent_from_tool_response""}"
train,toolace-257::missing_tool,missing_tool,calendar,missing_tool,49,0.9031620553359684,1,"{""style"": ""calendar"", ""reason"": ""required_tool_unavailable""}"
train,toolace-299::tool_contradiction,tool_contradiction,cross_field_value_swap,tool_contradiction,9,0.788546255506608,0,"{""style"": ""cross_field_value_swap"", ""source_value"": 'have', ""new_value"": 'Cat Facts'}"
train,toolace-299::overgeneration,overgeneration,unsupported_history,overgeneration,85,0.4772727272727273,0,"{""style"": ""unsupported_history"", ""reason"": ""claim_absent_from_tool_response""}"
train,toolace-299::missing_tool,missing_tool,email,missing_tool,53,0.8079710144927537,1,"{""style"": ""email"", ""reason"": ""required_tool_unavailable""}"
train,toolace-67::tool_contradiction,tool_contradiction,entity_substitution,tool_contradiction,7,0.47368421052631576,0,"{""style"": ""entity_substitution"", ""source_value"": 'Main Courses', ""new_value"": 'Chicago'}"
train,toolace-67::overgeneration,overgeneration,unsupported_trend,overgeneration,60,0.765625,1,"{""style"": ""unsupported_trend"", ""reason"": ""claim_absent_from_tool_response""}"
train,toolace-67::missing_tool,missing_tool,calendar,missing_tool,49,0.2857142857142857,0,"{""style"": ""calendar"", ""reason"": ""required_tool_unavailable""}"
train,toolace-616::tool_contradiction,tool_contradiction,fallback_status,tool_contradiction,84,0.0,0,"{""style"": ""fallback_status"", ""fallback"": true}"
train,toolace-616::overgeneration,overgeneration,unsupported_history,overgeneration,85,0.0,0,"{""style"": ""unsupported_history"", ""reason"": ""claim_absent_from_tool_response""}"
train,toolace-616::missing_tool,missing_tool,email,missing_tool,53,0.0,0,"{""style"": ""email"", ""reason"": ""required_tool_unavailable""}"
train,toolace-713::tool_contradiction,tool_contradiction,cross_field_value_swap,tool_contradiction,10,0.16,0,"{""style"": ""cross_field_value_swap"", ""source_value"": 'robot', ""new_value"": '2021-08-09'}"
train,toolace-713::overgeneration,overgeneration,unsupported_user_reaction,overgeneration,73,0.0,0,"{""style"": ""unsupported_user_reaction"", ""reason"": ""claim_absent_from_tool_response""}"
train,toolace-713::missing_tool,missing_tool,flight,missing_tool,37,0.0,0,"{""style"": ""flight"", ""reason"": ""required_tool_unavailable""}"
train,toolace-669::tool_contradiction,tool_contradiction,fallback_opposite,tool_contradiction,67,0.5759493670886076,1,"{""style"": ""fallback_opposite"", ""fallback"": true}"
train,toolace-669::overgeneration,overgeneration,unsupported_external_confirmation,overgeneration,71,0.43209876543209874,0,"{""style"": ""unsupported_external_confirmation"", ""reason"": ""claim_absent_from_tool_response""}"
train,toolace-669::missing_tool,missing_tool,flight,missing_tool,37,0.0,0,"{""style"": ""flight"", ""reason"": ""required_tool_unavailable""}"
train,toolace-366::tool_contradiction,tool_contradiction,number_substitution,tool_contradiction,4,0.1523096129837703,0,"{""style"": ""number_substitution"", ""source_value"": '1526', ""new_value"": '1297'}"
train,toolace-366::overgeneration,overgeneration,unsupported_comparison,overgeneration,80,0.10770975056689343,0,"{""style"": ""unsupported_comparison"", ""reason"": ""claim_absent_from_tool_response""}"
train,toolace-366::missing_tool,missing_tool,email,missing_tool,53,0.0,0,"{""style"": ""email"", ""reason"": ""required_tool_unavailable""}"
train,toolace-78::tool_contradiction,tool_contradiction,date_substitution,tool_contradiction,10,0.36426592797783935,0,"{""style"": ""date_substitution"", ""source_value"": '2023-09-26', ""new_value"": '2023-09-28'}"
train,toolace-78::overgeneration,overgeneration,unsupported_trend,overgeneration,60,0.9233716475095786,1,"{""style"": ""unsupported_trend"", ""reason"": ""claim_absent_from_tool_response""}"
train,toolace-78::missing_tool,missing_tool,calendar,missing_tool,49,0.9365284974093264,1,"{""style"": ""calendar"", ""reason"": ""required_tool_unavailable""}"
train,toolace-676::tool_contradiction,tool_contradiction,cross_field_value_swap,tool_contradiction,10,0.23225806451612904,0,"{""style"": ""cross_field_value_swap"", ""source_value"": 'conditions', ""new_value"": 'sensorData'}"
train,toolace-676::overgeneration,overgeneration,unsupported_external_confirmation,overgeneration,71,0.0,1,"{""style"": ""unsupported_external_confirmation"", ""reason"": ""claim_absent_from_tool_response""}"
train,toolace-676::missing_tool,missing_tool,cancel,missing_tool,42,0.7878787878787878,1,"{""style"": ""cancel"", ""reason"": ""required_tool_unavailable""}"
train,toolace-483::tool_contradiction,tool_contradiction,number_substitution,tool_contradiction,3,0.16757741347905283,0,"{""style"": ""number_substitution"", ""source_value"": '800', ""new_value"": '920'}"
train,toolace-483::overgeneration,overgeneration,unsupported_user_reaction,overgeneration,73,0.09951845906902086,0,"{""style"": ""unsupported_user_reaction"", ""reason"": ""claim_absent_from_tool_response""}"
train,toolace-483::missing_tool,missing_tool,flight,missing_tool,37,0.9369676320272572,1,"{""style"": ""flight"", ""reason"": ""required_tool_unavailable""}"
train,toolace-110::tool_contradiction,tool_contradiction,fallback_status,tool_contradiction,84,0.0,0,"{""style"": ""fallback_status"", ""fallback"": true}"
train,toolace-110::overgeneration,overgeneration,unsupported_guarantee,overgeneration,76,0.0,0,"{""style"": ""unsupported_guarantee"", ""reason"": ""claim_absent_from_tool_response""}"
train,toolace-110::missing_tool,missing_tool,email,missing_tool,53,0.22477064220183487,0,"{""style"": ""email"", ""reason"": ""required_tool_unavailable""}"
train,toolace-642::tool_contradiction,tool_contradiction,cross_field_value_swap,tool_contradiction,12,0.21379310344827587,0,"{""style"": ""cross_field_value_swap"", ""source_value"": 'filtered', ""new_value"": 'filteredData'}"
train,toolace-642::overgeneration,overgeneration,unsupported_user_reaction,overgeneration,73,0.0,0,"{""style"": ""unsupported_user_reaction"", ""reason"": ""claim_absent_from_tool_response""}"
train,toolace-642::missing_tool,missing_tool,cancel,missing_tool,42,0.7717391304347826,1,"{""style"": ""cancel"", ""reason"": ""required_tool_unavailable""}"
train,toolace-722::tool_contradiction,tool_contradiction,fallback_opposite,tool_contradiction,67,0.49624060150375937,1,"{""style"": ""fallback_opposite"", ""fallback"": true}"
train,toolace-722::overgeneration,overgeneration,unsupported_forecast,overgeneration,69,0.4888888888888889,1,"{""style"": ""unsupported_forecast"", ""reason"": ""claim_absent_from_tool_response""}"
train,toolace-722::missing_tool,missing_tool,calendar,missing_tool,49,0.5739130434782609,1,"{""style"": ""calendar"", ""reason"": ""required_tool_unavailable""}"
train,toolace-391::tool_contradiction,tool_contradiction,cross_field_value_swap,tool_contradiction,42,0.36792452830188677,0,"{""style"": ""cross_field_value_swap"", ""source_value"": 'This control ensures data confidentiality', ""new_value"": 'Get All Risk Management Framework Controls'}"
train,toolace-391::overgeneration,overgeneration,unsupported_risk,overgeneration,68,0.0,0,"{""style"": ""unsupported_risk"", ""reason"": ""claim_absent_from_tool_response""}"
train,toolace-391::missing_tool,missing_tool,cancel,missing_tool,42,0.03392330383480826,0,"{""style"": ""cancel"", ""reason"": ""required_tool_unavailable""}"
train,toolace-541::tool_contradiction,tool_contradiction,number_substitution,tool_contradiction,4,0.2625482625482625,0,"{""style"": ""number_substitution"", ""source_value"": '1105', ""new_value"": '1271'}"
train,toolace-541::overgeneration,overgeneration,unsupported_forecast,overgeneration,69,0.790273556231003,1,"{""style"": ""unsupported_forecast"", ""reason"": ""claim_absent_from_tool_response""}"
train,toolace-541::missing_tool,missing_tool,email,missing_tool,53,0.4696485623003195,0,"{""style"": ""email"", ""reason"": ""required_tool_unavailable""}"
train,toolace-66::tool_contradiction,tool_contradiction,number_substitution,tool_contradiction,4,0.2616136919315403,0,"{""style"": ""number_substitution"", ""source_value"": '1500', ""new_value"": '1275'}"
train,toolace-66::overgeneration,overgeneration,unsupported_guarantee,overgeneration,76,0.17901234567901234,0,"{""style"": ""unsupported_guarantee"", ""reason"": ""claim_absent_from_tool_response""}"
train,toolace-66::missing_tool,missing_tool,flight,missing_tool,37,0.0,0,"{""style"": ""flight"", ""reason"": ""required_tool_unavailable""}"
train,toolace-9::tool_contradiction,tool_contradiction,cross_field_value_swap,tool_contradiction,16,0.019021739130434784,0,"{""style"": ""cross_field_value_swap"", ""source_value"": 'funnychallenge', ""new_value"": 'Hashtag Info API'}"
train,toolace-9::overgeneration,overgeneration,unsupported_history,overgeneration,85,0.8963414634146342,1,"{""style"": ""unsupported_history"", ""reason"": ""claim_absent_from_tool_response""}"
train,toolace-9::missing_tool,missing_tool,hotel,missing_tool,52,0.9339263024142312,1,"{""style"": ""hotel"", ""reason"": ""required_tool_unavailable""}"
train,toolace-559::tool_contradiction,tool_contradiction,cross_field_value_swap,tool_contradiction,12,0.5988372093023255,0,"{""style"": ""cross_field_value_swap"", ""source_value"": 'campaign', ""new_value"": 'visualReport'}"
train,toolace-559::overgeneration,overgeneration,unsupported_comparison,overgeneration,80,0.0,1,"{""style"": ""unsupported_comparison"", ""reason"": ""claim_absent_from_tool_response""}"
train,toolace-559::missing_tool,missing_tool,calendar,missing_tool,49,0.7752293577981652,1,"{""style"": ""calendar"", ""reason"": ""required_tool_unavailable""}"
train,toolace-757::tool_contradiction,tool_contradiction,number_substitution,tool_contradiction,3,0.632,0,"{""style"": ""number_substitution"", ""source_value"": '340', ""new_value"": '391'}"
train,toolace-757::overgeneration,overgeneration,unsupported_trend,overgeneration,60,0.0,1,"{""style"": ""unsupported_trend"", ""reason"": ""claim_absent_from_tool_response""}"
train,toolace-757::missing_tool,missing_tool,flight,missing_tool,37,0.7730061349693251,1,"{""style"": ""flight"", ""reason"": ""required_tool_unavailable""}"
train,toolace-570::tool_contradiction,tool_contradiction,entity_substitution,tool_contradiction,6,0.24229979466119098,0,"{""style"": ""entity_substitution"", ""source_value"": 'React Developer', ""new_value"": 'Madrid'}"
train,toolace-570::overgeneration,overgeneration,unsupported_external_confirmation,overgeneration,71,0.875,1,"{""style"": ""unsupported_external_confirmation"", ""reason"": ""claim_absent_from_tool_response""}"
train,toolace-570::missing_tool,missing_tool,hotel,missing_tool,52,0.9052823315118397,1,"{""style"": ""hotel"", ""reason"": ""required_tool_unavailable""}"
train,toolace-282::tool_contradiction,tool_contradiction,number_substitution,tool_contradiction,4,0.11756847027388109,0,"{""style"": ""number_substitution"", ""source_value"": '2023', ""new_value"": '2326'}"
train,toolace-282::overgeneration,overgeneration,unsupported_recommendation,overgeneration,76,0.951715374841169,1,"{""style"": ""unsupported_recommendation"", ""reason"": ""claim_absent_from_tool_response""}"
train,toolace-282::missing_tool,missing_tool,cancel,missing_tool,42,0.0,0,"{""style"": ""cancel"", ""reason"": ""required_tool_unavailable""}"
train,toolace-187::tool_contradiction,tool_contradiction,fallback_value,tool_contradiction,80,0.1859375,0,"{""style"": ""fallback_value"", ""fallback"": true}"
train,toolace-187::overgeneration,overgeneration,unsupported_guarantee,overgeneration,76,0.1871069182389937,0,"{""style"": ""unsupported_guarantee"", ""reason"": ""claim_absent_from_tool_response""}"
train,toolace-187::missing_tool,missing_tool,cancel,missing_tool,42,0.19767441860465115,0,"{""style"": ""cancel"", ""reason"": ""required_tool_unavailable""}"
train,toolace-535::tool_contradiction,tool_contradiction,cross_field_value_swap,tool_contradiction,12,0.14473684210526316,0,"{""style"": ""cross_field_value_swap"", ""source_value"": 'successfully', ""new_value"": 'confirmation'}"
train,toolace-535::overgeneration,overgeneration,unsupported_trend,overgeneration,60,0.3427230046948357,0,"{""style"": ""unsupported_trend"", ""reason"": ""claim_absent_from_tool_response""}"
train,toolace-535::missing_tool,missing_tool,cancel,missing_tool,42,0.7846153846153846,1,"{""style"": ""cancel"", ""reason"": ""required_tool_unavailable""}"
train,toolace-657::tool_contradiction,tool_contradiction,fallback_status,tool_contradiction,84,0.44370860927152317,1,"{""style"": ""fallback_status"", ""fallback"": true}"
train,toolace-657::overgeneration,overgeneration,unsupported_risk,overgeneration,68,0.4962962962962963,1,"{""style"": ""unsupported_risk"", ""reason"": ""claim_absent_from_tool_response""}"
train,toolace-657::missing_tool,missing_tool,cancel,missing_tool,42,0.6146788990825688,1,"{""style"": ""cancel"", ""reason"": ""required_tool_unavailable""}"
train,toolace-202::tool_contradiction,tool_contradiction,date_substitution,tool_contradiction,10,0.44316730523627074,0,"{""style"": ""date_substitution"", ""source_value"": '2023-03-22', ""new_value"": '2023-03-25'}"
train,toolace-202::overgeneration,overgeneration,unsupported_user_reaction,overgeneration,73,0.9148191365227538,1,"{""style"": ""unsupported_user_reaction"", ""reason"": ""claim_absent_from_tool_response""}"
train,toolace-202::missing_tool,missing_tool,email,missing_tool,53,0.9366786140979689,1,"{""style"": ""email"", ""reason"": ""required_tool_unavailable""}"
train,toolace-666::tool_contradiction,tool_contradiction,fallback_value,tool_contradiction,80,0.4838709677419355,1,"{""style"": ""fallback_value"", ""fallback"": true}"
train,toolace-666::overgeneration,overgeneration,unsupported_history,overgeneration,85,0.46875,1,"{""style"": ""unsupported_history"", ""reason"": ""claim_absent_from_tool_response""}"
train,toolace-666::missing_tool,missing_tool,cancel,missing_tool,42,0.6410256410256411,1,"{""style"": ""cancel"", ""reason"": ""required_tool_unavailable""}"
train,toolace-26::tool_contradiction,tool_contradiction,number_substitution,tool_contradiction,3,0.4154929577464789,0,"{""style"": ""number_substitution"", ""source_value"": '123', ""new_value"": '105'}"
train,toolace-26::overgeneration,overgeneration,unsupported_forecast,overgeneration,69,0.8050847457627118,1,"{""style"": ""unsupported_forecast"", ""reason"": ""claim_absent_from_tool_response""}"
train,toolace-26::missing_tool,missing_tool,calendar,missing_tool,49,0.8532934131736527,1,"{""style"": ""calendar"", ""reason"": ""required_tool_unavailable""}"
train,toolace-623::tool_contradiction,tool_contradiction,fallback_opposite,tool_contradiction,67,0.2727272727272727,0,"{""style"": ""fallback_opposite"", ""fallback"": true}"
train,toolace-623::overgeneration,overgeneration,unsupported_history,overgeneration,85,0.24878048780487805,0,"{""style"": ""unsupported_history"", ""reason"": ""claim_absent_from_tool_response""}"
train,toolace-623::missing_tool,missing_tool,email,missing_tool,53,0.6936416184971098,1,"{""style"": ""email"", ""reason"": ""required_tool_unavailable""}"
train,toolace-190::tool_contradiction,tool_contradiction,cross_field_value_swap,tool_contradiction,11,0.09663865546218488,0,"{""style"": ""cross_field_value_swap"", ""source_value"": 'image', ""new_value"": 'celebrities'}"
train,toolace-190::overgeneration,overgeneration,unsupported_recommendation,overgeneration,76,0.7540453074433657,1,"{""style"": ""unsupported_recommendation"", ""reason"": ""claim_absent_from_tool_response""}"
train,toolace-190::missing_tool,missing_tool,cancel,missing_tool,42,0.0,0,"{""style"": ""cancel"", ""reason"": ""required_tool_unavailable""}"
train,toolace-20::tool_contradiction,tool_contradiction,number_substitution,tool_contradiction,3,0.37688984881209503,0,"{""style"": ""number_substitution"", ""source_value"": '430', ""new_value"": '366'}"
train,toolace-20::overgeneration,overgeneration,unsupported_user_reaction,overgeneration,73,0.927,1,"{""style"": ""unsupported_user_reaction"", ""reason"": ""claim_absent_from_tool_response""}"
train,toolace-20::missing_tool,missing_tool,email,missing_tool,53,0.17959183673469387,0,"{""style"": ""email"", ""reason"": ""required_tool_unavailable""}"
train,toolace-314::tool_contradiction,tool_contradiction,entity_substitution,tool_contradiction,6,0.8537117903930131,0,"{""style"": ""entity_substitution"", ""source_value"": 'All', ""new_value"": 'Boston'}"
train,toolace-314::overgeneration,overgeneration,unsupported_external_confirmation,overgeneration,71,0.9279187817258884,1,"{""style"": ""unsupported_external_confirmation"", ""reason"": ""claim_absent_from_tool_response""}"
train,toolace-314::missing_tool,missing_tool,cancel,missing_tool,42,0.2217573221757322,0,"{""style"": ""cancel"", ""reason"": ""required_tool_unavailable""}"
train,toolace-773::tool_contradiction,tool_contradiction,code_substitution,tool_contradiction,7,0.9338842975206612,1,"{""style"": ""code_substitution"", ""source_value"": 'SS12345', ""new_value"": 'SS1234X'}"
train,toolace-773::overgeneration,overgeneration,unsupported_forecast,overgeneration,69,0.6387434554973822,1,"{""style"": ""unsupported_forecast"", ""reason"": ""claim_absent_from_tool_response""}"
train,toolace-773::missing_tool,missing_tool,calendar,missing_tool,49,0.0,0,"{""style"": ""calendar"", ""reason"": ""required_tool_unavailable""}"
train,toolace-274::tool_contradiction,tool_contradiction,number_substitution,tool_contradiction,3,0.26877470355731226,0,"{""style"": ""number_substitution"", ""source_value"": '2.5', ""new_value"": '3.5'}"
train,toolace-274::overgeneration,overgeneration,unsupported_history,overgeneration,85,0.856418918918919,1,"{""style"": ""unsupported_history"", ""reason"": ""claim_absent_from_tool_response""}"
train,toolace-274::missing_tool,missing_tool,calendar,missing_tool,49,0.20863309352517986,0,"{""style"": ""calendar"", ""reason"": ""required_tool_unavailable""}"
train,toolace-685::tool_contradiction,tool_contradiction,cross_field_value_swap,tool_contradiction,10,0.27358490566037735,0,"{""style"": ""cross_field_value_swap"", ""source_value"": 'and', ""new_value"": '2023-06-01'}"
train,toolace-685::overgeneration,overgeneration,unsupported_comparison,overgeneration,80,0.0,1,"{""style"": ""unsupported_comparison"", ""reason"": ""claim_absent_from_tool_response""}"
train,toolace-685::missing_tool,missing_tool,payment,missing_tool,43,0.8273092369477911,1,"{""style"": ""payment"", ""reason"": ""required_tool_unavailable""}"
train,toolace-754::tool_contradiction,tool_contradiction,number_substitution,tool_contradiction,4,0.2631578947368421,0,"{""style"": ""number_substitution"", ""source_value"": '2025', ""new_value"": '2329'}"
train,toolace-754::overgeneration,overgeneration,unsupported_forecast,overgeneration,69,0.7526881720430108,1,"{""style"": ""unsupported_forecast"", ""reason"": ""claim_absent_from_tool_response""}"
train,toolace-754::missing_tool,missing_tool,email,missing_tool,53,0.7984790874524715,1,"{""style"": ""email"", ""reason"": ""required_tool_unavailable""}"
train,toolace-220::tool_contradiction,tool_contradiction,time_substitution,tool_contradiction,5,0.20614828209764918,0,"{""style"": ""time_substitution"", ""source_value"": '09:45', ""new_value"": '12:45'}"
train,toolace-220::overgeneration,overgeneration,unsupported_user_reaction,overgeneration,73,0.8835725677830941,1,"{""style"": ""unsupported_user_reaction"", ""reason"": ""claim_absent_from_tool_response""}"
train,toolace-220::missing_tool,missing_tool,calendar,missing_tool,49,0.9187396351575456,1,"{""style"": ""calendar"", ""reason"": ""required_tool_unavailable""}"
train,toolace-420::tool_contradiction,tool_contradiction,cross_field_value_swap,tool_contradiction,67,0.7735346358792184,0,"{""style"": ""cross_field_value_swap"", ""source_value"": 'I consult with others to get opinions and perspectives before deciding', ""new_value"": 'I take my time to gather information and consider options carefully'}"
train,toolace-420::overgeneration,overgeneration,unsupported_comparison,overgeneration,80,0.0,0,"{""style"": ""unsupported_comparison"", ""reason"": ""claim_absent_from_tool_response""}"
train,toolace-420::missing_tool,missing_tool,flight,missing_tool,37,0.0,0,"{""style"": ""flight"", ""reason"": ""required_tool_unavailable""}"
train,toolace-288::tool_contradiction,tool_contradiction,cross_field_value_swap,tool_contradiction,76,0.6601178781925344,0,"{""style"": ""cross_field_value_swap"", ""source_value"": 'A professional soccer team based in New York City that competes in Major League Soccer', ""new_value"": 'An American professional soccer team based in the New York metropolitan area'}"
train,toolace-288::overgeneration,overgeneration,unsupported_risk,overgeneration,68,0.8843537414965986,1,"{""style"": ""unsupported_risk"", ""reason"": ""claim_absent_from_tool_response""}"
train,toolace-288::missing_tool,missing_tool,flight,missing_tool,37,0.17235188509874327,0,"{""style"": ""flight"", ""reason"": ""required_tool_unavailable""}"
train,toolace-794::tool_contradiction,tool_contradiction,fallback_opposite,tool_contradiction,67,0.7545787545787546,1,"{""style"": ""fallback_opposite"", ""fallback"": true}"
train,toolace-794::overgeneration,overgeneration,unsupported_history,overgeneration,85,0.0,0,"{""style"": ""unsupported_history"", ""reason"": ""claim_absent_from_tool_response""}"
train,toolace-794::missing_tool,missing_tool,email,missing_tool,53,0.0,0,"{""style"": ""email"", ""reason"": ""required_tool_unavailable""}"
train,toolace-180::tool_contradiction,tool_contradiction,number_substitution,tool_contradiction,2,0.205320994794679,0,"{""style"": ""number_substitution"", ""source_value"": '10', ""new_value"": '12'}"
train,toolace-180::overgeneration,overgeneration,unsupported_external_confirmation,overgeneration,71,0.960577456968351,1,"{""style"": ""unsupported_external_confirmation"", ""reason"": ""claim_absent_from_tool_response""}"
train,toolace-180::missing_tool,missing_tool,calendar,missing_tool,49,0.9724564362001125,1,"{""style"": ""calendar"", ""reason"": ""required_tool_unavailable""}"
train,toolace-109::tool_contradiction,tool_contradiction,number_substitution,tool_contradiction,4,0.3192389006342495,0,"{""style"": ""number_substitution"", ""source_value"": '2024', ""new_value"": '1720'}"
train,toolace-109::overgeneration,overgeneration,unsupported_risk,overgeneration,68,0.2140221402214022,0,"{""style"": ""unsupported_risk"", ""reason"": ""claim_absent_from_tool_response""}"
train,toolace-109::missing_tool,missing_tool,flight,missing_tool,37,0.0,0,"{""style"": ""flight"", ""reason"": ""required_tool_unavailable""}"
train,toolace-289::tool_contradiction,tool_contradiction,number_substitution,tool_contradiction,5,0.17444717444717445,0,"{""style"": ""number_substitution"", ""source_value"": '13.6', ""new_value"": '15.64'}"
train,toolace-289::overgeneration,overgeneration,unsupported_forecast,overgeneration,69,0.0,0,"{""style"": ""unsupported_forecast"", ""reason"": ""claim_absent_from_tool_response""}"
train,toolace-289::missing_tool,missing_tool,email,missing_tool,53,0.0,0,"{""style"": ""email"", ""reason"": ""required_tool_unavailable""}"
train,toolace-18::tool_contradiction,tool_contradiction,fallback_value,tool_contradiction,80,0.0,0,"{""style"": ""fallback_value"", ""fallback"": true}"
train,toolace-18::overgeneration,overgeneration,unsupported_cause,overgeneration,71,0.038834951456310676,0,"{""style"": ""unsupported_cause"", ""reason"": ""claim_absent_from_tool_response""}"
train,toolace-18::missing_tool,missing_tool,calendar,missing_tool,49,0.8292682926829268,1,"{""style"": ""calendar"", ""reason"": ""required_tool_unavailable""}"
train,toolace-173::tool_contradiction,tool_contradiction,cross_field_value_swap,tool_contradiction,10,0.49101796407185627,0,"{""style"": ""cross_field_value_swap"", ""source_value"": 'code', ""new_value"": 'Portuguese'}"
train,toolace-173::overgeneration,overgeneration,unsupported_guarantee,overgeneration,76,0.680672268907563,1,"{""style"": ""unsupported_guarantee"", ""reason"": ""claim_absent_from_tool_response""}"
train,toolace-173::missing_tool,missing_tool,calendar,missing_tool,49,0.7677725118483413,1,"{""style"": ""calendar"", ""reason"": ""required_tool_unavailable""}"
train,toolace-207::tool_contradiction,tool_contradiction,entity_substitution,tool_contradiction,6,0.6519721577726219,0,"{""style"": ""entity_substitution"", ""source_value"": 'Petrochemical', ""new_value"": 'Berlin'}"
train,toolace-207::overgeneration,overgeneration,unsupported_risk,overgeneration,68,0.8658777120315582,1,"{""style"": ""unsupported_risk"", ""reason"": ""claim_absent_from_tool_response""}"
train,toolace-207::missing_tool,missing_tool,cancel,missing_tool,42,0.9126819126819127,1,"{""style"": ""cancel"", ""reason"": ""required_tool_unavailable""}"
train,toolace-468::tool_contradiction,tool_contradiction,time_substitution,tool_contradiction,5,0.3539518900343643,0,"{""style"": ""time_substitution"", ""source_value"": '14:00', ""new_value"": '17:00'}"
train,toolace-468::overgeneration,overgeneration,unsupported_history,overgeneration,85,0.7745358090185677,1,"{""style"": ""unsupported_history"", ""reason"": ""claim_absent_from_tool_response""}"
train,toolace-468::missing_tool,missing_tool,cancel,missing_tool,42,0.874251497005988,1,"{""style"": ""cancel"", ""reason"": ""required_tool_unavailable""}"
train,toolace-525::tool_contradiction,tool_contradiction,fallback_opposite,tool_contradiction,67,0.6898148148148148,1,"{""style"": ""fallback_opposite"", ""fallback"": true}"
train,toolace-525::overgeneration,overgeneration,unsupported_comparison,overgeneration,80,0.6506550218340611,1,"{""style"": ""unsupported_comparison"", ""reason"": ""claim_absent_from_tool_response""}"
train,toolace-525::missing_tool,missing_tool,flight,missing_tool,37,0.8010752688172043,1,"{""style"": ""flight"", ""reason"": ""required_tool_unavailable""}"
train,toolace-286::tool_contradiction,tool_contradiction,fallback_opposite,tool_contradiction,67,0.12577639751552794,0,"{""style"": ""fallback_opposite"", ""fallback"": true}"
train,toolace-286::overgeneration,overgeneration,unsupported_guarantee,overgeneration,76,0.0,0,"{""style"": ""unsupported_guarantee"", ""reason"": ""claim_absent_from_tool_response""}"
train,toolace-286::missing_tool,missing_tool,calendar,missing_tool,49,0.0,0,"{""style"": ""calendar"", ""reason"": ""required_tool_unavailable""}"
train,toolace-356::tool_contradiction,tool_contradiction,entity_substitution,tool_contradiction,6,0.5120643431635389,0,"{""style"": ""entity_substitution"", ""source_value"": 'Ted Lasso', ""new_value"": 'Madrid'}"
train,toolace-356::overgeneration,overgeneration,unsupported_cause,overgeneration,71,0.14508928571428573,0,"{""style"": ""unsupported_cause"", ""reason"": ""claim_absent_from_tool_response""}"
train,toolace-356::missing_tool,missing_tool,email,missing_tool,53,0.8767441860465116,1,"{""style"": ""email"", ""reason"": ""required_tool_unavailable""}"
train,toolace-261::tool_contradiction,tool_contradiction,date_substitution,tool_contradiction,10,0.11866666666666667,0,"{""style"": ""date_substitution"", ""source_value"": '2023-06-06', ""new_value"": '2023-06-09'}"
train,toolace-261::overgeneration,overgeneration,unsupported_forecast,overgeneration,69,0.06097560975609756,0,"{""style"": ""unsupported_forecast"", ""reason"": ""claim_absent_from_tool_response""}"
train,toolace-261::missing_tool,missing_tool,hotel,missing_tool,52,0.9352428393524284,1,"{""style"": ""hotel"", ""reason"": ""required_tool_unavailable""}"
train,toolace-145::tool_contradiction,tool_contradiction,fallback_value,tool_contradiction,80,0.0,0,"{""style"": ""fallback_value"", ""fallback"": true}"
train,toolace-145::overgeneration,overgeneration,unsupported_user_reaction,overgeneration,73,0.22752808988764045,0,"{""style"": ""unsupported_user_reaction"", ""reason"": ""claim_absent_from_tool_response""}"
train,toolace-145::missing_tool,missing_tool,calendar,missing_tool,49,0.8524096385542169,1,"{""style"": ""calendar"", ""reason"": ""required_tool_unavailable""}"
train,toolace-48::tool_contradiction,tool_contradiction,cross_field_value_swap,tool_contradiction,14,0.20911528150134048,0,"{""style"": ""cross_field_value_swap"", ""source_value"": 'volume', ""new_value"": 'Cryptocurrency'}"
train,toolace-48::overgeneration,overgeneration,unsupported_comparison,overgeneration,80,0.13004484304932734,0,"{""style"": ""unsupported_comparison"", ""reason"": ""claim_absent_from_tool_response""}"
train,toolace-48::missing_tool,missing_tool,cancel,missing_tool,42,0.8970588235294118,1,"{""style"": ""cancel"", ""reason"": ""required_tool_unavailable""}"
train,toolace-769::tool_contradiction,tool_contradiction,cross_field_value_swap,tool_contradiction,12,0.34554973821989526,0,"{""style"": ""cross_field_value_swap"", ""source_value"": 'gene', ""new_value"": 'AACTGTCAGTCG'}"
train,toolace-769::overgeneration,overgeneration,unsupported_recommendation,overgeneration,76,0.0,0,"{""style"": ""unsupported_recommendation"", ""reason"": ""claim_absent_from_tool_response""}"
train,toolace-769::missing_tool,missing_tool,flight,missing_tool,37,0.0,0,"{""style"": ""flight"", ""reason"": ""required_tool_unavailable""}"
train,toolace-412::tool_contradiction,tool_contradiction,number_substitution,tool_contradiction,5,0.27177700348432055,0,"{""style"": ""number_substitution"", ""source_value"": '850.12', ""new_value"": '722.6'}"
train,toolace-412::overgeneration,overgeneration,unsupported_forecast,overgeneration,69,0.8930232558139535,1,"{""style"": ""unsupported_forecast"", ""reason"": ""claim_absent_from_tool_response""}"
train,toolace-412::missing_tool,missing_tool,calendar,missing_tool,49,0.9216,1,"{""style"": ""calendar"", ""reason"": ""required_tool_unavailable""}"
train,toolace-715::tool_contradiction,tool_contradiction,cross_field_value_swap,tool_contradiction,10,0.6394557823129252,0,"{""style"": ""cross_field_value_swap"", ""source_value"": 'and', ""new_value"": 'increasing'}"
train,toolace-715::overgeneration,overgeneration,unsupported_trend,overgeneration,60,0.0,0,"{""style"": ""unsupported_trend"", ""reason"": ""claim_absent_from_tool_response""}"
train,toolace-715::missing_tool,missing_tool,cancel,missing_tool,42,0.31212121212121213,0,"{""style"": ""cancel"", ""reason"": ""required_tool_unavailable""}"
train,toolace-263::tool_contradiction,tool_contradiction,number_substitution,tool_contradiction,2,0.5,0,"{""style"": ""number_substitution"", ""source_value"": '24', ""new_value"": '28'}"
train,toolace-263::overgeneration,overgeneration,unsupported_forecast,overgeneration,69,0.4269230769230769,0,"{""style"": ""unsupported_forecast"", ""reason"": ""claim_absent_from_tool_response""}"
train,toolace-263::missing_tool,missing_tool,flight,missing_tool,37,0.8377192982456141,1,"{""style"": ""flight"", ""reason"": ""required_tool_unavailable""}"
train,toolace-585::tool_contradiction,tool_contradiction,entity_substitution,tool_contradiction,6,0.6854838709677419,0,"{""style"": ""entity_substitution"", ""source_value"": 'Gentle Retinol Therapy', ""new_value"": 'Sydney'}"
train,toolace-585::overgeneration,overgeneration,unsupported_recommendation,overgeneration,76,0.1348973607038123,0,"{""style"": ""unsupported_recommendation"", ""reason"": ""claim_absent_from_tool_response""}"
train,toolace-585::missing_tool,missing_tool,cancel,missing_tool,42,0.8631921824104235,1,"{""style"": ""cancel"", ""reason"": ""required_tool_unavailable""}"
train,toolace-266::tool_contradiction,tool_contradiction,entity_substitution,tool_contradiction,7,0.7092198581560284,0,"{""style"": ""entity_substitution"", ""source_value"": 'Mercedes-Benz', ""new_value"": 'Beijing'}"
train,toolace-266::overgeneration,overgeneration,unsupported_cause,overgeneration,71,0.6757990867579908,1,"{""style"": ""unsupported_cause"", ""reason"": ""claim_absent_from_tool_response""}"
train,toolace-266::missing_tool,missing_tool,cancel,missing_tool,42,0.7789473684210526,1,"{""style"": ""cancel"", ""reason"": ""required_tool_unavailable""}"
train,toolace-24::tool_contradiction,tool_contradiction,cross_field_value_swap,tool_contradiction,13,0.575516693163752,0,"{""style"": ""cross_field_value_swap"", ""source_value"": 'image', ""new_value"": 'Halloween2026'}"
train,toolace-24::overgeneration,overgeneration,unsupported_recommendation,overgeneration,76,0.8911174785100286,1,"{""style"": ""unsupported_recommendation"", ""reason"": ""claim_absent_from_tool_response""}"
train,toolace-24::missing_tool,missing_tool,calendar,missing_tool,49,0.36065573770491804,0,"{""style"": ""calendar"", ""reason"": ""required_tool_unavailable""}"
train,toolace-625::tool_contradiction,tool_contradiction,fallback_status,tool_contradiction,84,0.52,1,"{""style"": ""fallback_status"", ""fallback"": true}"
train,toolace-625::overgeneration,overgeneration,unsupported_external_confirmation,overgeneration,71,0.5617283950617284,1,"{""style"": ""unsupported_external_confirmation"", ""reason"": ""claim_absent_from_tool_response""}"
train,toolace-625::missing_tool,missing_tool,hotel,missing_tool,52,0.6363636363636364,1,"{""style"": ""hotel"", ""reason"": ""required_tool_unavailable""}"
train,toolace-627::tool_contradiction,tool_contradiction,number_substitution,tool_contradiction,2,0.2857142857142857,0,"{""style"": ""number_substitution"", ""source_value"": '18', ""new_value"": '21'}"
train,toolace-627::overgeneration,overgeneration,unsupported_external_confirmation,overgeneration,71,0.7601351351351351,1,"{""style"": ""unsupported_external_confirmation"", ""reason"": ""claim_absent_from_tool_response""}"
train,toolace-627::missing_tool,missing_tool,calendar,missing_tool,49,0.8211678832116789,1,"{""style"": ""calendar"", ""reason"": ""required_tool_unavailable""}"
train,toolace-91::tool_contradiction,tool_contradiction,fallback_opposite,tool_contradiction,67,0.837378640776699,1,"{""style"": ""fallback_opposite"", ""fallback"": true}"
train,toolace-91::overgeneration,overgeneration,unsupported_guarantee,overgeneration,76,0.0,0,"{""style"": ""unsupported_guarantee"", ""reason"": ""claim_absent_from_tool_response""}"
train,toolace-91::missing_tool,missing_tool,email,missing_tool,53,0.16331658291457288,0,"{""style"": ""email"", ""reason"": ""required_tool_unavailable""}"
train,toolace-166::tool_contradiction,tool_contradiction,number_substitution,tool_contradiction,2,0.9228070175438596,0,"{""style"": ""number_substitution"", ""source_value"": '45', ""new_value"": '52'}"
train,toolace-166::overgeneration,overgeneration,unsupported_history,overgeneration,85,0.1902231668437832,0,"{""style"": ""unsupported_history"", ""reason"": ""claim_absent_from_tool_response""}"
train,toolace-166::missing_tool,missing_tool,email,missing_tool,53,0.19691969196919692,0,"{""style"": ""email"", ""reason"": ""required_tool_unavailable""}"
train,toolace-442::tool_contradiction,tool_contradiction,fallback_value,tool_contradiction,80,0.7553516819571865,1,"{""style"": ""fallback_value"", ""fallback"": true}"
train,toolace-442::overgeneration,overgeneration,unsupported_recommendation,overgeneration,76,0.38390092879256965,0,"{""style"": ""unsupported_recommendation"", ""reason"": ""claim_absent_from_tool_response""}"
train,toolace-442::missing_tool,missing_tool,cancel,missing_tool,42,0.8546712802768166,1,"{""style"": ""cancel"", ""reason"": ""required_tool_unavailable""}"
train,toolace-521::tool_contradiction,tool_contradiction,cross_field_value_swap,tool_contradiction,10,0.09900990099009901,0,"{""style"": ""cross_field_value_swap"", ""source_value"": 'welding', ""new_value"": '2023-01-17'}"
train,toolace-521::overgeneration,overgeneration,unsupported_guarantee,overgeneration,76,0.0,0,"{""style"": ""unsupported_guarantee"", ""reason"": ""claim_absent_from_tool_response""}"
train,toolace-521::missing_tool,missing_tool,flight,missing_tool,37,0.8438818565400844,1,"{""style"": ""flight"", ""reason"": ""required_tool_unavailable""}"
train,toolace-491::tool_contradiction,tool_contradiction,fallback_status,tool_contradiction,84,0.0,0,"{""style"": ""fallback_status"", ""fallback"": true}"
train,toolace-491::overgeneration,overgeneration,unsupported_risk,overgeneration,68,0.0,0,"{""style"": ""unsupported_risk"", ""reason"": ""claim_absent_from_tool_response""}"
train,toolace-491::missing_tool,missing_tool,email,missing_tool,53,0.8133802816901409,1,"{""style"": ""email"", ""reason"": ""required_tool_unavailable""}"
train,toolace-114::tool_contradiction,tool_contradiction,time_substitution,tool_contradiction,5,0.36967418546365916,0,"{""style"": ""time_substitution"", ""source_value"": '30:00', ""new_value"": '09:00'}"
train,toolace-114::overgeneration,overgeneration,unsupported_trend,overgeneration,60,0.0,0,"{""style"": ""unsupported_trend"", ""reason"": ""claim_absent_from_tool_response""}"
train,toolace-114::missing_tool,missing_tool,cancel,missing_tool,42,0.06420927467300833,0,"{""style"": ""cancel"", ""reason"": ""required_tool_unavailable""}"
train,toolace-35::tool_contradiction,tool_contradiction,cross_field_value_swap,tool_contradiction,21,0.5457413249211357,0,"{""style"": ""cross_field_value_swap"", ""source_value"": 'project_overview_pptx_string', ""new_value"": 'GetPdfInStorageToPptx'}"
train,toolace-35::overgeneration,overgeneration,unsupported_external_confirmation,overgeneration,71,0.0,0,"{""style"": ""unsupported_external_confirmation"", ""reason"": ""claim_absent_from_tool_response""}"
train,toolace-35::missing_tool,missing_tool,email,missing_tool,53,0.28835978835978837,0,"{""style"": ""email"", ""reason"": ""required_tool_unavailable""}"
train,toolace-167::tool_contradiction,tool_contradiction,number_substitution,tool_contradiction,4,0.22772277227722773,0,"{""style"": ""number_substitution"", ""source_value"": '1203', ""new_value"": '1023'}"
train,toolace-167::overgeneration,overgeneration,unsupported_guarantee,overgeneration,76,0.8,1,"{""style"": ""unsupported_guarantee"", ""reason"": ""claim_absent_from_tool_response""}"
train,toolace-167::missing_tool,missing_tool,email,missing_tool,53,0.8515406162464986,1,"{""style"": ""email"", ""reason"": ""required_tool_unavailable""}"
train,toolace-417::tool_contradiction,tool_contradiction,entity_substitution,tool_contradiction,5,0.9702702702702702,0,"{""style"": ""entity_substitution"", ""source_value"": 'Video', ""new_value"": 'Dubai'}"
train,toolace-417::overgeneration,overgeneration,unsupported_cause,overgeneration,71,0.0,0,"{""style"": ""unsupported_cause"", ""reason"": ""claim_absent_from_tool_response""}"
train,toolace-417::missing_tool,missing_tool,flight,missing_tool,37,0.0,0,"{""style"": ""flight"", ""reason"": ""required_tool_unavailable""}"
train,toolace-132::tool_contradiction,tool_contradiction,number_substitution,tool_contradiction,4,0.4186046511627907,0,"{""style"": ""number_substitution"", ""source_value"": '2.25', ""new_value"": '3.25'}"
train,toolace-132::overgeneration,overgeneration,unsupported_risk,overgeneration,68,0.0,0,"{""style"": ""unsupported_risk"", ""reason"": ""claim_absent_from_tool_response""}"
train,toolace-132::missing_tool,missing_tool,email,missing_tool,53,0.6214285714285714,1,"{""style"": ""email"", ""reason"": ""required_tool_unavailable""}"
train,toolace-727::tool_contradiction,tool_contradiction,number_substitution,tool_contradiction,1,0.9357798165137615,0,"{""style"": ""number_substitution"", ""source_value"": '00', ""new_value"": '1'}"
train,toolace-727::overgeneration,overgeneration,unsupported_cause,overgeneration,71,0.5017182130584192,0,"{""style"": ""unsupported_cause"", ""reason"": ""claim_absent_from_tool_response""}"
train,toolace-727::missing_tool,missing_tool,hotel,missing_tool,52,0.8088235294117647,1,"{""style"": ""hotel"", ""reason"": ""required_tool_unavailable""}"
train,toolace-480::tool_contradiction,tool_contradiction,number_substitution,tool_contradiction,2,0.7965517241379311,0,"{""style"": ""number_substitution"", ""source_value"": '15', ""new_value"": '17'}"
train,toolace-480::overgeneration,overgeneration,unsupported_history,overgeneration,85,0.8723723723723724,1,"{""style"": ""unsupported_history"", ""reason"": ""claim_absent_from_tool_response""}"
train,toolace-480::missing_tool,missing_tool,flight,missing_tool,37,0.9401294498381877,1,"{""style"": ""flight"", ""reason"": ""required_tool_unavailable""}"
train,toolace-357::tool_contradiction,tool_contradiction,cross_field_value_swap,tool_contradiction,13,0.22607260726072606,0,"{""style"": ""cross_field_value_swap"", ""source_value"": 'price', ""new_value"": 'Final Cut Pro'}"
train,toolace-357::overgeneration,overgeneration,unsupported_forecast,overgeneration,69,0.0,0,"{""style"": ""unsupported_forecast"", ""reason"": ""claim_absent_from_tool_response""}"
train,toolace-357::missing_tool,missing_tool,calendar,missing_tool,49,0.0,0,"{""style"": ""calendar"", ""reason"": ""required_tool_unavailable""}"
train,toolace-573::tool_contradiction,tool_contradiction,fallback_opposite,tool_contradiction,67,0.541095890410959,1,"{""style"": ""fallback_opposite"", ""fallback"": true}"
train,toolace-573::overgeneration,overgeneration,unsupported_forecast,overgeneration,69,0.0,1,"{""style"": ""unsupported_forecast"", ""reason"": ""claim_absent_from_tool_response""}"
train,toolace-573::missing_tool,missing_tool,cancel,missing_tool,42,0.0,0,"{""style"": ""cancel"", ""reason"": ""required_tool_unavailable""}"
train,toolace-424::tool_contradiction,tool_contradiction,entity_substitution,tool_contradiction,6,0.12460567823343849,0,"{""style"": ""entity_substitution"", ""source_value"": 'Quarterly', ""new_value"": 'Madrid'}"
train,toolace-424::overgeneration,overgeneration,unsupported_forecast,overgeneration,69,0.9024045261669024,1,"{""style"": ""unsupported_forecast"", ""reason"": ""claim_absent_from_tool_response""}"
train,toolace-424::missing_tool,missing_tool,flight,missing_tool,37,0.6162962962962963,0,"{""style"": ""flight"", ""reason"": ""required_tool_unavailable""}"
train,toolace-352::tool_contradiction,tool_contradiction,number_substitution,tool_contradiction,5,0.3392226148409894,0,"{""style"": ""number_substitution"", ""source_value"": '170.0', ""new_value"": '144.5'}"
train,toolace-352::overgeneration,overgeneration,unsupported_comparison,overgeneration,80,0.2857142857142857,0,"{""style"": ""unsupported_comparison"", ""reason"": ""claim_absent_from_tool_response""}"
train,toolace-352::missing_tool,missing_tool,calendar,missing_tool,49,0.0,0,"{""style"": ""calendar"", ""reason"": ""required_tool_unavailable""}"
train,toolace-301::tool_contradiction,tool_contradiction,cross_field_value_swap,tool_contradiction,10,0.04032258064516129,0,"{""style"": ""cross_field_value_swap"", ""source_value"": 'players', ""new_value"": '2022-03-05'}"
train,toolace-301::overgeneration,overgeneration,unsupported_trend,overgeneration,60,0.911504424778761,1,"{""style"": ""unsupported_trend"", ""reason"": ""claim_absent_from_tool_response""}"
train,toolace-301::missing_tool,missing_tool,email,missing_tool,53,0.11624441132637854,0,"{""style"": ""email"", ""reason"": ""required_tool_unavailable""}"
train,toolace-746::tool_contradiction,tool_contradiction,entity_substitution,tool_contradiction,9,0.48148148148148145,0,"{""style"": ""entity_substitution"", ""source_value"": 'Mbps', ""new_value"": 'Singapore'}"
train,toolace-746::overgeneration,overgeneration,unsupported_guarantee,overgeneration,76,0.5777777777777777,1,"{""style"": ""unsupported_guarantee"", ""reason"": ""claim_absent_from_tool_response""}"
train,toolace-746::missing_tool,missing_tool,cancel,missing_tool,42,0.7123287671232876,1,"{""style"": ""cancel"", ""reason"": ""required_tool_unavailable""}"
train,toolace-172::tool_contradiction,tool_contradiction,fallback_value,tool_contradiction,80,0.1688888888888889,0,"{""style"": ""fallback_value"", ""fallback"": true}"
train,toolace-172::overgeneration,overgeneration,unsupported_history,overgeneration,85,0.0,0,"{""style"": ""unsupported_history"", ""reason"": ""claim_absent_from_tool_response""}"
train,toolace-172::missing_tool,missing_tool,cancel,missing_tool,42,0.18446601941747573,0,"{""style"": ""cancel"", ""reason"": ""required_tool_unavailable""}"
train,toolace-219::tool_contradiction,tool_contradiction,number_substitution,tool_contradiction,3,0.28544423440453687,0,"{""style"": ""number_substitution"", ""source_value"": '2.5', ""new_value"": '3.5'}"
train,toolace-219::overgeneration,overgeneration,unsupported_forecast,overgeneration,69,0.10350584307178631,0,"{""style"": ""unsupported_forecast"", ""reason"": ""claim_absent_from_tool_response""}"
train,toolace-219::missing_tool,missing_tool,hotel,missing_tool,52,0.10652920962199312,0,"{""style"": ""hotel"", ""reason"": ""required_tool_unavailable""}"
train,toolace-392::tool_contradiction,tool_contradiction,fallback_opposite,tool_contradiction,67,0.1455223880597015,0,"{""style"": ""fallback_opposite"", ""fallback"": true}"
train,toolace-392::overgeneration,overgeneration,unsupported_cause,overgeneration,71,0.0,0,"{""style"": ""unsupported_cause"", ""reason"": ""claim_absent_from_tool_response""}"
train,toolace-392::missing_tool,missing_tool,cancel,missing_tool,42,0.15264187866927592,0,"{""style"": ""cancel"", ""reason"": ""required_tool_unavailable""}"
train,toolace-158::tool_contradiction,tool_contradiction,number_substitution,tool_contradiction,3,0.28440366972477066,0,"{""style"": ""number_substitution"", ""source_value"": '150', ""new_value"": '172'}"
train,toolace-158::overgeneration,overgeneration,unsupported_forecast,overgeneration,69,0.9171668667466987,1,"{""style"": ""unsupported_forecast"", ""reason"": ""claim_absent_from_tool_response""}"
train,toolace-158::missing_tool,missing_tool,flight,missing_tool,37,0.0,0,"{""style"": ""flight"", ""reason"": ""required_tool_unavailable""}"
train,toolace-632::tool_contradiction,tool_contradiction,fallback_status,tool_contradiction,84,0.5571847507331378,0,"{""style"": ""fallback_status"", ""fallback"": true}"
train,toolace-632::overgeneration,overgeneration,unsupported_trend,overgeneration,60,0.0,0,"{""style"": ""unsupported_trend"", ""reason"": ""claim_absent_from_tool_response""}"
train,toolace-632::missing_tool,missing_tool,email,missing_tool,53,0.8290322580645161,1,"{""style"": ""email"", ""reason"": ""required_tool_unavailable""}"
train,toolace-1::tool_contradiction,tool_contradiction,cross_field_value_swap,tool_contradiction,12,0.12573673870333987,0,"{""style"": ""cross_field_value_swap"", ""source_value"": 'will', ""new_value"": 'Sam Levenson'}"
train,toolace-1::overgeneration,overgeneration,unsupported_forecast,overgeneration,69,0.6970227670753065,0,"{""style"": ""unsupported_forecast"", ""reason"": ""claim_absent_from_tool_response""}"
train,toolace-1::missing_tool,missing_tool,flight,missing_tool,37,0.9313543599257885,1,"{""style"": ""flight"", ""reason"": ""required_tool_unavailable""}"
train,toolace-118::tool_contradiction,tool_contradiction,number_substitution,tool_contradiction,4,0.13170731707317074,0,"{""style"": ""number_substitution"", ""source_value"": '2020', ""new_value"": '2323'}"
train,toolace-118::overgeneration,overgeneration,unsupported_trend,overgeneration,60,0.17899408284023668,0,"{""style"": ""unsupported_trend"", ""reason"": ""claim_absent_from_tool_response""}"
train,toolace-118::missing_tool,missing_tool,cancel,missing_tool,42,0.9361702127659575,1,"{""style"": ""cancel"", ""reason"": ""required_tool_unavailable""}"
train,toolace-700::tool_contradiction,tool_contradiction,entity_substitution,tool_contradiction,7,0.8973214285714286,0,"{""style"": ""entity_substitution"", ""source_value"": 'Saint Patrick', ""new_value"": 'Beijing'}"
train,toolace-700::overgeneration,overgeneration,unsupported_trend,overgeneration,60,0.7938144329896907,1,"{""style"": ""unsupported_trend"", ""reason"": ""claim_absent_from_tool_response""}"
train,toolace-700::missing_tool,missing_tool,cancel,missing_tool,42,0.6483516483516484,0,"{""style"": ""cancel"", ""reason"": ""required_tool_unavailable""}"
train,toolace-704::tool_contradiction,tool_contradiction,fallback_value,tool_contradiction,80,0.20063694267515925,0,"{""style"": ""fallback_value"", ""fallback"": true}"
train,toolace-704::overgeneration,overgeneration,unsupported_user_reaction,overgeneration,73,0.762214983713355,1,"{""style"": ""unsupported_user_reaction"", ""reason"": ""claim_absent_from_tool_response""}"
train,toolace-704::missing_tool,missing_tool,flight,missing_tool,37,0.0,0,"{""style"": ""flight"", ""reason"": ""required_tool_unavailable""}"
train,toolace-46::tool_contradiction,tool_contradiction,number_substitution,tool_contradiction,5,0.09392838609237156,0,"{""style"": ""number_substitution"", ""source_value"": '59.99', ""new_value"": '50.99'}"
train,toolace-46::overgeneration,overgeneration,unsupported_forecast,overgeneration,69,0.0,0,"{""style"": ""unsupported_forecast"", ""reason"": ""claim_absent_from_tool_response""}"
train,toolace-46::missing_tool,missing_tool,email,missing_tool,53,0.9732458354366481,1,"{""style"": ""email"", ""reason"": ""required_tool_unavailable""}"
train,toolace-140::tool_contradiction,tool_contradiction,number_substitution,tool_contradiction,6,0.967741935483871,1,"{""style"": ""number_substitution"", ""source_value"": '139.6917', ""new_value"": '160.65'}"
train,toolace-140::overgeneration,overgeneration,unsupported_recommendation,overgeneration,76,0.0,0,"{""style"": ""unsupported_recommendation"", ""reason"": ""claim_absent_from_tool_response""}"
train,toolace-140::missing_tool,missing_tool,email,missing_tool,53,0.8058608058608059,1,"{""style"": ""email"", ""reason"": ""required_tool_unavailable""}"
train,toolace-121::tool_contradiction,tool_contradiction,fallback_opposite,tool_contradiction,67,0.8299492385786802,1,"{""style"": ""fallback_opposite"", ""fallback"": true}"
train,toolace-121::overgeneration,overgeneration,unsupported_user_reaction,overgeneration,73,0.8175,1,"{""style"": ""unsupported_user_reaction"", ""reason"": ""claim_absent_from_tool_response""}"
train,toolace-121::missing_tool,missing_tool,cancel,missing_tool,42,0.0,0,"{""style"": ""cancel"", ""reason"": ""required_tool_unavailable""}"
train,toolace-646::tool_contradiction,tool_contradiction,cross_field_value_swap,tool_contradiction,18,0.009478672985781991,0,"{""style"": ""cross_field_value_swap"", ""source_value"": 'advancements', ""new_value"": 'Computer-generated'}"
train,toolace-646::overgeneration,overgeneration,unsupported_external_confirmation,overgeneration,71,0.8545081967213115,1,"{""style"": ""unsupported_external_confirmation"", ""reason"": ""claim_absent_from_tool_response""}"
train,toolace-646::missing_tool,missing_tool,cancel,missing_tool,42,0.5359477124183006,0,"{""style"": ""cancel"", ""reason"": ""required_tool_unavailable""}"
train,toolace-735::tool_contradiction,tool_contradiction,status_or_boolean_flip,tool_contradiction,3,0.2754098360655738,0,"{""style"": ""status_or_boolean_flip"", ""source_value"": 'high', ""new_value"": 'low'}"
train,toolace-735::overgeneration,overgeneration,unsupported_cause,overgeneration,71,0.0,0,"{""style"": ""unsupported_cause"", ""reason"": ""claim_absent_from_tool_response""}"
train,toolace-735::missing_tool,missing_tool,cancel,missing_tool,42,0.0,0,"{""style"": ""cancel"", ""reason"": ""required_tool_unavailable""}"
train,toolace-330::tool_contradiction,tool_contradiction,entity_substitution,tool_contradiction,6,0.9792339640055376,0,"{""style"": ""entity_substitution"", ""source_value"": 'Get', ""new_value"": 'London'}"
train,toolace-330::overgeneration,overgeneration,unsupported_history,overgeneration,85,0.9622222222222222,1,"{""style"": ""unsupported_history"", ""reason"": ""claim_absent_from_tool_response""}"
train,toolace-330::missing_tool,missing_tool,flight,missing_tool,37,0.983197093551317,1,"{""style"": ""flight"", ""reason"": ""required_tool_unavailable""}"
train,toolace-472::tool_contradiction,tool_contradiction,cross_field_value_swap,tool_contradiction,9,0.1846619576185671,0,"{""style"": ""cross_field_value_swap"", ""source_value"": 'and', ""new_value"": 'locations'}"
train,toolace-472::overgeneration,overgeneration,unsupported_trend,overgeneration,60,0.9426386233269598,1,"{""style"": ""unsupported_trend"", ""reason"": ""claim_absent_from_tool_response""}"
train,toolace-472::missing_tool,missing_tool,email,missing_tool,53,0.9489894128970163,1,"{""style"": ""email"", ""reason"": ""required_tool_unavailable""}"
train,toolace-390::tool_contradiction,tool_contradiction,cross_field_value_swap,tool_contradiction,14,0.518348623853211,0,"{""style"": ""cross_field_value_swap"", ""source_value"": 'examplesite.com', ""new_value"": 'Search Artists'}"
train,toolace-390::overgeneration,overgeneration,unsupported_guarantee,overgeneration,76,0.7432432432432432,1,"{""style"": ""unsupported_guarantee"", ""reason"": ""claim_absent_from_tool_response""}"
train,toolace-390::missing_tool,missing_tool,cancel,missing_tool,42,0.0,0,"{""style"": ""cancel"", ""reason"": ""required_tool_unavailable""}"
train,toolace-415::tool_contradiction,tool_contradiction,number_substitution,tool_contradiction,6,0.3910891089108911,0,"{""style"": ""number_substitution"", ""source_value"": '310.33', ""new_value"": '263.78'}"
train,toolace-415::overgeneration,overgeneration,unsupported_forecast,overgeneration,69,0.0,0,"{""style"": ""unsupported_forecast"", ""reason"": ""claim_absent_from_tool_response""}"
train,toolace-415::missing_tool,missing_tool,flight,missing_tool,37,0.1625,0,"{""style"": ""flight"", ""reason"": ""required_tool_unavailable""}"
train,toolace-517::tool_contradiction,tool_contradiction,fallback_value,tool_contradiction,80,0.49117647058823527,0,"{""style"": ""fallback_value"", ""fallback"": true}"
train,toolace-517::overgeneration,overgeneration,unsupported_risk,overgeneration,68,0.7926829268292683,1,"{""style"": ""unsupported_risk"", ""reason"": ""claim_absent_from_tool_response""}"
train,toolace-517::missing_tool,missing_tool,hotel,missing_tool,52,0.0,0,"{""style"": ""hotel"", ""reason"": ""required_tool_unavailable""}"
train,toolace-737::tool_contradiction,tool_contradiction,entity_substitution,tool_contradiction,6,0.6020408163265306,0,"{""style"": ""entity_substitution"", ""source_value"": 'Brain Function Mapping', ""new_value"": 'Berlin'}"
train,toolace-737::overgeneration,overgeneration,unsupported_external_confirmation,overgeneration,71,0.8771626297577855,1,"{""style"": ""unsupported_external_confirmation"", ""reason"": ""claim_absent_from_tool_response""}"
train,toolace-737::missing_tool,missing_tool,email,missing_tool,53,0.0,0,"{""style"": ""email"", ""reason"": ""required_tool_unavailable""}"
train,toolace-775::tool_contradiction,tool_contradiction,cross_field_value_swap,tool_contradiction,13,0.05420054200542006,0,"{""style"": ""cross_field_value_swap"", ""source_value"": 'analysis', ""new_value"": 'comprehensive'}"
train,toolace-775::overgeneration,overgeneration,unsupported_guarantee,overgeneration,76,0.0,0,"{""style"": ""unsupported_guarantee"", ""reason"": ""claim_absent_from_tool_response""}"
train,toolace-775::missing_tool,missing_tool,cancel,missing_tool,42,0.8968058968058968,1,"{""style"": ""cancel"", ""reason"": ""required_tool_unavailable""}"
train,toolace-195::tool_contradiction,tool_contradiction,number_substitution,tool_contradiction,6,0.08602150537634409,0,"{""style"": ""number_substitution"", ""source_value"": '435.5', ""new_value"": '500.82'}"
train,toolace-195::overgeneration,overgeneration,unsupported_history,overgeneration,85,0.6863468634686347,1,"{""style"": ""unsupported_history"", ""reason"": ""claim_absent_from_tool_response""}"
train,toolace-195::missing_tool,missing_tool,email,missing_tool,53,0.7782426778242678,1,"{""style"": ""email"", ""reason"": ""required_tool_unavailable""}"
train,toolace-377::tool_contradiction,tool_contradiction,fallback_value,tool_contradiction,80,0.5897435897435898,1,"{""style"": ""fallback_value"", ""fallback"": true}"
train,toolace-377::overgeneration,overgeneration,unsupported_risk,overgeneration,68,0.0,1,"{""style"": ""unsupported_risk"", ""reason"": ""claim_absent_from_tool_response""}"
train,toolace-377::missing_tool,missing_tool,calendar,missing_tool,49,0.7012195121951219,1,"{""style"": ""calendar"", ""reason"": ""required_tool_unavailable""}"
train,toolace-228::tool_contradiction,tool_contradiction,cross_field_value_swap,tool_contradiction,22,0.010673234811165846,0,"{""style"": ""cross_field_value_swap"", ""source_value"": 'suggestions', ""new_value"": 'Autocomplete US Cities'}"
train,toolace-228::overgeneration,overgeneration,unsupported_user_reaction,overgeneration,73,0.14754098360655737,0,"{""style"": ""unsupported_user_reaction"", ""reason"": ""claim_absent_from_tool_response""}"
train,toolace-228::missing_tool,missing_tool,cancel,missing_tool,42,0.1512,0,"{""style"": ""cancel"", ""reason"": ""required_tool_unavailable""}"
train,toolace-223::tool_contradiction,tool_contradiction,date_substitution,tool_contradiction,10,0.47018739352640543,0,"{""style"": ""date_substitution"", ""source_value"": '2021-07-07', ""new_value"": '2021-07-10'}"
train,toolace-223::overgeneration,overgeneration,unsupported_comparison,overgeneration,80,0.0,0,"{""style"": ""unsupported_comparison"", ""reason"": ""claim_absent_from_tool_response""}"
train,toolace-223::missing_tool,missing_tool,calendar,missing_tool,49,0.3453689167974882,0,"{""style"": ""calendar"", ""reason"": ""required_tool_unavailable""}"
train,toolace-17::tool_contradiction,tool_contradiction,fallback_status,tool_contradiction,84,0.4206896551724138,1,"{""style"": ""fallback_status"", ""fallback"": true}"
train,toolace-17::overgeneration,overgeneration,unsupported_external_confirmation,overgeneration,71,0.4621212121212121,1,"{""style"": ""unsupported_external_confirmation"", ""reason"": ""claim_absent_from_tool_response""}"
train,toolace-17::missing_tool,missing_tool,email,missing_tool,53,0.5350877192982456,1,"{""style"": ""email"", ""reason"": ""required_tool_unavailable""}"
train,toolace-478::tool_contradiction,tool_contradiction,entity_substitution,tool_contradiction,6,0.1253731343283582,0,"{""style"": ""entity_substitution"", ""source_value"": 'Flip the Switch', ""new_value"": 'Sydney'}"
train,toolace-478::overgeneration,overgeneration,unsupported_comparison,overgeneration,80,0.060526315789473685,0,"{""style"": ""unsupported_comparison"", ""reason"": ""claim_absent_from_tool_response""}"
train,toolace-478::missing_tool,missing_tool,flight,missing_tool,37,0.06415620641562064,0,"{""style"": ""flight"", ""reason"": ""required_tool_unavailable""}"
train,toolace-441::tool_contradiction,tool_contradiction,fallback_status,tool_contradiction,84,0.865814696485623,1,"{""style"": ""fallback_status"", ""fallback"": true}"
train,toolace-441::overgeneration,overgeneration,unsupported_comparison,overgeneration,80,0.19292604501607716,0,"{""style"": ""unsupported_comparison"", ""reason"": ""claim_absent_from_tool_response""}"
train,toolace-441::missing_tool,missing_tool,calendar,missing_tool,49,0.9170896785109983,1,"{""style"": ""calendar"", ""reason"": ""required_tool_unavailable""}"
train,toolace-147::tool_contradiction,tool_contradiction,number_substitution,tool_contradiction,2,0.5181236673773987,0,"{""style"": ""number_substitution"", ""source_value"": '90', ""new_value"": '76'}"
train,toolace-147::overgeneration,overgeneration,unsupported_external_confirmation,overgeneration,71,0.1792079207920792,0,"{""style"": ""unsupported_external_confirmation"", ""reason"": ""claim_absent_from_tool_response""}"
train,toolace-147::missing_tool,missing_tool,calendar,missing_tool,49,0.18319838056680163,0,"{""style"": ""calendar"", ""reason"": ""required_tool_unavailable""}"
train,toolace-660::tool_contradiction,tool_contradiction,entity_substitution,tool_contradiction,7,0.8653846153846154,0,"{""style"": ""entity_substitution"", ""source_value"": 'Temperature', ""new_value"": 'Beijing'}"
train,toolace-660::overgeneration,overgeneration,unsupported_risk,overgeneration,68,0.0,0,"{""style"": ""unsupported_risk"", ""reason"": ""claim_absent_from_tool_response""}"
train,toolace-660::missing_tool,missing_tool,email,missing_tool,53,0.7523364485981309,1,"{""style"": ""email"", ""reason"": ""required_tool_unavailable""}"
train,toolace-496::tool_contradiction,tool_contradiction,number_substitution,tool_contradiction,2,0.23448726322664926,0,"{""style"": ""number_substitution"", ""source_value"": '10', ""new_value"": '12'}"
train,toolace-496::overgeneration,overgeneration,unsupported_comparison,overgeneration,80,0.9503722084367245,1,"{""style"": ""unsupported_comparison"", ""reason"": ""claim_absent_from_tool_response""}"
train,toolace-496::missing_tool,missing_tool,calendar,missing_tool,49,0.0,0,"{""style"": ""calendar"", ""reason"": ""required_tool_unavailable""}"
train,toolace-16::tool_contradiction,tool_contradiction,number_substitution,tool_contradiction,5,0.5,0,"{""style"": ""number_substitution"", ""source_value"": '0.123', ""new_value"": '-0.88'}"
train,toolace-16::overgeneration,overgeneration,unsupported_cause,overgeneration,71,0.3925925925925926,0,"{""style"": ""unsupported_cause"", ""reason"": ""claim_absent_from_tool_response""}"
train,toolace-16::missing_tool,missing_tool,email,missing_tool,53,0.0,0,"{""style"": ""email"", ""reason"": ""required_tool_unavailable""}"
train,toolace-146::tool_contradiction,tool_contradiction,cross_field_value_swap,tool_contradiction,17,0.33147632311977715,0,"{""style"": ""cross_field_value_swap"", ""source_value"": '0x9fa4f8f76b637c3717904560a3bd980c438cadfdd20d9cc731e6f4f4932e4edb', ""new_value"": 'transactionStatus'}"
train,toolace-146::overgeneration,overgeneration,unsupported_recommendation,overgeneration,76,0.0,0,"{""style"": ""unsupported_recommendation"", ""reason"": ""claim_absent_from_tool_response""}"
train,toolace-146::missing_tool,missing_tool,hotel,missing_tool,52,0.8872017353579176,1,"{""style"": ""hotel"", ""reason"": ""required_tool_unavailable""}"
train,toolace-403::tool_contradiction,tool_contradiction,fallback_value,tool_contradiction,80,0.0,0,"{""style"": ""fallback_value"", ""fallback"": true}"
train,toolace-403::overgeneration,overgeneration,unsupported_risk,overgeneration,68,0.0,0,"{""style"": ""unsupported_risk"", ""reason"": ""claim_absent_from_tool_response""}"
train,toolace-403::missing_tool,missing_tool,calendar,missing_tool,49,0.0,0,"{""style"": ""calendar"", ""reason"": ""required_tool_unavailable""}"
train,toolace-582::tool_contradiction,tool_contradiction,cross_field_value_swap,tool_contradiction,10,0.10714285714285714,0,"{""style"": ""cross_field_value_swap"", ""source_value"": 'attic', ""new_value"": 'paranormal'}"
train,toolace-582::overgeneration,overgeneration,unsupported_cause,overgeneration,71,0.4851063829787234,0,"{""style"": ""unsupported_cause"", ""reason"": ""claim_absent_from_tool_response""}"
train,toolace-582::missing_tool,missing_tool,flight,missing_tool,37,0.8159203980099502,1,"{""style"": ""flight"", ""reason"": ""required_tool_unavailable""}"
train,toolace-353::tool_contradiction,tool_contradiction,entity_substitution,tool_contradiction,6,0.3814713896457766,0,"{""style"": ""entity_substitution"", ""source_value"": 'Filing', ""new_value"": 'Sydney'}"
train,toolace-353::overgeneration,overgeneration,unsupported_recommendation,overgeneration,76,0.1373873873873874,0,"{""style"": ""unsupported_recommendation"", ""reason"": ""claim_absent_from_tool_response""}"
train,toolace-353::missing_tool,missing_tool,cancel,missing_tool,42,0.8975609756097561,1,"{""style"": ""cancel"", ""reason"": ""required_tool_unavailable""}"
train,toolace-477::tool_contradiction,tool_contradiction,entity_substitution,tool_contradiction,7,0.06030150753768844,0,"{""style"": ""entity_substitution"", ""source_value"": 'Lusail International Circuit', ""new_value"": 'Toronto'}"
train,toolace-477::overgeneration,overgeneration,unsupported_recommendation,overgeneration,76,0.0,0,"{""style"": ""unsupported_recommendation"", ""reason"": ""claim_absent_from_tool_response""}"
train,toolace-477::missing_tool,missing_tool,flight,missing_tool,37,0.1875,0,"{""style"": ""flight"", ""reason"": ""required_tool_unavailable""}"
train,toolace-405::tool_contradiction,tool_contradiction,cross_field_value_swap,tool_contradiction,17,0.29457364341085274,0,"{""style"": ""cross_field_value_swap"", ""source_value"": 'techcrunch.com', ""new_value"": 'getCompanyWebsite'}"
train,toolace-405::overgeneration,overgeneration,unsupported_user_reaction,overgeneration,73,0.0,0,"{""style"": ""unsupported_user_reaction"", ""reason"": ""claim_absent_from_tool_response""}"
train,toolace-405::missing_tool,missing_tool,calendar,missing_tool,49,0.7215909090909091,1,"{""style"": ""calendar"", ""reason"": ""required_tool_unavailable""}"
train,toolace-795::tool_contradiction,tool_contradiction,fallback_value,tool_contradiction,80,0.0,0,"{""style"": ""fallback_value"", ""fallback"": true}"
train,toolace-795::overgeneration,overgeneration,unsupported_history,overgeneration,85,0.0,0,"{""style"": ""unsupported_history"", ""reason"": ""claim_absent_from_tool_response""}"
train,toolace-795::missing_tool,missing_tool,flight,missing_tool,37,0.0,0,"{""style"": ""flight"", ""reason"": ""required_tool_unavailable""}"
train,toolace-772::tool_contradiction,tool_contradiction,cross_field_value_swap,tool_contradiction,17,0.2054794520547945,0,"{""style"": ""cross_field_value_swap"", ""source_value"": 'communication', ""new_value"": 'simulation_result'}"
train,toolace-772::overgeneration,overgeneration,unsupported_history,overgeneration,85,0.8365384615384616,1,"{""style"": ""unsupported_history"", ""reason"": ""claim_absent_from_tool_response""}"
train,toolace-772::missing_tool,missing_tool,calendar,missing_tool,49,0.2809917355371901,0,"{""style"": ""calendar"", ""reason"": ""required_tool_unavailable""}"
train,toolace-4::tool_contradiction,tool_contradiction,fallback_opposite,tool_contradiction,67,0.024475524475524476,0,"{""style"": ""fallback_opposite"", ""fallback"": true}"
train,toolace-4::overgeneration,overgeneration,unsupported_external_confirmation,overgeneration,71,0.0,0,"{""style"": ""unsupported_external_confirmation"", ""reason"": ""claim_absent_from_tool_response""}"
train,toolace-4::missing_tool,missing_tool,cancel,missing_tool,42,0.0,0,"{""style"": ""cancel"", ""reason"": ""required_tool_unavailable""}"
train,toolace-471::tool_contradiction,tool_contradiction,number_substitution,tool_contradiction,4,0.25210084033613445,0,"{""style"": ""number_substitution"", ""source_value"": '1980', ""new_value"": '2277'}"
train,toolace-471::overgeneration,overgeneration,unsupported_guarantee,overgeneration,76,0.0,0,"{""style"": ""unsupported_guarantee"", ""reason"": ""claim_absent_from_tool_response""}"
train,toolace-471::missing_tool,missing_tool,email,missing_tool,53,0.34514637904468415,0,"{""style"": ""email"", ""reason"": ""required_tool_unavailable""}"
train,toolace-380::tool_contradiction,tool_contradiction,cross_field_value_swap,tool_contradiction,9,0.9774834437086093,0,"{""style"": ""cross_field_value_swap"", ""source_value"": 'for', ""new_value"": 'gardening'}"
train,toolace-380::overgeneration,overgeneration,unsupported_trend,overgeneration,60,0.0,0,"{""style"": ""unsupported_trend"", ""reason"": ""claim_absent_from_tool_response""}"
train,toolace-380::missing_tool,missing_tool,cancel,missing_tool,42,0.1414141414141414,0,"{""style"": ""cancel"", ""reason"": ""required_tool_unavailable""}"
train,toolace-237::tool_contradiction,tool_contradiction,fallback_opposite,tool_contradiction,67,0.18969072164948453,0,"{""style"": ""fallback_opposite"", ""fallback"": true}"
train,toolace-237::overgeneration,overgeneration,unsupported_risk,overgeneration,68,0.8600823045267489,1,"{""style"": ""unsupported_risk"", ""reason"": ""claim_absent_from_tool_response""}"
train,toolace-237::missing_tool,missing_tool,hotel,missing_tool,52,0.0,0,"{""style"": ""hotel"", ""reason"": ""required_tool_unavailable""}"
train,toolace-423::tool_contradiction,tool_contradiction,cross_field_value_swap,tool_contradiction,20,0.05873015873015873,0,"{""style"": ""cross_field_value_swap"", ""source_value"": 'ingredients', ""new_value"": 'Herb Roasted Chicken'}"
train,toolace-423::overgeneration,overgeneration,unsupported_risk,overgeneration,68,0.9014492753623189,1,"{""style"": ""unsupported_risk"", ""reason"": ""claim_absent_from_tool_response""}"
train,toolace-423::missing_tool,missing_tool,hotel,missing_tool,52,0.9228486646884273,1,"{""style"": ""hotel"", ""reason"": ""required_tool_unavailable""}"
train,toolace-349::tool_contradiction,tool_contradiction,number_substitution,tool_contradiction,3,0.7453798767967146,0,"{""style"": ""number_substitution"", ""source_value"": '312', ""new_value"": '265'}"
train,toolace-349::overgeneration,overgeneration,unsupported_cause,overgeneration,71,0.8729874776386404,1,"{""style"": ""unsupported_cause"", ""reason"": ""claim_absent_from_tool_response""}"
train,toolace-349::missing_tool,missing_tool,email,missing_tool,53,0.9020332717190388,1,"{""style"": ""email"", ""reason"": ""required_tool_unavailable""}"
train,toolace-484::tool_contradiction,tool_contradiction,entity_substitution,tool_contradiction,8,0.12217795484727756,0,"{""style"": ""entity_substitution"", ""source_value"": 'Perseverance', ""new_value"": 'New York'}"
train,toolace-484::overgeneration,overgeneration,unsupported_comparison,overgeneration,80,0.008353221957040573,0,"{""style"": ""unsupported_comparison"", ""reason"": ""claim_absent_from_tool_response""}"
train,toolace-484::missing_tool,missing_tool,calendar,missing_tool,49,0.0,0,"{""style"": ""calendar"", ""reason"": ""required_tool_unavailable""}"
train,toolace-701::tool_contradiction,tool_contradiction,fallback_value,tool_contradiction,80,0.5767195767195767,1,"{""style"": ""fallback_value"", ""fallback"": true}"
train,toolace-701::overgeneration,overgeneration,unsupported_user_reaction,overgeneration,73,0.0,0,"{""style"": ""unsupported_user_reaction"", ""reason"": ""claim_absent_from_tool_response""}"
train,toolace-701::missing_tool,missing_tool,flight,missing_tool,37,0.0,0,"{""style"": ""flight"", ""reason"": ""required_tool_unavailable""}"
train,toolace-544::tool_contradiction,tool_contradiction,fallback_value,tool_contradiction,80,0.5151515151515151,1,"{""style"": ""fallback_value"", ""fallback"": true}"
train,toolace-544::overgeneration,overgeneration,unsupported_comparison,overgeneration,80,0.0,0,"{""style"": ""unsupported_comparison"", ""reason"": ""claim_absent_from_tool_response""}"
train,toolace-544::missing_tool,missing_tool,cancel,missing_tool,42,0.0,0,"{""style"": ""cancel"", ""reason"": ""required_tool_unavailable""}"
train,toolace-229::tool_contradiction,tool_contradiction,cross_field_value_swap,tool_contradiction,4,0.05818181818181818,0,"{""style"": ""cross_field_value_swap"", ""source_value"": 'tournament', ""new_value"": 'NCAA'}"
train,toolace-229::overgeneration,overgeneration,unsupported_trend,overgeneration,60,0.07779578606158834,0,"{""style"": ""unsupported_trend"", ""reason"": ""claim_absent_from_tool_response""}"
train,toolace-229::missing_tool,missing_tool,cancel,missing_tool,42,0.9298831385642737,1,"{""style"": ""cancel"", ""reason"": ""required_tool_unavailable""}"
train,toolace-269::tool_contradiction,tool_contradiction,date_substitution,tool_contradiction,10,0.8100470957613815,0,"{""style"": ""date_substitution"", ""source_value"": '2020-12-01', ""new_value"": '2020-12-04'}"
train,toolace-269::overgeneration,overgeneration,unsupported_recommendation,overgeneration,76,0.0,0,"{""style"": ""unsupported_recommendation"", ""reason"": ""claim_absent_from_tool_response""}"
train,toolace-269::missing_tool,missing_tool,flight,missing_tool,37,0.13338414634146342,0,"{""style"": ""flight"", ""reason"": ""required_tool_unavailable""}"
train,toolace-210::tool_contradiction,tool_contradiction,code_substitution,tool_contradiction,12,0.25249169435215946,0,"{""style"": ""code_substitution"", ""source_value"": 'CHECKING-123', ""new_value"": 'CHECKING-12X'}"
train,toolace-210::overgeneration,overgeneration,unsupported_comparison,overgeneration,80,0.7905759162303665,1,"{""style"": ""unsupported_comparison"", ""reason"": ""claim_absent_from_tool_response""}"
train,toolace-210::missing_tool,missing_tool,cancel,missing_tool,42,0.0,0,"{""style"": ""cancel"", ""reason"": ""required_tool_unavailable""}"
train,toolace-789::tool_contradiction,tool_contradiction,cross_field_value_swap,tool_contradiction,15,0.7808219178082192,1,"{""style"": ""cross_field_value_swap"", ""source_value"": 'program', ""new_value"": 'program_details'}"
train,toolace-789::overgeneration,overgeneration,unsupported_forecast,overgeneration,69,0.4888888888888889,1,"{""style"": ""unsupported_forecast"", ""reason"": ""claim_absent_from_tool_response""}"
train,toolace-789::missing_tool,missing_tool,email,missing_tool,53,0.5546218487394958,1,"{""style"": ""email"", ""reason"": ""required_tool_unavailable""}"
train,toolace-259::tool_contradiction,tool_contradiction,entity_substitution,tool_contradiction,5,0.3204225352112676,0,"{""style"": ""entity_substitution"", ""source_value"": 'Seven-a-side Rugby', ""new_value"": 'Paris'}"
train,toolace-259::overgeneration,overgeneration,unsupported_comparison,overgeneration,80,0.0,0,"{""style"": ""unsupported_comparison"", ""reason"": ""claim_absent_from_tool_response""}"
train,toolace-259::missing_tool,missing_tool,email,missing_tool,53,0.17094017094017094,0,"{""style"": ""email"", ""reason"": ""required_tool_unavailable""}"
train,toolace-510::tool_contradiction,tool_contradiction,fallback_status,tool_contradiction,84,0.0,0,"{""style"": ""fallback_status"", ""fallback"": true}"
train,toolace-510::overgeneration,overgeneration,unsupported_comparison,overgeneration,80,0.16624040920716113,0,"{""style"": ""unsupported_comparison"", ""reason"": ""claim_absent_from_tool_response""}"
train,toolace-510::missing_tool,missing_tool,cancel,missing_tool,42,0.8810198300283286,1,"{""style"": ""cancel"", ""reason"": ""required_tool_unavailable""}"
train,toolace-512::tool_contradiction,tool_contradiction,entity_substitution,tool_contradiction,9,0.6030769230769231,0,"{""style"": ""entity_substitution"", ""source_value"": 'Vegetable', ""new_value"": 'Amsterdam'}"
train,toolace-512::overgeneration,overgeneration,unsupported_risk,overgeneration,68,0.7893401015228426,0,"{""style"": ""unsupported_risk"", ""reason"": ""claim_absent_from_tool_response""}"
train,toolace-512::missing_tool,missing_tool,cancel,missing_tool,42,0.8858695652173914,1,"{""style"": ""cancel"", ""reason"": ""required_tool_unavailable""}"
train,toolace-331::tool_contradiction,tool_contradiction,fallback_opposite,tool_contradiction,67,0.8085714285714286,1,"{""style"": ""fallback_opposite"", ""fallback"": true}"
train,toolace-331::overgeneration,overgeneration,unsupported_guarantee,overgeneration,76,0.0,0,"{""style"": ""unsupported_guarantee"", ""reason"": ""claim_absent_from_tool_response""}"
train,toolace-331::missing_tool,missing_tool,cancel,missing_tool,42,0.8707692307692307,1,"{""style"": ""cancel"", ""reason"": ""required_tool_unavailable""}"
train,toolace-197::tool_contradiction,tool_contradiction,cross_field_value_swap,tool_contradiction,27,0.4301412872841444,0,"{""style"": ""cross_field_value_swap"", ""source_value"": 'Do I need to re-register before every election?', ""new_value"": 'How can I register to vote?'}"
train,toolace-197::overgeneration,overgeneration,unsupported_guarantee,overgeneration,76,0.896457765667575,1,"{""style"": ""unsupported_guarantee"", ""reason"": ""claim_absent_from_tool_response""}"
train,toolace-197::missing_tool,missing_tool,flight,missing_tool,37,0.9467625899280575,1,"{""style"": ""flight"", ""reason"": ""required_tool_unavailable""}"
train,toolace-346::tool_contradiction,tool_contradiction,date_substitution,tool_contradiction,10,0.14250309789343246,0,"{""style"": ""date_substitution"", ""source_value"": '2026-04-01', ""new_value"": '2026-04-04'}"
train,toolace-346::overgeneration,overgeneration,unsupported_comparison,overgeneration,80,0.9099099099099099,1,"{""style"": ""unsupported_comparison"", ""reason"": ""claim_absent_from_tool_response""}"
train,toolace-346::missing_tool,missing_tool,cancel,missing_tool,42,0.0,0,"{""style"": ""cancel"", ""reason"": ""required_tool_unavailable""}"
train,toolace-504::tool_contradiction,tool_contradiction,number_substitution,tool_contradiction,4,0.5436507936507936,0,"{""style"": ""number_substitution"", ""source_value"": '2020', ""new_value"": '2323'}"
train,toolace-504::overgeneration,overgeneration,unsupported_cause,overgeneration,71,0.7808641975308642,1,"{""style"": ""unsupported_cause"", ""reason"": ""claim_absent_from_tool_response""}"
train,toolace-504::missing_tool,missing_tool,cancel,missing_tool,42,0.8576271186440678,1,"{""style"": ""cancel"", ""reason"": ""required_tool_unavailable""}"
train,toolace-580::tool_contradiction,tool_contradiction,fallback_opposite,tool_contradiction,67,0.7852564102564102,1,"{""style"": ""fallback_opposite"", ""fallback"": true}"
train,toolace-580::overgeneration,overgeneration,unsupported_cause,overgeneration,71,0.28164556962025317,0,"{""style"": ""unsupported_cause"", ""reason"": ""claim_absent_from_tool_response""}"
train,toolace-580::missing_tool,missing_tool,email,missing_tool,53,0.0,0,"{""style"": ""email"", ""reason"": ""required_tool_unavailable""}"
train,toolace-358::tool_contradiction,tool_contradiction,entity_substitution,tool_contradiction,7,0.21544117647058825,0,"{""style"": ""entity_substitution"", ""source_value"": 'US', ""new_value"": 'TORONTO'}"
train,toolace-358::overgeneration,overgeneration,unsupported_comparison,overgeneration,80,0.9442896935933147,1,"{""style"": ""unsupported_comparison"", ""reason"": ""claim_absent_from_tool_response""}"
train,toolace-358::missing_tool,missing_tool,email,missing_tool,53,0.9623846699787083,1,"{""style"": ""email"", ""reason"": ""required_tool_unavailable""}"
train,toolace-385::tool_contradiction,tool_contradiction,number_substitution,tool_contradiction,3,0.10420475319926874,0,"{""style"": ""number_substitution"", ""source_value"": '200', ""new_value"": '230'}"
train,toolace-385::overgeneration,overgeneration,unsupported_trend,overgeneration,60,0.1069078947368421,0,"{""style"": ""unsupported_trend"", ""reason"": ""claim_absent_from_tool_response""}"
train,toolace-385::missing_tool,missing_tool,calendar,missing_tool,49,0.9179229480737019,1,"{""style"": ""calendar"", ""reason"": ""required_tool_unavailable""}"
train,toolace-507::tool_contradiction,tool_contradiction,cross_field_value_swap,tool_contradiction,20,0.8675213675213675,0,"{""style"": ""cross_field_value_swap"", ""source_value"": 'hypertension', ""new_value"": 'recommendedTreatment'}"
train,toolace-507::overgeneration,overgeneration,unsupported_cause,overgeneration,71,0.761744966442953,1,"{""style"": ""unsupported_cause"", ""reason"": ""claim_absent_from_tool_response""}"
train,toolace-507::missing_tool,missing_tool,email,missing_tool,53,0.8107142857142857,1,"{""style"": ""email"", ""reason"": ""required_tool_unavailable""}"
train,toolace-101::tool_contradiction,tool_contradiction,number_substitution,tool_contradiction,6,0.2838915470494418,0,"{""style"": ""number_substitution"", ""source_value"": '95.5', ""new_value"": '109.83'}"
train,toolace-101::overgeneration,overgeneration,unsupported_history,overgeneration,85,0.17440225035161744,0,"{""style"": ""unsupported_history"", ""reason"": ""claim_absent_from_tool_response""}"
train,toolace-101::missing_tool,missing_tool,hotel,missing_tool,52,0.18289085545722714,0,"{""style"": ""hotel"", ""reason"": ""required_tool_unavailable""}"
train,toolace-131::tool_contradiction,tool_contradiction,number_substitution,tool_contradiction,2,0.5647058823529412,0,"{""style"": ""number_substitution"", ""source_value"": '12', ""new_value"": '14'}"
train,toolace-131::overgeneration,overgeneration,unsupported_guarantee,overgeneration,76,0.30935251798561153,0,"{""style"": ""unsupported_guarantee"", ""reason"": ""claim_absent_from_tool_response""}"
train,toolace-131::missing_tool,missing_tool,hotel,missing_tool,52,0.8676844783715013,1,"{""style"": ""hotel"", ""reason"": ""required_tool_unavailable""}"
train,toolace-445::tool_contradiction,tool_contradiction,date_substitution,tool_contradiction,10,0.3355855855855856,0,"{""style"": ""date_substitution"", ""source_value"": '2021-07-25', ""new_value"": '2021-07-28'}"
train,toolace-445::overgeneration,overgeneration,unsupported_risk,overgeneration,68,0.8674463937621832,1,"{""style"": ""unsupported_risk"", ""reason"": ""claim_absent_from_tool_response""}"
train,toolace-445::missing_tool,missing_tool,hotel,missing_tool,52,0.0,0,"{""style"": ""hotel"", ""reason"": ""required_tool_unavailable""}"
train,toolace-8::tool_contradiction,tool_contradiction,cross_field_value_swap,tool_contradiction,13,0.00881057268722467,0,"{""style"": ""cross_field_value_swap"", ""source_value"": 'sentiment', ""new_value"": 'Text Analysis'}"
train,toolace-8::overgeneration,overgeneration,unsupported_recommendation,overgeneration,76,0.1859582542694497,0,"{""style"": ""unsupported_recommendation"", ""reason"": ""claim_absent_from_tool_response""}"
train,toolace-8::missing_tool,missing_tool,cancel,missing_tool,42,0.9148073022312373,1,"{""style"": ""cancel"", ""reason"": ""required_tool_unavailable""}"
train,toolace-619::tool_contradiction,tool_contradiction,entity_substitution,tool_contradiction,5,0.1368421052631579,0,"{""style"": ""entity_substitution"", ""source_value"": 'Chlorella', ""new_value"": 'Paris'}"
train,toolace-619::overgeneration,overgeneration,unsupported_user_reaction,overgeneration,73,0.0,1,"{""style"": ""unsupported_user_reaction"", ""reason"": ""claim_absent_from_tool_response""}"
train,toolace-619::missing_tool,missing_tool,calendar,missing_tool,49,0.6711409395973155,1,"{""style"": ""calendar"", ""reason"": ""required_tool_unavailable""}"
train,toolace-236::tool_contradiction,tool_contradiction,number_substitution,tool_contradiction,3,0.7225433526011561,0,"{""style"": ""number_substitution"", ""source_value"": '240', ""new_value"": '204'}"
train,toolace-236::overgeneration,overgeneration,unsupported_forecast,overgeneration,69,0.8828522920203735,1,"{""style"": ""unsupported_forecast"", ""reason"": ""claim_absent_from_tool_response""}"
train,toolace-236::missing_tool,missing_tool,cancel,missing_tool,42,0.9252669039145908,1,"{""style"": ""cancel"", ""reason"": ""required_tool_unavailable""}"
train,toolace-396::tool_contradiction,tool_contradiction,number_substitution,tool_contradiction,4,0.047619047619047616,0,"{""style"": ""number_substitution"", ""source_value"": '1969', ""new_value"": '1674'}"
train,toolace-396::overgeneration,overgeneration,unsupported_user_reaction,overgeneration,73,0.0,0,"{""style"": ""unsupported_user_reaction"", ""reason"": ""claim_absent_from_tool_response""}"
train,toolace-396::missing_tool,missing_tool,email,missing_tool,53,0.5470085470085471,1,"{""style"": ""email"", ""reason"": ""required_tool_unavailable""}"
train,toolace-407::tool_contradiction,tool_contradiction,fallback_value,tool_contradiction,80,0.0,0,"{""style"": ""fallback_value"", ""fallback"": true}"
train,toolace-407::overgeneration,overgeneration,unsupported_trend,overgeneration,60,0.0,0,"{""style"": ""unsupported_trend"", ""reason"": ""claim_absent_from_tool_response""}"
train,toolace-407::missing_tool,missing_tool,cancel,missing_tool,42,0.0,0,"{""style"": ""cancel"", ""reason"": ""required_tool_unavailable""}"
train,toolace-721::tool_contradiction,tool_contradiction,cross_field_value_swap,tool_contradiction,9,0.9302325581395349,0,"{""style"": ""cross_field_value_swap"", ""source_value"": 'theme', ""new_value"": 'published'}"
train,toolace-721::overgeneration,overgeneration,unsupported_forecast,overgeneration,69,0.0,0,"{""style"": ""unsupported_forecast"", ""reason"": ""claim_absent_from_tool_response""}"
train,toolace-721::missing_tool,missing_tool,email,missing_tool,53,0.9063604240282686,1,"{""style"": ""email"", ""reason"": ""required_tool_unavailable""}"
train,toolace-280::tool_contradiction,tool_contradiction,cross_field_value_swap,tool_contradiction,23,0.1845841784989858,0,"{""style"": ""cross_field_value_swap"", ""source_value"": 'creativeinnovations.com', ""new_value"": 'creativeinnovations.org'}"
train,toolace-280::overgeneration,overgeneration,unsupported_recommendation,overgeneration,76,0.15964912280701754,0,"{""style"": ""unsupported_recommendation"", ""reason"": ""claim_absent_from_tool_response""}"
train,toolace-280::missing_tool,missing_tool,flight,missing_tool,37,0.1713747645951036,0,"{""style"": ""flight"", ""reason"": ""required_tool_unavailable""}"
train,toolace-766::tool_contradiction,tool_contradiction,number_substitution,tool_contradiction,4,0.0707070707070707,0,"{""style"": ""number_substitution"", ""source_value"": '2025', ""new_value"": '2329'}"
train,toolace-766::overgeneration,overgeneration,unsupported_trend,overgeneration,60,0.0,0,"{""style"": ""unsupported_trend"", ""reason"": ""claim_absent_from_tool_response""}"
train,toolace-766::missing_tool,missing_tool,hotel,missing_tool,52,0.7928286852589641,1,"{""style"": ""hotel"", ""reason"": ""required_tool_unavailable""}"
train,toolace-208::tool_contradiction,tool_contradiction,number_substitution,tool_contradiction,4,0.2268188302425107,0,"{""style"": ""number_substitution"", ""source_value"": '2005', ""new_value"": '1704'}"
train,toolace-208::overgeneration,overgeneration,unsupported_comparison,overgeneration,80,0.10613810741687979,0,"{""style"": ""unsupported_comparison"", ""reason"": ""claim_absent_from_tool_response""}"
train,toolace-208::missing_tool,missing_tool,calendar,missing_tool,49,0.9347536617842876,1,"{""style"": ""calendar"", ""reason"": ""required_tool_unavailable""}"
train,toolace-552::tool_contradiction,tool_contradiction,cross_field_value_swap,tool_contradiction,10,0.256198347107438,0,"{""style"": ""cross_field_value_swap"", ""source_value"": 'successfully', ""new_value"": 'configured'}"
train,toolace-552::overgeneration,overgeneration,unsupported_external_confirmation,overgeneration,71,0.6358974358974359,1,"{""style"": ""unsupported_external_confirmation"", ""reason"": ""claim_absent_from_tool_response""}"
train,toolace-552::missing_tool,missing_tool,flight,missing_tool,37,0.0,0,"{""style"": ""flight"", ""reason"": ""required_tool_unavailable""}"
train,toolace-429::tool_contradiction,tool_contradiction,number_substitution,tool_contradiction,8,0.7487386478304743,0,"{""style"": ""number_substitution"", ""source_value"": '26132.54', ""new_value"": '22212.66'}"
train,toolace-429::overgeneration,overgeneration,unsupported_risk,overgeneration,68,0.0,0,"{""style"": ""unsupported_risk"", ""reason"": ""claim_absent_from_tool_response""}"
train,toolace-429::missing_tool,missing_tool,email,missing_tool,53,0.9492822966507177,1,"{""style"": ""email"", ""reason"": ""required_tool_unavailable""}"
train,toolace-406::tool_contradiction,tool_contradiction,cross_field_value_swap,tool_contradiction,10,0.9061224489795918,0,"{""style"": ""cross_field_value_swap"", ""source_value"": 'artist', ""new_value"": '1982-11-30'}"
train,toolace-406::overgeneration,overgeneration,unsupported_guarantee,overgeneration,76,0.0,0,"{""style"": ""unsupported_guarantee"", ""reason"": ""claim_absent_from_tool_response""}"
train,toolace-406::missing_tool,missing_tool,calendar,missing_tool,49,0.0,0,"{""style"": ""calendar"", ""reason"": ""required_tool_unavailable""}"
train,toolace-779::tool_contradiction,tool_contradiction,fallback_status,tool_contradiction,84,0.4125874125874126,1,"{""style"": ""fallback_status"", ""fallback"": true}"
train,toolace-779::overgeneration,overgeneration,unsupported_recommendation,overgeneration,76,0.0,1,"{""style"": ""unsupported_recommendation"", ""reason"": ""claim_absent_from_tool_response""}"
train,toolace-779::missing_tool,missing_tool,flight,missing_tool,37,0.0,0,"{""style"": ""flight"", ""reason"": ""required_tool_unavailable""}"
train,toolace-218::tool_contradiction,tool_contradiction,number_substitution,tool_contradiction,5,0.08401826484018265,0,"{""style"": ""number_substitution"", ""source_value"": '0.236', ""new_value"": '-0.76'}"
train,toolace-218::overgeneration,overgeneration,unsupported_external_confirmation,overgeneration,71,0.9391602399314481,1,"{""style"": ""unsupported_external_confirmation"", ""reason"": ""claim_absent_from_tool_response""}"
train,toolace-218::missing_tool,missing_tool,email,missing_tool,53,0.9538729329852045,1,"{""style"": ""email"", ""reason"": ""required_tool_unavailable""}"
train,toolace-677::tool_contradiction,tool_contradiction,cross_field_value_swap,tool_contradiction,14,0.1595744680851064,0,"{""style"": ""cross_field_value_swap"", ""source_value"": 'create', ""new_value"": 'schedule_12345'}"
train,toolace-677::overgeneration,overgeneration,unsupported_history,overgeneration,85,0.18061674008810572,0,"{""style"": ""unsupported_history"", ""reason"": ""claim_absent_from_tool_response""}"
train,toolace-677::missing_tool,missing_tool,email,missing_tool,53,0.0,0,"{""style"": ""email"", ""reason"": ""required_tool_unavailable""}"
train,toolace-339::tool_contradiction,tool_contradiction,fallback_value,tool_contradiction,80,0.9200799200799201,1,"{""style"": ""fallback_value"", ""fallback"": true}"
train,toolace-339::overgeneration,overgeneration,unsupported_forecast,overgeneration,69,0.049494949494949494,0,"{""style"": ""unsupported_forecast"", ""reason"": ""claim_absent_from_tool_response""}"
train,toolace-339::missing_tool,missing_tool,cancel,missing_tool,42,0.956386292834891,1,"{""style"": ""cancel"", ""reason"": ""required_tool_unavailable""}"
train,toolace-359::tool_contradiction,tool_contradiction,number_substitution,tool_contradiction,6,0.6352941176470588,0,"{""style"": ""number_substitution"", ""source_value"": '139.6917', ""new_value"": '160.65'}"
train,toolace-359::overgeneration,overgeneration,unsupported_history,overgeneration,85,0.09161793372319688,0,"{""style"": ""unsupported_history"", ""reason"": ""claim_absent_from_tool_response""}"
train,toolace-359::missing_tool,missing_tool,email,missing_tool,53,0.0,0,"{""style"": ""email"", ""reason"": ""required_tool_unavailable""}"
train,toolace-367::tool_contradiction,tool_contradiction,fallback_value,tool_contradiction,80,0.8553345388788427,1,"{""style"": ""fallback_value"", ""fallback"": true}"
train,toolace-367::overgeneration,overgeneration,unsupported_comparison,overgeneration,80,0.0,0,"{""style"": ""unsupported_comparison"", ""reason"": ""claim_absent_from_tool_response""}"
train,toolace-367::missing_tool,missing_tool,hotel,missing_tool,52,0.5485714285714286,0,"{""style"": ""hotel"", ""reason"": ""required_tool_unavailable""}"
train,toolace-400::tool_contradiction,tool_contradiction,fallback_opposite,tool_contradiction,67,0.0,0,"{""style"": ""fallback_opposite"", ""fallback"": true}"
train,toolace-400::overgeneration,overgeneration,unsupported_trend,overgeneration,60,0.0,0,"{""style"": ""unsupported_trend"", ""reason"": ""claim_absent_from_tool_response""}"
train,toolace-400::missing_tool,missing_tool,cancel,missing_tool,42,0.0,0,"{""style"": ""cancel"", ""reason"": ""required_tool_unavailable""}"
train,toolace-96::tool_contradiction,tool_contradiction,fallback_value,tool_contradiction,80,0.9489795918367347,1,"{""style"": ""fallback_value"", ""fallback"": true}"
train,toolace-96::overgeneration,overgeneration,unsupported_external_confirmation,overgeneration,71,0.0,0,"{""style"": ""unsupported_external_confirmation"", ""reason"": ""claim_absent_from_tool_response""}"
train,toolace-96::missing_tool,missing_tool,flight,missing_tool,37,0.9757377049180328,1,"{""style"": ""flight"", ""reason"": ""required_tool_unavailable""}"
train,toolace-540::tool_contradiction,tool_contradiction,fallback_opposite,tool_contradiction,67,0.0,1,"{""style"": ""fallback_opposite"", ""fallback"": true}"
train,toolace-540::overgeneration,overgeneration,unsupported_forecast,overgeneration,69,0.0,1,"{""style"": ""unsupported_forecast"", ""reason"": ""claim_absent_from_tool_response""}"
train,toolace-540::missing_tool,missing_tool,flight,missing_tool,37,0.7628205128205128,1,"{""style"": ""flight"", ""reason"": ""required_tool_unavailable""}"
train,toolace-384::tool_contradiction,tool_contradiction,entity_substitution,tool_contradiction,7,0.15682656826568267,0,"{""style"": ""entity_substitution"", ""source_value"": 'Manchester United', ""new_value"": 'Beijing'}"
train,toolace-384::overgeneration,overgeneration,unsupported_recommendation,overgeneration,76,0.0,0,"{""style"": ""unsupported_recommendation"", ""reason"": ""claim_absent_from_tool_response""}"
train,toolace-384::missing_tool,missing_tool,flight,missing_tool,37,0.9372881355932203,1,"{""style"": ""flight"", ""reason"": ""required_tool_unavailable""}"
train,toolace-116::tool_contradiction,tool_contradiction,entity_substitution,tool_contradiction,8,0.10975609756097561,0,"{""style"": ""entity_substitution"", ""source_value"": 'Los Angeles', ""new_value"": 'New York'}"
train,toolace-116::overgeneration,overgeneration,unsupported_history,overgeneration,85,0.6640316205533597,1,"{""style"": ""unsupported_history"", ""reason"": ""claim_absent_from_tool_response""}"
train,toolace-116::missing_tool,missing_tool,calendar,missing_tool,49,0.7741935483870968,1,"{""style"": ""calendar"", ""reason"": ""required_tool_unavailable""}"
train,toolace-537::tool_contradiction,tool_contradiction,fallback_status,tool_contradiction,84,0.5144508670520231,1,"{""style"": ""fallback_status"", ""fallback"": true}"
train,toolace-537::overgeneration,overgeneration,unsupported_recommendation,overgeneration,76,0.0,0,"{""style"": ""unsupported_recommendation"", ""reason"": ""claim_absent_from_tool_response""}"
train,toolace-537::missing_tool,missing_tool,cancel,missing_tool,42,0.6793893129770993,1,"{""style"": ""cancel"", ""reason"": ""required_tool_unavailable""}"
train,toolace-557::tool_contradiction,tool_contradiction,fallback_opposite,tool_contradiction,67,0.7713310580204779,1,"{""style"": ""fallback_opposite"", ""fallback"": true}"
train,toolace-557::overgeneration,overgeneration,unsupported_user_reaction,overgeneration,73,0.411371237458194,0,"{""style"": ""unsupported_user_reaction"", ""reason"": ""claim_absent_from_tool_response""}"
train,toolace-557::missing_tool,missing_tool,email,missing_tool,53,0.8100358422939068,1,"{""style"": ""email"", ""reason"": ""required_tool_unavailable""}"
train,toolace-211::tool_contradiction,tool_contradiction,cross_field_value_swap,tool_contradiction,21,0.05853658536585366,0,"{""style"": ""cross_field_value_swap"", ""source_value"": 'phishingsite1.com', ""new_value"": 'fraudulentdomain3.org'}"
train,toolace-211::overgeneration,overgeneration,unsupported_external_confirmation,overgeneration,71,0.0,0,"{""style"": ""unsupported_external_confirmation"", ""reason"": ""claim_absent_from_tool_response""}"
train,toolace-211::missing_tool,missing_tool,cancel,missing_tool,42,0.9064587973273942,1,"{""style"": ""cancel"", ""reason"": ""required_tool_unavailable""}"
train,toolace-360::tool_contradiction,tool_contradiction,cross_field_value_swap,tool_contradiction,9,0.16176470588235295,0,"{""style"": ""cross_field_value_swap"", ""source_value"": 'rate', ""new_value"": 'All Rates'}"
train,toolace-360::overgeneration,overgeneration,unsupported_trend,overgeneration,60,0.0,0,"{""style"": ""unsupported_trend"", ""reason"": ""claim_absent_from_tool_response""}"
train,toolace-360::missing_tool,missing_tool,cancel,missing_tool,42,0.6037735849056604,1,"{""style"": ""cancel"", ""reason"": ""required_tool_unavailable""}"
train,toolace-51::tool_contradiction,tool_contradiction,entity_substitution,tool_contradiction,6,0.3467289719626168,0,"{""style"": ""entity_substitution"", ""source_value"": 'Assists', ""new_value"": 'Sydney'}"
train,toolace-51::overgeneration,overgeneration,unsupported_history,overgeneration,85,0.07519446845289542,0,"{""style"": ""unsupported_history"", ""reason"": ""claim_absent_from_tool_response""}"
train,toolace-51::missing_tool,missing_tool,cancel,missing_tool,42,0.9622980251346499,1,"{""style"": ""cancel"", ""reason"": ""required_tool_unavailable""}"
train,toolace-153::tool_contradiction,tool_contradiction,fallback_status,tool_contradiction,84,0.19152542372881357,0,"{""style"": ""fallback_status"", ""fallback"": true}"
train,toolace-153::overgeneration,overgeneration,unsupported_user_reaction,overgeneration,73,0.8739205526770294,1,"{""style"": ""unsupported_user_reaction"", ""reason"": ""claim_absent_from_tool_response""}"
train,toolace-153::missing_tool,missing_tool,email,missing_tool,53,0.9051878354203936,1,"{""style"": ""email"", ""reason"": ""required_tool_unavailable""}"
train,toolace-284::tool_contradiction,tool_contradiction,number_substitution,tool_contradiction,4,0.07030430220356768,0,"{""style"": ""number_substitution"", ""source_value"": '2024', ""new_value"": '1720'}"
train,toolace-284::overgeneration,overgeneration,unsupported_comparison,overgeneration,80,0.0,1,"{""style"": ""unsupported_comparison"", ""reason"": ""claim_absent_from_tool_response""}"
train,toolace-284::missing_tool,missing_tool,calendar,missing_tool,49,0.0,1,"{""style"": ""calendar"", ""reason"": ""required_tool_unavailable""}"
train,toolace-206::tool_contradiction,tool_contradiction,entity_substitution,tool_contradiction,6,0.23492723492723494,0,"{""style"": ""entity_substitution"", ""source_value"": 'Information', ""new_value"": 'Sydney'}"
train,toolace-206::overgeneration,overgeneration,unsupported_external_confirmation,overgeneration,71,0.0,0,"{""style"": ""unsupported_external_confirmation"", ""reason"": ""claim_absent_from_tool_response""}"
train,toolace-206::missing_tool,missing_tool,email,missing_tool,53,0.0,0,"{""style"": ""email"", ""reason"": ""required_tool_unavailable""}"
train,toolace-601::tool_contradiction,tool_contradiction,fallback_status,tool_contradiction,84,0.6129032258064516,1,"{""style"": ""fallback_status"", ""fallback"": true}"
train,toolace-601::overgeneration,overgeneration,unsupported_risk,overgeneration,68,0.6616915422885572,1,"{""style"": ""unsupported_risk"", ""reason"": ""claim_absent_from_tool_response""}"
train,toolace-601::missing_tool,missing_tool,email,missing_tool,53,0.7150537634408602,1,"{""style"": ""email"", ""reason"": ""required_tool_unavailable""}"
train,toolace-409::tool_contradiction,tool_contradiction,cross_field_value_swap,tool_contradiction,12,0.7623318385650224,0,"{""style"": ""cross_field_value_swap"", ""source_value"": 'challenging', ""new_value"": 'Get Fal Poem'}"
train,toolace-409::overgeneration,overgeneration,unsupported_history,overgeneration,85,0.724025974025974,1,"{""style"": ""unsupported_history"", ""reason"": ""claim_absent_from_tool_response""}"
train,toolace-409::missing_tool,missing_tool,calendar,missing_tool,49,0.8198529411764706,1,"{""style"": ""calendar"", ""reason"": ""required_tool_unavailable""}"
train,toolace-129::tool_contradiction,tool_contradiction,entity_substitution,tool_contradiction,5,0.7949526813880127,0,"{""style"": ""entity_substitution"", ""source_value"": 'US', ""new_value"": 'TOKYO'}"
train,toolace-129::overgeneration,overgeneration,unsupported_history,overgeneration,85,0.7875,1,"{""style"": ""unsupported_history"", ""reason"": ""claim_absent_from_tool_response""}"
train,toolace-129::missing_tool,missing_tool,cancel,missing_tool,42,0.0,0,"{""style"": ""cancel"", ""reason"": ""required_tool_unavailable""}"
train,toolace-372::tool_contradiction,tool_contradiction,entity_substitution,tool_contradiction,8,0.3735632183908046,0,"{""style"": ""entity_substitution"", ""source_value"": 'Maria Grazia Chiuri', ""new_value"": 'New York'}"
train,toolace-372::overgeneration,overgeneration,unsupported_trend,overgeneration,60,0.06904761904761905,0,"{""style"": ""unsupported_trend"", ""reason"": ""claim_absent_from_tool_response""}"
train,toolace-372::missing_tool,missing_tool,calendar,missing_tool,49,0.07090464547677261,0,"{""style"": ""calendar"", ""reason"": ""required_tool_unavailable""}"
train,toolace-13::tool_contradiction,tool_contradiction,fallback_status,tool_contradiction,84,0.6425531914893617,1,"{""style"": ""fallback_status"", ""fallback"": true}"
train,toolace-13::overgeneration,overgeneration,unsupported_comparison,overgeneration,80,0.0,0,"{""style"": ""unsupported_comparison"", ""reason"": ""claim_absent_from_tool_response""}"
train,toolace-13::missing_tool,missing_tool,email,missing_tool,53,0.7401960784313726,1,"{""style"": ""email"", ""reason"": ""required_tool_unavailable""}"
train,toolace-579::tool_contradiction,tool_contradiction,fallback_status,tool_contradiction,84,0.0,0,"{""style"": ""fallback_status"", ""fallback"": true}"
train,toolace-579::overgeneration,overgeneration,unsupported_risk,overgeneration,68,0.0,0,"{""style"": ""unsupported_risk"", ""reason"": ""claim_absent_from_tool_response""}"
train,toolace-579::missing_tool,missing_tool,cancel,missing_tool,42,0.7062937062937062,1,"{""style"": ""cancel"", ""reason"": ""required_tool_unavailable""}"
train,toolace-492::tool_contradiction,tool_contradiction,cross_field_value_swap,tool_contradiction,13,0.5130890052356021,0,"{""style"": ""cross_field_value_swap"", ""source_value"": 'johndoe@example.com', ""new_value"": 'getUserByName'}"
train,toolace-492::overgeneration,overgeneration,unsupported_guarantee,overgeneration,76,0.7226277372262774,1,"{""style"": ""unsupported_guarantee"", ""reason"": ""claim_absent_from_tool_response""}"
train,toolace-492::missing_tool,missing_tool,cancel,missing_tool,42,0.825,1,"{""style"": ""cancel"", ""reason"": ""required_tool_unavailable""}"
train,toolace-135::tool_contradiction,tool_contradiction,number_substitution,tool_contradiction,6,0.7719298245614035,0,"{""style"": ""number_substitution"", ""source_value"": '232.56', ""new_value"": '267.44'}"
train,toolace-135::overgeneration,overgeneration,unsupported_user_reaction,overgeneration,73,0.7582781456953642,1,"{""style"": ""unsupported_user_reaction"", ""reason"": ""claim_absent_from_tool_response""}"
train,toolace-135::missing_tool,missing_tool,flight,missing_tool,37,0.8609022556390977,1,"{""style"": ""flight"", ""reason"": ""required_tool_unavailable""}"
train,toolace-332::tool_contradiction,tool_contradiction,number_substitution,tool_contradiction,2,0.35365853658536583,0,"{""style"": ""number_substitution"", ""source_value"": '77', ""new_value"": '89'}"
train,toolace-332::overgeneration,overgeneration,unsupported_recommendation,overgeneration,76,0.010752688172043012,0,"{""style"": ""unsupported_recommendation"", ""reason"": ""claim_absent_from_tool_response""}"
train,toolace-332::missing_tool,missing_tool,cancel,missing_tool,42,0.0,0,"{""style"": ""cancel"", ""reason"": ""required_tool_unavailable""}"
train,toolace-542::tool_contradiction,tool_contradiction,fallback_status,tool_contradiction,84,0.5647668393782384,1,"{""style"": ""fallback_status"", ""fallback"": true}"
train,toolace-542::overgeneration,overgeneration,unsupported_user_reaction,overgeneration,73,0.5989010989010989,1,"{""style"": ""unsupported_user_reaction"", ""reason"": ""claim_absent_from_tool_response""}"
train,toolace-542::missing_tool,missing_tool,flight,missing_tool,37,0.7465753424657534,1,"{""style"": ""flight"", ""reason"": ""required_tool_unavailable""}"
train,toolace-551::tool_contradiction,tool_contradiction,entity_substitution,tool_contradiction,4,0.02127659574468085,0,"{""style"": ""entity_substitution"", ""source_value"": 'Quiet', ""new_value"": 'Rome'}"
train,toolace-551::overgeneration,overgeneration,unsupported_recommendation,overgeneration,76,0.7142857142857143,1,"{""style"": ""unsupported_recommendation"", ""reason"": ""claim_absent_from_tool_response""}"
train,toolace-551::missing_tool,missing_tool,cancel,missing_tool,42,0.8189655172413793,1,"{""style"": ""cancel"", ""reason"": ""required_tool_unavailable""}"
train,toolace-689::tool_contradiction,tool_contradiction,fallback_value,tool_contradiction,80,0.8086124401913876,1,"{""style"": ""fallback_value"", ""fallback"": true}"
train,toolace-689::overgeneration,overgeneration,unsupported_cause,overgeneration,71,0.8264058679706602,1,"{""style"": ""unsupported_cause"", ""reason"": ""claim_absent_from_tool_response""}"
train,toolace-689::missing_tool,missing_tool,email,missing_tool,53,0.8644501278772379,1,"{""style"": ""email"", ""reason"": ""required_tool_unavailable""}"
train,toolace-567::tool_contradiction,tool_contradiction,cross_field_value_swap,tool_contradiction,11,0.0,0,"{""style"": ""cross_field_value_swap"", ""source_value"": 'robot', ""new_value"": 'sequence_id'}"
train,toolace-567::overgeneration,overgeneration,unsupported_comparison,overgeneration,80,0.7297297297297297,1,"{""style"": ""unsupported_comparison"", ""reason"": ""claim_absent_from_tool_response""}"
train,toolace-567::missing_tool,missing_tool,email,missing_tool,53,0.0,0,"{""style"": ""email"", ""reason"": ""required_tool_unavailable""}"
train,toolace-493::tool_contradiction,tool_contradiction,entity_substitution,tool_contradiction,9,0.14329268292682926,0,"{""style"": ""entity_substitution"", ""source_value"": 'Get All Phone Brands', ""new_value"": 'Singapore'}"
train,toolace-493::overgeneration,overgeneration,unsupported_forecast,overgeneration,69,0.0,0,"{""style"": ""unsupported_forecast"", ""reason"": ""claim_absent_from_tool_response""}"
train,toolace-493::missing_tool,missing_tool,email,missing_tool,53,0.8651399491094147,1,"{""style"": ""email"", ""reason"": ""required_tool_unavailable""}"
train,toolace-770::tool_contradiction,tool_contradiction,number_substitution,tool_contradiction,2,0.2777777777777778,0,"{""style"": ""number_substitution"", ""source_value"": '30', ""new_value"": '26'}"
train,toolace-770::overgeneration,overgeneration,unsupported_guarantee,overgeneration,76,0.0,1,"{""style"": ""unsupported_guarantee"", ""reason"": ""claim_absent_from_tool_response""}"
train,toolace-770::missing_tool,missing_tool,calendar,missing_tool,49,0.8274647887323944,1,"{""style"": ""calendar"", ""reason"": ""required_tool_unavailable""}"
train,toolace-686::tool_contradiction,tool_contradiction,entity_substitution,tool_contradiction,7,0.19327731092436976,0,"{""style"": ""entity_substitution"", ""source_value"": 'Afternoon', ""new_value"": 'Chicago'}"
train,toolace-686::overgeneration,overgeneration,unsupported_recommendation,overgeneration,76,0.7602523659305994,1,"{""style"": ""unsupported_recommendation"", ""reason"": ""claim_absent_from_tool_response""}"
train,toolace-686::missing_tool,missing_tool,calendar,missing_tool,49,0.8310344827586207,1,"{""style"": ""calendar"", ""reason"": ""required_tool_unavailable""}"
train,toolace-318::tool_contradiction,tool_contradiction,cross_field_value_swap,tool_contradiction,20,0.2987012987012987,0,"{""style"": ""cross_field_value_swap"", ""source_value"": 'disposable', ""new_value"": 'Check Email Validity'}"
train,toolace-318::overgeneration,overgeneration,unsupported_trend,overgeneration,60,0.7872340425531915,1,"{""style"": ""unsupported_trend"", ""reason"": ""claim_absent_from_tool_response""}"
train,toolace-318::missing_tool,missing_tool,hotel,missing_tool,52,0.8102189781021898,1,"{""style"": ""hotel"", ""reason"": ""required_tool_unavailable""}"
train,toolace-368::tool_contradiction,tool_contradiction,entity_substitution,tool_contradiction,6,0.13554987212276215,0,"{""style"": ""entity_substitution"", ""source_value"": 'France', ""new_value"": 'Berlin'}"
train,toolace-368::overgeneration,overgeneration,unsupported_guarantee,overgeneration,76,0.8376068376068376,1,"{""style"": ""unsupported_guarantee"", ""reason"": ""claim_absent_from_tool_response""}"
train,toolace-368::missing_tool,missing_tool,flight,missing_tool,37,0.0,0,"{""style"": ""flight"", ""reason"": ""required_tool_unavailable""}"
train,toolace-97::tool_contradiction,tool_contradiction,entity_substitution,tool_contradiction,8,0.010964912280701754,0,"{""style"": ""entity_substitution"", ""source_value"": 'Your', ""new_value"": 'New York'}"
train,toolace-97::overgeneration,overgeneration,unsupported_trend,overgeneration,60,0.09551656920077972,0,"{""style"": ""unsupported_trend"", ""reason"": ""claim_absent_from_tool_response""}"
train,toolace-97::missing_tool,missing_tool,flight,missing_tool,37,0.9244897959183673,1,"{""style"": ""flight"", ""reason"": ""required_tool_unavailable""}"
train,toolace-558::tool_contradiction,tool_contradiction,entity_substitution,tool_contradiction,5,0.0379746835443038,0,"{""style"": ""entity_substitution"", ""source_value"": 'March for Rights', ""new_value"": 'Paris'}"
train,toolace-558::overgeneration,overgeneration,unsupported_guarantee,overgeneration,76,0.2153846153846154,0,"{""style"": ""unsupported_guarantee"", ""reason"": ""claim_absent_from_tool_response""}"
train,toolace-558::missing_tool,missing_tool,calendar,missing_tool,49,0.8355704697986577,1,"{""style"": ""calendar"", ""reason"": ""required_tool_unavailable""}"
train,toolace-242::tool_contradiction,tool_contradiction,cross_field_value_swap,tool_contradiction,21,0.16485507246376813,0,"{""style"": ""cross_field_value_swap"", ""source_value"": 'dancemaster92', ""new_value"": 'prostring_picture_url'}"
train,toolace-242::overgeneration,overgeneration,unsupported_user_reaction,overgeneration,73,0.8818770226537217,1,"{""style"": ""unsupported_user_reaction"", ""reason"": ""claim_absent_from_tool_response""}"
train,toolace-242::missing_tool,missing_tool,calendar,missing_tool,49,0.0,0,"{""style"": ""calendar"", ""reason"": ""required_tool_unavailable""}"
train,toolace-634::tool_contradiction,tool_contradiction,cross_field_value_swap,tool_contradiction,10,0.3795379537953795,0,"{""style"": ""cross_field_value_swap"", ""source_value"": 'nails', ""new_value"": 'rotational'}"
train,toolace-634::overgeneration,overgeneration,unsupported_history,overgeneration,85,0.0,0,"{""style"": ""unsupported_history"", ""reason"": ""claim_absent_from_tool_response""}"
train,toolace-634::missing_tool,missing_tool,calendar,missing_tool,49,0.8591954022988506,1,"{""style"": ""calendar"", ""reason"": ""required_tool_unavailable""}"
train,toolace-126::tool_contradiction,tool_contradiction,entity_substitution,tool_contradiction,6,0.11130284728213978,0,"{""style"": ""entity_substitution"", ""source_value"": 'Image', ""new_value"": 'Berlin'}"
train,toolace-126::overgeneration,overgeneration,unsupported_trend,overgeneration,60,0.11238720262510254,0,"{""style"": ""unsupported_trend"", ""reason"": ""claim_absent_from_tool_response""}"
train,toolace-126::missing_tool,missing_tool,email,missing_tool,53,0.9562706270627063,1,"{""style"": ""email"", ""reason"": ""required_tool_unavailable""}"
train,toolace-348::tool_contradiction,tool_contradiction,entity_substitution,tool_contradiction,7,0.49391727493917276,0,"{""style"": ""entity_substitution"", ""source_value"": 'Web', ""new_value"": 'Toronto'}"
train,toolace-348::overgeneration,overgeneration,unsupported_forecast,overgeneration,69,0.014675052410901468,0,"{""style"": ""unsupported_forecast"", ""reason"": ""claim_absent_from_tool_response""}"
train,toolace-348::missing_tool,missing_tool,flight,missing_tool,37,0.0,0,"{""style"": ""flight"", ""reason"": ""required_tool_unavailable""}"
train,toolace-438::tool_contradiction,tool_contradiction,cross_field_value_swap,tool_contradiction,13,0.47674418604651164,0,"{""style"": ""cross_field_value_swap"", ""source_value"": 'disposable', ""new_value"": 'Email Checker'}"
train,toolace-438::overgeneration,overgeneration,unsupported_cause,overgeneration,71,0.0,0,"{""style"": ""unsupported_cause"", ""reason"": ""claim_absent_from_tool_response""}"
train,toolace-438::missing_tool,missing_tool,cancel,missing_tool,42,0.45302013422818793,0,"{""style"": ""cancel"", ""reason"": ""required_tool_unavailable""}"
train,toolace-755::tool_contradiction,tool_contradiction,number_substitution,tool_contradiction,4,0.06866952789699571,0,"{""style"": ""number_substitution"", ""source_value"": '56.7', ""new_value"": '65.2'}"
train,toolace-755::overgeneration,overgeneration,unsupported_external_confirmation,overgeneration,71,0.7672131147540984,1,"{""style"": ""unsupported_external_confirmation"", ""reason"": ""claim_absent_from_tool_response""}"
train,toolace-755::missing_tool,missing_tool,email,missing_tool,53,0.41114982578397213,0,"{""style"": ""email"", ""reason"": ""required_tool_unavailable""}"
train,toolace-124::tool_contradiction,tool_contradiction,entity_substitution,tool_contradiction,7,0.03819444444444445,0,"{""style"": ""entity_substitution"", ""source_value"": 'Liquidity', ""new_value"": 'Beijing'}"
train,toolace-124::overgeneration,overgeneration,unsupported_risk,overgeneration,68,0.31754874651810583,0,"{""style"": ""unsupported_risk"", ""reason"": ""claim_absent_from_tool_response""}"
train,toolace-124::missing_tool,missing_tool,calendar,missing_tool,49,0.3352941176470588,0,"{""style"": ""calendar"", ""reason"": ""required_tool_unavailable""}"
train,toolace-546::tool_contradiction,tool_contradiction,cross_field_value_swap,tool_contradiction,35,0.3850574712643678,0,"{""style"": ""cross_field_value_swap"", ""source_value"": 'Paris - Charles de Gaulle Airport', ""new_value"": 'Main international airport in Paris'}"
train,toolace-546::overgeneration,overgeneration,unsupported_external_confirmation,overgeneration,71,0.10287081339712918,0,"{""style"": ""unsupported_external_confirmation"", ""reason"": ""claim_absent_from_tool_response""}"
train,toolace-546::missing_tool,missing_tool,payment,missing_tool,43,0.11025641025641025,0,"{""style"": ""payment"", ""reason"": ""required_tool_unavailable""}"
train,toolace-593::tool_contradiction,tool_contradiction,cross_field_value_swap,tool_contradiction,16,0.08670520231213873,0,"{""style"": ""cross_field_value_swap"", ""source_value"": 'negotiation', ""new_value"": 'outcome_analysis'}"
train,toolace-593::overgeneration,overgeneration,unsupported_history,overgeneration,85,0.8009367681498829,1,"{""style"": ""unsupported_history"", ""reason"": ""claim_absent_from_tool_response""}"
train,toolace-593::missing_tool,missing_tool,hotel,missing_tool,52,0.868020304568528,1,"{""style"": ""hotel"", ""reason"": ""required_tool_unavailable""}"
train,toolace-371::tool_contradiction,tool_contradiction,fallback_opposite,tool_contradiction,67,0.8128491620111732,1,"{""style"": ""fallback_opposite"", ""fallback"": true}"
train,toolace-371::overgeneration,overgeneration,unsupported_guarantee,overgeneration,76,0.7929155313351499,1,"{""style"": ""unsupported_guarantee"", ""reason"": ""claim_absent_from_tool_response""}"
train,toolace-371::missing_tool,missing_tool,calendar,missing_tool,49,0.8558823529411764,1,"{""style"": ""calendar"", ""reason"": ""required_tool_unavailable""}"
train,toolace-590::tool_contradiction,tool_contradiction,fallback_value,tool_contradiction,80,0.0,0,"{""style"": ""fallback_value"", ""fallback"": true}"
train,toolace-590::overgeneration,overgeneration,unsupported_guarantee,overgeneration,76,0.0,0,"{""style"": ""unsupported_guarantee"", ""reason"": ""claim_absent_from_tool_response""}"
train,toolace-590::missing_tool,missing_tool,calendar,missing_tool,49,0.0,0,"{""style"": ""calendar"", ""reason"": ""required_tool_unavailable""}"
train,toolace-240::tool_contradiction,tool_contradiction,number_substitution,tool_contradiction,3,0.07578008915304606,0,"{""style"": ""number_substitution"", ""source_value"": '200', ""new_value"": '230'}"
train,toolace-240::overgeneration,overgeneration,unsupported_comparison,overgeneration,80,0.8938992042440318,1,"{""style"": ""unsupported_comparison"", ""reason"": ""claim_absent_from_tool_response""}"
train,toolace-240::missing_tool,missing_tool,email,missing_tool,53,0.9270976616231087,1,"{""style"": ""email"", ""reason"": ""required_tool_unavailable""}"
train,toolace-549::tool_contradiction,tool_contradiction,fallback_opposite,tool_contradiction,67,0.5592105263157895,1,"{""style"": ""fallback_opposite"", ""fallback"": true}"
train,toolace-549::overgeneration,overgeneration,unsupported_external_confirmation,overgeneration,71,0.0,0,"{""style"": ""unsupported_external_confirmation"", ""reason"": ""claim_absent_from_tool_response""}"
train,toolace-549::missing_tool,missing_tool,hotel,missing_tool,52,0.6204379562043796,1,"{""style"": ""hotel"", ""reason"": ""required_tool_unavailable""}"
train,toolace-60::tool_contradiction,tool_contradiction,number_substitution,tool_contradiction,2,0.12198795180722892,0,"{""style"": ""number_substitution"", ""source_value"": '30', ""new_value"": '26'}"
train,toolace-60::overgeneration,overgeneration,unsupported_risk,overgeneration,68,0.0,0,"{""style"": ""unsupported_risk"", ""reason"": ""claim_absent_from_tool_response""}"
train,toolace-60::missing_tool,missing_tool,hotel,missing_tool,52,0.08647140864714087,0,"{""style"": ""hotel"", ""reason"": ""required_tool_unavailable""}"
train,toolace-361::tool_contradiction,tool_contradiction,number_substitution,tool_contradiction,2,0.25688073394495414,0,"{""style"": ""number_substitution"", ""source_value"": '20', ""new_value"": '23'}"
train,toolace-361::overgeneration,overgeneration,unsupported_guarantee,overgeneration,76,0.23586744639376217,0,"{""style"": ""unsupported_guarantee"", ""reason"": ""claim_absent_from_tool_response""}"
train,toolace-361::missing_tool,missing_tool,flight,missing_tool,37,0.2552742616033755,0,"{""style"": ""flight"", ""reason"": ""required_tool_unavailable""}"
train,toolace-519::tool_contradiction,tool_contradiction,cross_field_value_swap,tool_contradiction,15,0.32997481108312343,0,"{""style"": ""cross_field_value_swap"", ""source_value"": 'debouncedSearchQuery', ""new_value"": 'debounceHandler'}"
train,toolace-519::overgeneration,overgeneration,unsupported_external_confirmation,overgeneration,71,0.19831223628691982,0,"{""style"": ""unsupported_external_confirmation"", ""reason"": ""claim_absent_from_tool_response""}"
train,toolace-519::missing_tool,missing_tool,calendar,missing_tool,49,0.8915929203539823,1,"{""style"": ""calendar"", ""reason"": ""required_tool_unavailable""}"
train,toolace-641::tool_contradiction,tool_contradiction,fallback_value,tool_contradiction,80,0.48717948717948717,1,"{""style"": ""fallback_value"", ""fallback"": true}"
train,toolace-641::overgeneration,overgeneration,unsupported_cause,overgeneration,71,0.5170068027210885,1,"{""style"": ""unsupported_cause"", ""reason"": ""claim_absent_from_tool_response""}"
train,toolace-641::missing_tool,missing_tool,cancel,missing_tool,42,0.6440677966101694,1,"{""style"": ""cancel"", ""reason"": ""required_tool_unavailable""}"
train,toolace-459::tool_contradiction,tool_contradiction,entity_substitution,tool_contradiction,6,0.11886792452830189,0,"{""style"": ""entity_substitution"", ""source_value"": 'USD', ""new_value"": 'BOSTON'}"
train,toolace-459::overgeneration,overgeneration,unsupported_trend,overgeneration,60,0.45145631067961167,0,"{""style"": ""unsupported_trend"", ""reason"": ""claim_absent_from_tool_response""}"
train,toolace-459::missing_tool,missing_tool,cancel,missing_tool,42,0.456441717791411,0,"{""style"": ""cancel"", ""reason"": ""required_tool_unavailable""}"
train,toolace-10::tool_contradiction,tool_contradiction,fallback_value,tool_contradiction,80,0.8637137989778535,1,"{""style"": ""fallback_value"", ""fallback"": true}"
train,toolace-10::overgeneration,overgeneration,unsupported_trend,overgeneration,60,0.8941798941798942,1,"{""style"": ""unsupported_trend"", ""reason"": ""claim_absent_from_tool_response""}"
train,toolace-10::missing_tool,missing_tool,calendar,missing_tool,49,0.12410071942446044,0,"{""style"": ""calendar"", ""reason"": ""required_tool_unavailable""}"
train,toolace-732::tool_contradiction,tool_contradiction,fallback_status,tool_contradiction,84,0.359375,0,"{""style"": ""fallback_status"", ""fallback"": true}"
train,toolace-732::overgeneration,overgeneration,unsupported_history,overgeneration,85,0.669260700389105,1,"{""style"": ""unsupported_history"", ""reason"": ""claim_absent_from_tool_response""}"
train,toolace-732::missing_tool,missing_tool,flight,missing_tool,37,0.8229665071770335,1,"{""style"": ""flight"", ""reason"": ""required_tool_unavailable""}"
train,toolace-25::tool_contradiction,tool_contradiction,entity_substitution,tool_contradiction,6,0.7761194029850746,0,"{""style"": ""entity_substitution"", ""source_value"": 'Player10', ""new_value"": 'Madrid'}"
train,toolace-25::overgeneration,overgeneration,unsupported_comparison,overgeneration,80,0.18297101449275363,0,"{""style"": ""unsupported_comparison"", ""reason"": ""claim_absent_from_tool_response""}"
train,toolace-25::missing_tool,missing_tool,calendar,missing_tool,49,0.0,0,"{""style"": ""calendar"", ""reason"": ""required_tool_unavailable""}"
train,toolace-62::tool_contradiction,tool_contradiction,number_substitution,tool_contradiction,2,0.5213903743315508,0,"{""style"": ""number_substitution"", ""source_value"": '15', ""new_value"": '17'}"
train,toolace-62::overgeneration,overgeneration,unsupported_history,overgeneration,85,0.13043478260869565,0,"{""style"": ""unsupported_history"", ""reason"": ""claim_absent_from_tool_response""}"
train,toolace-62::missing_tool,missing_tool,cancel,missing_tool,42,0.0,0,"{""style"": ""cancel"", ""reason"": ""required_tool_unavailable""}"
train,toolace-723::tool_contradiction,tool_contradiction,cross_field_value_swap,tool_contradiction,12,0.25,0,"{""style"": ""cross_field_value_swap"", ""source_value"": 'hypertension', ""new_value"": 'getDiagnosis'}"
train,toolace-723::overgeneration,overgeneration,unsupported_history,overgeneration,85,0.0,0,"{""style"": ""unsupported_history"", ""reason"": ""claim_absent_from_tool_response""}"
train,toolace-723::missing_tool,missing_tool,calendar,missing_tool,49,0.7752293577981652,1,"{""style"": ""calendar"", ""reason"": ""required_tool_unavailable""}"
train,toolace-295::tool_contradiction,tool_contradiction,date_substitution,tool_contradiction,10,0.5641025641025641,0,"{""style"": ""date_substitution"", ""source_value"": '1980-01-01', ""new_value"": '1980-01-04'}"
train,toolace-295::overgeneration,overgeneration,unsupported_external_confirmation,overgeneration,71,0.21159420289855072,0,"{""style"": ""unsupported_external_confirmation"", ""reason"": ""claim_absent_from_tool_response""}"
train,toolace-295::missing_tool,missing_tool,calendar,missing_tool,49,0.848297213622291,1,"{""style"": ""calendar"", ""reason"": ""required_tool_unavailable""}"
train,toolace-543::tool_contradiction,tool_contradiction,fallback_value,tool_contradiction,80,0.6774193548387096,1,"{""style"": ""fallback_value"", ""fallback"": true}"
train,toolace-543::overgeneration,overgeneration,unsupported_forecast,overgeneration,69,0.0,1,"{""style"": ""unsupported_forecast"", ""reason"": ""claim_absent_from_tool_response""}"
train,toolace-543::missing_tool,missing_tool,flight,missing_tool,37,0.8195121951219512,1,"{""style"": ""flight"", ""reason"": ""required_tool_unavailable""}"
train,toolace-611::tool_contradiction,tool_contradiction,code_substitution,tool_contradiction,7,0.16022099447513813,0,"{""style"": ""code_substitution"", ""source_value"": 'BAC-001', ""new_value"": 'BAC-00X'}"
train,toolace-611::overgeneration,overgeneration,unsupported_history,overgeneration,85,0.42696629213483145,0,"{""style"": ""unsupported_history"", ""reason"": ""claim_absent_from_tool_response""}"
train,toolace-611::missing_tool,missing_tool,calendar,missing_tool,49,0.4935064935064935,0,"{""style"": ""calendar"", ""reason"": ""required_tool_unavailable""}"
train,toolace-605::tool_contradiction,tool_contradiction,fallback_value,tool_contradiction,80,0.7090909090909091,1,"{""style"": ""fallback_value"", ""fallback"": true}"
train,toolace-605::overgeneration,overgeneration,unsupported_external_confirmation,overgeneration,71,0.0,0,"{""style"": ""unsupported_external_confirmation"", ""reason"": ""claim_absent_from_tool_response""}"
train,toolace-605::missing_tool,missing_tool,cancel,missing_tool,42,0.0,0,"{""style"": ""cancel"", ""reason"": ""required_tool_unavailable""}"
train,toolace-251::tool_contradiction,tool_contradiction,cross_field_value_swap,tool_contradiction,19,0.1493975903614458,0,"{""style"": ""cross_field_value_swap"", ""source_value"": 'description', ""new_value"": 'Linnmon / Alex Desk'}"
train,toolace-251::overgeneration,overgeneration,unsupported_trend,overgeneration,60,0.09513023782559456,0,"{""style"": ""unsupported_trend"", ""reason"": ""claim_absent_from_tool_response""}"
train,toolace-251::missing_tool,missing_tool,cancel,missing_tool,42,0.09710982658959537,0,"{""style"": ""cancel"", ""reason"": ""required_tool_unavailable""}"
train,toolace-316::tool_contradiction,tool_contradiction,cross_field_value_swap,tool_contradiction,6,0.07142857142857142,0,"{""style"": ""cross_field_value_swap"", ""source_value"": 'symbol', ""new_value"": 'EURUSD'}"
train,toolace-316::overgeneration,overgeneration,unsupported_external_confirmation,overgeneration,71,0.8460076045627376,0,"{""style"": ""unsupported_external_confirmation"", ""reason"": ""claim_absent_from_tool_response""}"
train,toolace-316::missing_tool,missing_tool,flight,missing_tool,37,0.8742632612966601,0,"{""style"": ""flight"", ""reason"": ""required_tool_unavailable""}"
train,toolace-82::tool_contradiction,tool_contradiction,number_substitution,tool_contradiction,2,0.3433395872420263,0,"{""style"": ""number_substitution"", ""source_value"": '19', ""new_value"": '22'}"
train,toolace-82::overgeneration,overgeneration,unsupported_cause,overgeneration,71,0.8826446280991735,1,"{""style"": ""unsupported_cause"", ""reason"": ""claim_absent_from_tool_response""}"
train,toolace-82::missing_tool,missing_tool,cancel,missing_tool,42,0.0,0,"{""style"": ""cancel"", ""reason"": ""required_tool_unavailable""}"
train,toolace-111::tool_contradiction,tool_contradiction,number_substitution,tool_contradiction,4,0.6702127659574468,0,"{""style"": ""number_substitution"", ""source_value"": '2025', ""new_value"": '2329'}"
train,toolace-111::overgeneration,overgeneration,unsupported_cause,overgeneration,71,0.572289156626506,1,"{""style"": ""unsupported_cause"", ""reason"": ""claim_absent_from_tool_response""}"
train,toolace-111::missing_tool,missing_tool,cancel,missing_tool,42,0.6934306569343066,1,"{""style"": ""cancel"", ""reason"": ""required_tool_unavailable""}"
train,toolace-144::tool_contradiction,tool_contradiction,number_substitution,tool_contradiction,6,0.40119760479041916,0,"{""style"": ""number_substitution"", ""source_value"": '641001', ""new_value"": '544851'}"
train,toolace-144::overgeneration,overgeneration,unsupported_history,overgeneration,85,0.2964426877470356,0,"{""style"": ""unsupported_history"", ""reason"": ""claim_absent_from_tool_response""}"
train,toolace-144::missing_tool,missing_tool,email,missing_tool,53,0.0,0,"{""style"": ""email"", ""reason"": ""required_tool_unavailable""}"
train,toolace-708::tool_contradiction,tool_contradiction,entity_substitution,tool_contradiction,5,0.4513888888888889,0,"{""style"": ""entity_substitution"", ""source_value"": 'The', ""new_value"": 'Paris'}"
train,toolace-708::overgeneration,overgeneration,unsupported_history,overgeneration,85,0.2850877192982456,0,"{""style"": ""unsupported_history"", ""reason"": ""claim_absent_from_tool_response""}"
train,toolace-708::missing_tool,missing_tool,cancel,missing_tool,42,0.772972972972973,1,"{""style"": ""cancel"", ""reason"": ""required_tool_unavailable""}"
train,toolace-508::tool_contradiction,tool_contradiction,fallback_status,tool_contradiction,84,0.0,1,"{""style"": ""fallback_status"", ""fallback"": true}"
train,toolace-508::overgeneration,overgeneration,unsupported_forecast,overgeneration,69,0.7195121951219512,1,"{""style"": ""unsupported_forecast"", ""reason"": ""claim_absent_from_tool_response""}"
train,toolace-508::missing_tool,missing_tool,hotel,missing_tool,52,0.7729257641921398,1,"{""style"": ""hotel"", ""reason"": ""required_tool_unavailable""}"
train,toolace-168::tool_contradiction,tool_contradiction,number_substitution,tool_contradiction,5,0.31275720164609055,0,"{""style"": ""number_substitution"", ""source_value"": '12.5', ""new_value"": '14.38'}"
train,toolace-168::overgeneration,overgeneration,unsupported_trend,overgeneration,60,0.801980198019802,1,"{""style"": ""unsupported_trend"", ""reason"": ""claim_absent_from_tool_response""}"
train,toolace-168::missing_tool,missing_tool,cancel,missing_tool,42,0.0,0,"{""style"": ""cancel"", ""reason"": ""required_tool_unavailable""}"
train,toolace-328::tool_contradiction,tool_contradiction,date_substitution,tool_contradiction,10,0.2282793867120954,0,"{""style"": ""date_substitution"", ""source_value"": '2026-05-09', ""new_value"": '2026-05-12'}"
train,toolace-328::overgeneration,overgeneration,unsupported_history,overgeneration,85,0.0,0,"{""style"": ""unsupported_history"", ""reason"": ""claim_absent_from_tool_response""}"
train,toolace-328::missing_tool,missing_tool,cancel,missing_tool,42,0.9333333333333333,1,"{""style"": ""cancel"", ""reason"": ""required_tool_unavailable""}"
train,toolace-733::tool_contradiction,tool_contradiction,number_substitution,tool_contradiction,4,0.6904761904761905,0,"{""style"": ""number_substitution"", ""source_value"": '1912', ""new_value"": '2199'}"
train,toolace-733::overgeneration,overgeneration,unsupported_forecast,overgeneration,69,0.18214285714285713,0,"{""style"": ""unsupported_forecast"", ""reason"": ""claim_absent_from_tool_response""}"
train,toolace-733::missing_tool,missing_tool,flight,missing_tool,37,0.2056451612903226,0,"{""style"": ""flight"", ""reason"": ""required_tool_unavailable""}"
train,toolace-612::tool_contradiction,tool_contradiction,cross_field_value_swap,tool_contradiction,14,0.11246200607902736,0,"{""style"": ""cross_field_value_swap"", ""source_value"": 'contemplative', ""new_value"": 'getMusicReview'}"
train,toolace-612::overgeneration,overgeneration,unsupported_user_reaction,overgeneration,73,0.0,0,"{""style"": ""unsupported_user_reaction"", ""reason"": ""claim_absent_from_tool_response""}"
train,toolace-612::missing_tool,missing_tool,flight,missing_tool,37,0.8989071038251366,1,"{""style"": ""flight"", ""reason"": ""required_tool_unavailable""}"
train,toolace-267::tool_contradiction,tool_contradiction,entity_substitution,tool_contradiction,9,0.4045307443365696,0,"{""style"": ""entity_substitution"", ""source_value"": 'Get', ""new_value"": 'Amsterdam'}"
train,toolace-267::overgeneration,overgeneration,unsupported_comparison,overgeneration,80,0.0,0,"{""style"": ""unsupported_comparison"", ""reason"": ""claim_absent_from_tool_response""}"
train,toolace-267::missing_tool,missing_tool,cancel,missing_tool,42,0.3374045801526718,0,"{""style"": ""cancel"", ""reason"": ""required_tool_unavailable""}"
train,toolace-693::tool_contradiction,tool_contradiction,cross_field_value_swap,tool_contradiction,9,0.8397435897435898,0,"{""style"": ""cross_field_value_swap"", ""source_value"": 'and', ""new_value"": 'recognize'}"
train,toolace-693::overgeneration,overgeneration,unsupported_comparison,overgeneration,80,0.33766233766233766,0,"{""style"": ""unsupported_comparison"", ""reason"": ""claim_absent_from_tool_response""}"
train,toolace-693::missing_tool,missing_tool,email,missing_tool,53,0.7401960784313726,1,"{""style"": ""email"", ""reason"": ""required_tool_unavailable""}"
train,toolace-227::tool_contradiction,tool_contradiction,cross_field_value_swap,tool_contradiction,11,0.03879849812265332,0,"{""style"": ""cross_field_value_swap"", ""source_value"": 'often', ""new_value"": 'agriculture'}"
train,toolace-227::overgeneration,overgeneration,unsupported_external_confirmation,overgeneration,71,0.20578034682080926,0,"{""style"": ""unsupported_external_confirmation"", ""reason"": ""claim_absent_from_tool_response""}"
train,toolace-227::missing_tool,missing_tool,cancel,missing_tool,42,0.9497607655502392,1,"{""style"": ""cancel"", ""reason"": ""required_tool_unavailable""}"
train,toolace-79::tool_contradiction,tool_contradiction,cross_field_value_swap,tool_contradiction,10,0.12823529411764706,0,"{""style"": ""cross_field_value_swap"", ""source_value"": 'address', ""new_value"": '2015-10-15'}"
train,toolace-79::overgeneration,overgeneration,unsupported_recommendation,overgeneration,76,0.0,0,"{""style"": ""unsupported_recommendation"", ""reason"": ""claim_absent_from_tool_response""}"
train,toolace-79::missing_tool,missing_tool,hotel,missing_tool,52,0.9422222222222222,1,"{""style"": ""hotel"", ""reason"": ""required_tool_unavailable""}"
train,toolace-604::tool_contradiction,tool_contradiction,fallback_value,tool_contradiction,80,0.6330275229357798,1,"{""style"": ""fallback_value"", ""fallback"": true}"
train,toolace-604::overgeneration,overgeneration,unsupported_history,overgeneration,85,0.0,1,"{""style"": ""unsupported_history"", ""reason"": ""claim_absent_from_tool_response""}"
train,toolace-604::missing_tool,missing_tool,hotel,missing_tool,52,0.0,1,"{""style"": ""hotel"", ""reason"": ""required_tool_unavailable""}"
train,toolace-760::tool_contradiction,tool_contradiction,number_substitution,tool_contradiction,5,0.3282442748091603,0,"{""style"": ""number_substitution"", ""source_value"": '35.0', ""new_value"": '40.25'}"
train,toolace-760::overgeneration,overgeneration,unsupported_trend,overgeneration,60,0.8136645962732919,1,"{""style"": ""unsupported_trend"", ""reason"": ""claim_absent_from_tool_response""}"
train,toolace-760::missing_tool,missing_tool,flight,missing_tool,37,0.0,0,"{""style"": ""flight"", ""reason"": ""required_tool_unavailable""}"
train,toolace-327::tool_contradiction,tool_contradiction,entity_substitution,tool_contradiction,6,0.03900709219858156,0,"{""style"": ""entity_substitution"", ""source_value"": 'Central Park Cafe', ""new_value"": 'Madrid'}"
train,toolace-327::overgeneration,overgeneration,unsupported_risk,overgeneration,68,0.3342541436464088,0,"{""style"": ""unsupported_risk"", ""reason"": ""claim_absent_from_tool_response""}"
train,toolace-327::missing_tool,missing_tool,cancel,missing_tool,42,0.875,1,"{""style"": ""cancel"", ""reason"": ""required_tool_unavailable""}"
train,toolace-199::tool_contradiction,tool_contradiction,entity_substitution,tool_contradiction,8,0.042483660130718956,0,"{""style"": ""entity_substitution"", ""source_value"": 'Laptop', ""new_value"": 'New York'}"
train,toolace-199::overgeneration,overgeneration,unsupported_history,overgeneration,85,0.08782435129740519,0,"{""style"": ""unsupported_history"", ""reason"": ""claim_absent_from_tool_response""}"
train,toolace-199::missing_tool,missing_tool,flight,missing_tool,37,0.0,0,"{""style"": ""flight"", ""reason"": ""required_tool_unavailable""}"
train,toolace-410::tool_contradiction,tool_contradiction,cross_field_value_swap,tool_contradiction,20,0.2577565632458234,0,"{""style"": ""cross_field_value_swap"", ""source_value"": '#sustainablefashion', ""new_value"": 'Similar Hashtags API'}"
train,toolace-410::overgeneration,overgeneration,unsupported_comparison,overgeneration,80,0.0,0,"{""style"": ""unsupported_comparison"", ""reason"": ""claim_absent_from_tool_response""}"
train,toolace-410::missing_tool,missing_tool,cancel,missing_tool,42,0.9088937093275488,1,"{""style"": ""cancel"", ""reason"": ""required_tool_unavailable""}"
train,toolace-470::tool_contradiction,tool_contradiction,cross_field_value_swap,tool_contradiction,13,0.005434782608695652,0,"{""style"": ""cross_field_value_swap"", ""source_value"": 'stock', ""new_value"": 'news_articles'}"
train,toolace-470::overgeneration,overgeneration,unsupported_external_confirmation,overgeneration,71,0.0,0,"{""style"": ""unsupported_external_confirmation"", ""reason"": ""claim_absent_from_tool_response""}"
train,toolace-470::missing_tool,missing_tool,email,missing_tool,53,0.0,1,"{""style"": ""email"", ""reason"": ""required_tool_unavailable""}"
train,toolace-154::tool_contradiction,tool_contradiction,number_substitution,tool_contradiction,6,0.2893081761006289,0,"{""style"": ""number_substitution"", ""source_value"": '95.0', ""new_value"": '109.25'}"
train,toolace-154::overgeneration,overgeneration,unsupported_cause,overgeneration,71,0.0,0,"{""style"": ""unsupported_cause"", ""reason"": ""claim_absent_from_tool_response""}"
train,toolace-154::missing_tool,missing_tool,cancel,missing_tool,42,0.883008356545961,1,"{""style"": ""cancel"", ""reason"": ""required_tool_unavailable""}"
train,toolace-189::tool_contradiction,tool_contradiction,cross_field_value_swap,tool_contradiction,39,0.6284153005464481,0,"{""style"": ""cross_field_value_swap"", ""source_value"": 'I look forward to hearing your thoughts on this', ""new_value"": 'I look forward to your thoughts on this'}"
train,toolace-189::overgeneration,overgeneration,unsupported_trend,overgeneration,60,0.8620689655172413,1,"{""style"": ""unsupported_trend"", ""reason"": ""claim_absent_from_tool_response""}"
train,toolace-189::missing_tool,missing_tool,cancel,missing_tool,42,0.0,0,"{""style"": ""cancel"", ""reason"": ""required_tool_unavailable""}"
train,toolace-148::tool_contradiction,tool_contradiction,number_substitution,tool_contradiction,1,0.0706605222734255,0,"{""style"": ""number_substitution"", ""source_value"": '02', ""new_value"": '1'}"
train,toolace-148::overgeneration,overgeneration,unsupported_recommendation,overgeneration,76,0.8957475994513031,1,"{""style"": ""unsupported_recommendation"", ""reason"": ""claim_absent_from_tool_response""}"
train,toolace-148::missing_tool,missing_tool,hotel,missing_tool,52,0.8085106382978723,0,"{""style"": ""hotel"", ""reason"": ""required_tool_unavailable""}"
train,toolace-530::tool_contradiction,tool_contradiction,entity_substitution,tool_contradiction,7,0.20918367346938777,0,"{""style"": ""entity_substitution"", ""source_value"": 'Sit', ""new_value"": 'Chicago'}"
train,toolace-530::overgeneration,overgeneration,unsupported_history,overgeneration,85,0.19784172661870503,0,"{""style"": ""unsupported_history"", ""reason"": ""claim_absent_from_tool_response""}"
train,toolace-530::missing_tool,missing_tool,email,missing_tool,53,0.22357723577235772,0,"{""style"": ""email"", ""reason"": ""required_tool_unavailable""}"
train,toolace-479::tool_contradiction,tool_contradiction,number_substitution,tool_contradiction,5,0.15217391304347827,0,"{""style"": ""number_substitution"", ""source_value"": '24.99', ""new_value"": '21.24'}"
train,toolace-479::overgeneration,overgeneration,unsupported_trend,overgeneration,60,0.9504541701073493,1,"{""style"": ""unsupported_trend"", ""reason"": ""claim_absent_from_tool_response""}"
train,toolace-479::missing_tool,missing_tool,cancel,missing_tool,42,0.9647946353730092,1,"{""style"": ""cancel"", ""reason"": ""required_tool_unavailable""}"
train,toolace-706::tool_contradiction,tool_contradiction,fallback_value,tool_contradiction,80,0.0,1,"{""style"": ""fallback_value"", ""fallback"": true}"
train,toolace-706::overgeneration,overgeneration,unsupported_risk,overgeneration,68,0.6936936936936937,1,"{""style"": ""unsupported_risk"", ""reason"": ""claim_absent_from_tool_response""}"
train,toolace-706::missing_tool,missing_tool,cancel,missing_tool,42,0.7857142857142857,1,"{""style"": ""cancel"", ""reason"": ""required_tool_unavailable""}"
train,toolace-425::tool_contradiction,tool_contradiction,entity_substitution,tool_contradiction,4,0.5377906976744186,0,"{""style"": ""entity_substitution"", ""source_value"": 'Golden State Warriors', ""new_value"": 'Rome'}"
train,toolace-425::overgeneration,overgeneration,unsupported_recommendation,overgeneration,76,0.182648401826484,0,"{""style"": ""unsupported_recommendation"", ""reason"": ""claim_absent_from_tool_response""}"
train,toolace-425::missing_tool,missing_tool,email,missing_tool,53,0.8722891566265061,1,"{""style"": ""email"", ""reason"": ""required_tool_unavailable""}"
train,toolace-498::tool_contradiction,tool_contradiction,number_substitution,tool_contradiction,5,0.4620253164556962,0,"{""style"": ""number_substitution"", ""source_value"": '37.751', ""new_value"": '43.41'}"
train,toolace-498::overgeneration,overgeneration,unsupported_guarantee,overgeneration,76,0.6779661016949152,1,"{""style"": ""unsupported_guarantee"", ""reason"": ""claim_absent_from_tool_response""}"
train,toolace-498::missing_tool,missing_tool,email,missing_tool,53,0.7511737089201878,1,"{""style"": ""email"", ""reason"": ""required_tool_unavailable""}"
validation,toolace-776::tool_contradiction,tool_contradiction,cross_field_value_swap,tool_contradiction,15,0.43958868894601544,0,"{""style"": ""cross_field_value_swap"", ""source_value"": 'insertion', ""new_value"": 'mutations_found'}"
validation,toolace-776::overgeneration,overgeneration,unsupported_comparison,overgeneration,80,0.0,0,"{""style"": ""unsupported_comparison"", ""reason"": ""claim_absent_from_tool_response""}"
validation,toolace-776::missing_tool,missing_tool,flight,missing_tool,37,0.4655581947743468,0,"{""style"": ""flight"", ""reason"": ""required_tool_unavailable""}"
validation,toolace-185::tool_contradiction,tool_contradiction,number_substitution,tool_contradiction,3,0.37136929460580914,0,"{""style"": ""number_substitution"", ""source_value"": '356', ""new_value"": '303'}"
validation,toolace-185::overgeneration,overgeneration,unsupported_trend,overgeneration,60,0.7587476979742173,0,"{""style"": ""unsupported_trend"", ""reason"": ""claim_absent_from_tool_response""}"
validation,toolace-185::missing_tool,missing_tool,cancel,missing_tool,42,0.0,0,"{""style"": ""cancel"", ""reason"": ""required_tool_unavailable""}"
validation,toolace-273::tool_contradiction,tool_contradiction,cross_field_value_swap,tool_contradiction,15,0.5341772151898734,0,"{""style"": ""cross_field_value_swap"", ""source_value"": 'relationships', ""new_value"": 'compatible_with'}"
validation,toolace-273::overgeneration,overgeneration,unsupported_external_confirmation,overgeneration,71,0.8473118279569892,1,"{""style"": ""unsupported_external_confirmation"", ""reason"": ""claim_absent_from_tool_response""}"
validation,toolace-273::missing_tool,missing_tool,calendar,missing_tool,49,0.0,0,"{""style"": ""calendar"", ""reason"": ""required_tool_unavailable""}"
validation,toolace-475::tool_contradiction,tool_contradiction,number_substitution,tool_contradiction,4,0.5488888888888889,0,"{""style"": ""number_substitution"", ""source_value"": '2020', ""new_value"": '2323'}"
validation,toolace-475::overgeneration,overgeneration,unsupported_guarantee,overgeneration,76,0.855787476280835,1,"{""style"": ""unsupported_guarantee"", ""reason"": ""claim_absent_from_tool_response""}"
validation,toolace-475::missing_tool,missing_tool,cancel,missing_tool,42,0.9148073022312373,1,"{""style"": ""cancel"", ""reason"": ""required_tool_unavailable""}"
validation,toolace-608::tool_contradiction,tool_contradiction,fallback_status,tool_contradiction,84,0.6967509025270758,1,"{""style"": ""fallback_status"", ""fallback"": true}"
validation,toolace-608::overgeneration,overgeneration,unsupported_recommendation,overgeneration,76,0.7174721189591078,1,"{""style"": ""unsupported_recommendation"", ""reason"": ""claim_absent_from_tool_response""}"
validation,toolace-608::missing_tool,missing_tool,email,missing_tool,53,0.0,0,"{""style"": ""email"", ""reason"": ""required_tool_unavailable""}"
validation,toolace-321::tool_contradiction,tool_contradiction,number_substitution,tool_contradiction,5,0.5433070866141733,0,"{""style"": ""number_substitution"", ""source_value"": '45.5', ""new_value"": '52.33'}"
validation,toolace-321::overgeneration,overgeneration,unsupported_user_reaction,overgeneration,73,0.0,0,"{""style"": ""unsupported_user_reaction"", ""reason"": ""claim_absent_from_tool_response""}"
validation,toolace-321::missing_tool,missing_tool,calendar,missing_tool,49,0.0,0,"{""style"": ""calendar"", ""reason"": ""required_tool_unavailable""}"
validation,toolace-536::tool_contradiction,tool_contradiction,cross_field_value_swap,tool_contradiction,19,0.18719211822660098,0,"{""style"": ""cross_field_value_swap"", ""source_value"": 'strategies', ""new_value"": 'competitiveAnalysis'}"
validation,toolace-536::overgeneration,overgeneration,unsupported_history,overgeneration,85,0.0,0,"{""style"": ""unsupported_history"", ""reason"": ""claim_absent_from_tool_response""}"
validation,toolace-536::missing_tool,missing_tool,cancel,missing_tool,42,0.0,0,"{""style"": ""cancel"", ""reason"": ""required_tool_unavailable""}"
validation,toolace-22::tool_contradiction,tool_contradiction,fallback_status,tool_contradiction,84,0.0,0,"{""style"": ""fallback_status"", ""fallback"": true}"
validation,toolace-22::overgeneration,overgeneration,unsupported_guarantee,overgeneration,76,0.8789808917197452,1,"{""style"": ""unsupported_guarantee"", ""reason"": ""claim_absent_from_tool_response""}"
validation,toolace-22::missing_tool,missing_tool,email,missing_tool,53,0.15702479338842976,0,"{""style"": ""email"", ""reason"": ""required_tool_unavailable""}"
validation,toolace-638::tool_contradiction,tool_contradiction,cross_field_value_swap,tool_contradiction,5,0.572463768115942,0,"{""style"": ""cross_field_value_swap"", ""source_value"": '2 hours', ""new_value"": 'mixer'}"
validation,toolace-638::overgeneration,overgeneration,unsupported_history,overgeneration,85,0.0,1,"{""style"": ""unsupported_history"", ""reason"": ""claim_absent_from_tool_response""}"
validation,toolace-638::missing_tool,missing_tool,cancel,missing_tool,42,0.7704918032786885,1,"{""style"": ""cancel"", ""reason"": ""required_tool_unavailable""}"
validation,toolace-296::tool_contradiction,tool_contradiction,fallback_value,tool_contradiction,80,0.6039603960396039,1,"{""style"": ""fallback_value"", ""fallback"": true}"
validation,toolace-296::overgeneration,overgeneration,unsupported_history,overgeneration,85,0.0,0,"{""style"": ""unsupported_history"", ""reason"": ""claim_absent_from_tool_response""}"
validation,toolace-296::missing_tool,missing_tool,flight,missing_tool,37,0.7672955974842768,1,"{""style"": ""flight"", ""reason"": ""required_tool_unavailable""}"
validation,toolace-649::tool_contradiction,tool_contradiction,number_substitution,tool_contradiction,2,0.3112745098039216,0,"{""style"": ""number_substitution"", ""source_value"": '15', ""new_value"": '17'}"
validation,toolace-649::overgeneration,overgeneration,unsupported_cause,overgeneration,71,0.0,0,"{""style"": ""unsupported_cause"", ""reason"": ""claim_absent_from_tool_response""}"
validation,toolace-649::missing_tool,missing_tool,flight,missing_tool,37,0.9170403587443946,1,"{""style"": ""flight"", ""reason"": ""required_tool_unavailable""}"
validation,toolace-355::tool_contradiction,tool_contradiction,fallback_opposite,tool_contradiction,67,0.09470304975922954,0,"{""style"": ""fallback_opposite"", ""fallback"": true}"
validation,toolace-355::overgeneration,overgeneration,unsupported_user_reaction,overgeneration,73,0.0,0,"{""style"": ""unsupported_user_reaction"", ""reason"": ""claim_absent_from_tool_response""}"
validation,toolace-355::missing_tool,missing_tool,email,missing_tool,53,0.9129720853858785,1,"{""style"": ""email"", ""reason"": ""required_tool_unavailable""}"
validation,toolace-317::tool_contradiction,tool_contradiction,number_substitution,tool_contradiction,3,0.358609794628752,0,"{""style"": ""number_substitution"", ""source_value"": '0.2', ""new_value"": '1.2'}"
validation,toolace-317::overgeneration,overgeneration,unsupported_risk,overgeneration,68,0.0,0,"{""style"": ""unsupported_risk"", ""reason"": ""claim_absent_from_tool_response""}"
validation,toolace-317::missing_tool,missing_tool,email,missing_tool,53,0.11062590975254731,0,"{""style"": ""email"", ""reason"": ""required_tool_unavailable""}"
validation,toolace-574::tool_contradiction,tool_contradiction,fallback_value,tool_contradiction,80,0.6412556053811659,1,"{""style"": ""fallback_value"", ""fallback"": true}"
validation,toolace-574::overgeneration,overgeneration,unsupported_recommendation,overgeneration,76,0.6529680365296804,1,"{""style"": ""unsupported_recommendation"", ""reason"": ""claim_absent_from_tool_response""}"
validation,toolace-574::missing_tool,missing_tool,hotel,missing_tool,52,0.7333333333333333,1,"{""style"": ""hotel"", ""reason"": ""required_tool_unavailable""}"
validation,toolace-620::tool_contradiction,tool_contradiction,number_substitution,tool_contradiction,6,0.38031319910514544,0,"{""style"": ""number_substitution"", ""source_value"": '150.08', ""new_value"": '127.57'}"
validation,toolace-620::overgeneration,overgeneration,unsupported_comparison,overgeneration,80,0.0,0,"{""style"": ""unsupported_comparison"", ""reason"": ""claim_absent_from_tool_response""}"
validation,toolace-620::missing_tool,missing_tool,email,missing_tool,53,0.8942115768463074,1,"{""style"": ""email"", ""reason"": ""required_tool_unavailable""}"
validation,toolace-402::tool_contradiction,tool_contradiction,entity_substitution,tool_contradiction,6,0.2301038062283737,0,"{""style"": ""entity_substitution"", ""source_value"": 'Portuguese', ""new_value"": 'Madrid'}"
validation,toolace-402::overgeneration,overgeneration,unsupported_history,overgeneration,85,0.0,0,"{""style"": ""unsupported_history"", ""reason"": ""claim_absent_from_tool_response""}"
validation,toolace-402::missing_tool,missing_tool,email,missing_tool,53,0.9166666666666666,1,"{""style"": ""email"", ""reason"": ""required_tool_unavailable""}"
validation,toolace-725::tool_contradiction,tool_contradiction,entity_substitution,tool_contradiction,6,0.06666666666666667,0,"{""style"": ""entity_substitution"", ""source_value"": 'Olivia', ""new_value"": 'Madrid'}"
validation,toolace-725::overgeneration,overgeneration,unsupported_comparison,overgeneration,80,0.0,1,"{""style"": ""unsupported_comparison"", ""reason"": ""claim_absent_from_tool_response""}"
validation,toolace-725::missing_tool,missing_tool,calendar,missing_tool,49,0.755,1,"{""style"": ""calendar"", ""reason"": ""required_tool_unavailable""}"
validation,toolace-160::tool_contradiction,tool_contradiction,number_substitution,tool_contradiction,4,0.7071129707112971,0,"{""style"": ""number_substitution"", ""source_value"": '2000', ""new_value"": '1700'}"
validation,toolace-160::overgeneration,overgeneration,unsupported_external_confirmation,overgeneration,71,0.8709090909090909,1,"{""style"": ""unsupported_external_confirmation"", ""reason"": ""claim_absent_from_tool_response""}"
validation,toolace-160::missing_tool,missing_tool,flight,missing_tool,37,0.9282945736434108,1,"{""style"": ""flight"", ""reason"": ""required_tool_unavailable""}"
validation,toolace-726::tool_contradiction,tool_contradiction,cross_field_value_swap,tool_contradiction,17,0.22580645161290322,0,"{""style"": ""cross_field_value_swap"", ""source_value"": 'hemoglobin', ""new_value"": 'white_blood_cells'}"
validation,toolace-726::overgeneration,overgeneration,unsupported_cause,overgeneration,71,0.7731629392971247,1,"{""style"": ""unsupported_cause"", ""reason"": ""claim_absent_from_tool_response""}"
validation,toolace-726::missing_tool,missing_tool,flight,missing_tool,37,0.8673835125448028,1,"{""style"": ""flight"", ""reason"": ""required_tool_unavailable""}"
validation,toolace-152::tool_contradiction,tool_contradiction,number_substitution,tool_contradiction,2,0.8210116731517509,0,"{""style"": ""number_substitution"", ""source_value"": '10', ""new_value"": '12'}"
validation,toolace-152::overgeneration,overgeneration,unsupported_trend,overgeneration,60,0.9278846153846154,1,"{""style"": ""unsupported_trend"", ""reason"": ""claim_absent_from_tool_response""}"
validation,toolace-152::missing_tool,missing_tool,cancel,missing_tool,42,0.0,0,"{""style"": ""cancel"", ""reason"": ""required_tool_unavailable""}"
validation,toolace-163::tool_contradiction,tool_contradiction,entity_substitution,tool_contradiction,6,0.09641873278236915,0,"{""style"": ""entity_substitution"", ""source_value"": 'Daily Caloric Needs Calculator', ""new_value"": 'Sydney'}"
validation,toolace-163::overgeneration,overgeneration,unsupported_external_confirmation,overgeneration,71,0.48366013071895425,0,"{""style"": ""unsupported_external_confirmation"", ""reason"": ""claim_absent_from_tool_response""}"
validation,toolace-163::missing_tool,missing_tool,cancel,missing_tool,42,0.0,0,"{""style"": ""cancel"", ""reason"": ""required_tool_unavailable""}"
validation,toolace-104::tool_contradiction,tool_contradiction,number_substitution,tool_contradiction,4,0.3114754098360656,0,"{""style"": ""number_substitution"", ""source_value"": '2021', ""new_value"": '1718'}"
validation,toolace-104::overgeneration,overgeneration,unsupported_trend,overgeneration,60,0.8907103825136612,1,"{""style"": ""unsupported_trend"", ""reason"": ""claim_absent_from_tool_response""}"
validation,toolace-104::missing_tool,missing_tool,ride,missing_tool,46,0.13644859813084112,0,"{""style"": ""ride"", ""reason"": ""required_tool_unavailable""}"
validation,toolace-790::tool_contradiction,tool_contradiction,fallback_value,tool_contradiction,80,0.7241379310344828,1,"{""style"": ""fallback_value"", ""fallback"": true}"
validation,toolace-790::overgeneration,overgeneration,unsupported_external_confirmation,overgeneration,71,0.7473309608540926,1,"{""style"": ""unsupported_external_confirmation"", ""reason"": ""claim_absent_from_tool_response""}"
validation,toolace-790::missing_tool,missing_tool,calendar,missing_tool,49,0.8108108108108109,1,"{""style"": ""calendar"", ""reason"": ""required_tool_unavailable""}"
validation,toolace-31::tool_contradiction,tool_contradiction,entity_substitution,tool_contradiction,5,0.31078610603290674,0,"{""style"": ""entity_substitution"", ""source_value"": 'Bullish', ""new_value"": 'Tokyo'}"
validation,toolace-31::overgeneration,overgeneration,unsupported_external_confirmation,overgeneration,71,0.8856682769726248,1,"{""style"": ""unsupported_external_confirmation"", ""reason"": ""claim_absent_from_tool_response""}"
validation,toolace-31::missing_tool,missing_tool,cancel,missing_tool,42,0.9290540540540541,1,"{""style"": ""cancel"", ""reason"": ""required_tool_unavailable""}"
validation,toolace-610::tool_contradiction,tool_contradiction,fallback_status,tool_contradiction,84,0.5384615384615384,1,"{""style"": ""fallback_status"", ""fallback"": true}"
validation,toolace-610::overgeneration,overgeneration,unsupported_trend,overgeneration,60,0.620253164556962,1,"{""style"": ""unsupported_trend"", ""reason"": ""claim_absent_from_tool_response""}"
validation,toolace-610::missing_tool,missing_tool,hotel,missing_tool,52,0.6533333333333333,1,"{""style"": ""hotel"", ""reason"": ""required_tool_unavailable""}"
validation,toolace-117::tool_contradiction,tool_contradiction,entity_substitution,tool_contradiction,6,0.027900146842878122,0,"{""style"": ""entity_substitution"", ""source_value"": 'Potsdamer', ""new_value"": 'Boston'}"
validation,toolace-117::overgeneration,overgeneration,unsupported_recommendation,overgeneration,76,0.0,0,"{""style"": ""unsupported_recommendation"", ""reason"": ""claim_absent_from_tool_response""}"
validation,toolace-117::missing_tool,missing_tool,calendar,missing_tool,49,0.9332425068119891,1,"{""style"": ""calendar"", ""reason"": ""required_tool_unavailable""}"
validation,toolace-41::tool_contradiction,tool_contradiction,number_substitution,tool_contradiction,8,0.8676470588235294,1,"{""style"": ""number_substitution"", ""source_value"": '12345678', ""new_value"": '10493826'}"
validation,toolace-41::overgeneration,overgeneration,unsupported_history,overgeneration,85,0.44805194805194803,1,"{""style"": ""unsupported_history"", ""reason"": ""claim_absent_from_tool_response""}"
validation,toolace-41::missing_tool,missing_tool,cancel,missing_tool,42,0.6216216216216216,1,"{""style"": ""cancel"", ""reason"": ""required_tool_unavailable""}"
validation,toolace-741::tool_contradiction,tool_contradiction,fallback_value,tool_contradiction,80,0.6551724137931034,1,"{""style"": ""fallback_value"", ""fallback"": true}"
validation,toolace-741::overgeneration,overgeneration,unsupported_trend,overgeneration,60,0.7169811320754716,1,"{""style"": ""unsupported_trend"", ""reason"": ""claim_absent_from_tool_response""}"
validation,toolace-741::missing_tool,missing_tool,cancel,missing_tool,42,0.0,0,"{""style"": ""cancel"", ""reason"": ""required_tool_unavailable""}"
validation,toolace-305::tool_contradiction,tool_contradiction,number_substitution,tool_contradiction,4,0.28421052631578947,0,"{""style"": ""number_substitution"", ""source_value"": '1320', ""new_value"": '1518'}"
validation,toolace-305::overgeneration,overgeneration,unsupported_recommendation,overgeneration,76,0.8623188405797102,1,"{""style"": ""unsupported_recommendation"", ""reason"": ""claim_absent_from_tool_response""}"
validation,toolace-305::missing_tool,missing_tool,flight,missing_tool,37,0.9278752436647173,1,"{""style"": ""flight"", ""reason"": ""required_tool_unavailable""}"
validation,toolace-326::tool_contradiction,tool_contradiction,number_substitution,tool_contradiction,4,0.8863636363636364,0,"{""style"": ""number_substitution"", ""source_value"": '1000', ""new_value"": '1150'}"
validation,toolace-326::overgeneration,overgeneration,unsupported_forecast,overgeneration,69,0.0,0,"{""style"": ""unsupported_forecast"", ""reason"": ""claim_absent_from_tool_response""}"
validation,toolace-326::missing_tool,missing_tool,flight,missing_tool,37,0.9529262086513995,1,"{""style"": ""flight"", ""reason"": ""required_tool_unavailable""}"
validation,toolace-209::tool_contradiction,tool_contradiction,cross_field_value_swap,tool_contradiction,14,0.08350730688935282,0,"{""style"": ""cross_field_value_swap"", ""source_value"": 'symbol', ""new_value"": 'momentum_score'}"
validation,toolace-209::overgeneration,overgeneration,unsupported_recommendation,overgeneration,76,0.8613138686131386,1,"{""style"": ""unsupported_recommendation"", ""reason"": ""claim_absent_from_tool_response""}"
validation,toolace-209::missing_tool,missing_tool,cancel,missing_tool,42,0.0,0,"{""style"": ""cancel"", ""reason"": ""required_tool_unavailable""}"
validation,toolace-516::tool_contradiction,tool_contradiction,fallback_opposite,tool_contradiction,67,0.0,0,"{""style"": ""fallback_opposite"", ""fallback"": true}"
validation,toolace-516::overgeneration,overgeneration,unsupported_history,overgeneration,85,0.3515439429928741,0,"{""style"": ""unsupported_history"", ""reason"": ""claim_absent_from_tool_response""}"
validation,toolace-516::missing_tool,missing_tool,cancel,missing_tool,42,0.8888888888888888,1,"{""style"": ""cancel"", ""reason"": ""required_tool_unavailable""}"
validation,toolace-577::tool_contradiction,tool_contradiction,fallback_value,tool_contradiction,80,0.7278911564625851,1,"{""style"": ""fallback_value"", ""fallback"": true}"
validation,toolace-577::overgeneration,overgeneration,unsupported_forecast,overgeneration,69,0.7561837455830389,1,"{""style"": ""unsupported_forecast"", ""reason"": ""claim_absent_from_tool_response""}"
validation,toolace-577::missing_tool,missing_tool,calendar,missing_tool,49,0.8136882129277566,1,"{""style"": ""calendar"", ""reason"": ""required_tool_unavailable""}"
validation,toolace-503::tool_contradiction,tool_contradiction,fallback_status,tool_contradiction,84,0.16535433070866143,0,"{""style"": ""fallback_status"", ""fallback"": true}"
validation,toolace-503::overgeneration,overgeneration,unsupported_guarantee,overgeneration,76,0.0,0,"{""style"": ""unsupported_guarantee"", ""reason"": ""claim_absent_from_tool_response""}"
validation,toolace-503::missing_tool,missing_tool,email,missing_tool,53,0.0,0,"{""style"": ""email"", ""reason"": ""required_tool_unavailable""}"
validation,toolace-665::tool_contradiction,tool_contradiction,fallback_value,tool_contradiction,80,0.0,0,"{""style"": ""fallback_value"", ""fallback"": true}"
validation,toolace-665::overgeneration,overgeneration,unsupported_cause,overgeneration,71,0.7066115702479339,1,"{""style"": ""unsupported_cause"", ""reason"": ""claim_absent_from_tool_response""}"
validation,toolace-665::missing_tool,missing_tool,cancel,missing_tool,42,0.0,0,"{""style"": ""cancel"", ""reason"": ""required_tool_unavailable""}"
validation,toolace-703::tool_contradiction,tool_contradiction,fallback_value,tool_contradiction,80,0.581151832460733,1,"{""style"": ""fallback_value"", ""fallback"": true}"
validation,toolace-703::overgeneration,overgeneration,unsupported_guarantee,overgeneration,76,0.5935828877005348,1,"{""style"": ""unsupported_guarantee"", ""reason"": ""claim_absent_from_tool_response""}"
validation,toolace-703::missing_tool,missing_tool,flight,missing_tool,37,0.75,1,"{""style"": ""flight"", ""reason"": ""required_tool_unavailable""}"
validation,toolace-386::tool_contradiction,tool_contradiction,number_substitution,tool_contradiction,3,0.3087071240105541,0,"{""style"": ""number_substitution"", ""source_value"": '150', ""new_value"": '172'}"
validation,toolace-386::overgeneration,overgeneration,unsupported_risk,overgeneration,68,0.21205357142857142,0,"{""style"": ""unsupported_risk"", ""reason"": ""claim_absent_from_tool_response""}"
validation,toolace-386::missing_tool,missing_tool,email,missing_tool,53,0.0,0,"{""style"": ""email"", ""reason"": ""required_tool_unavailable""}"
validation,toolace-283::tool_contradiction,tool_contradiction,number_substitution,tool_contradiction,2,0.08239700374531835,0,"{""style"": ""number_substitution"", ""source_value"": '85', ""new_value"": '98'}"
validation,toolace-283::overgeneration,overgeneration,unsupported_history,overgeneration,85,0.05459272097053726,0,"{""style"": ""unsupported_history"", ""reason"": ""claim_absent_from_tool_response""}"
validation,toolace-283::missing_tool,missing_tool,flight,missing_tool,37,0.9665461121157324,1,"{""style"": ""flight"", ""reason"": ""required_tool_unavailable""}"
validation,toolace-663::tool_contradiction,tool_contradiction,fallback_value,tool_contradiction,80,0.6506550218340611,1,"{""style"": ""fallback_value"", ""fallback"": true}"
validation,toolace-663::overgeneration,overgeneration,unsupported_cause,overgeneration,71,0.6772727272727272,1,"{""style"": ""unsupported_cause"", ""reason"": ""claim_absent_from_tool_response""}"
validation,toolace-663::missing_tool,missing_tool,hotel,missing_tool,52,0.0,0,"{""style"": ""hotel"", ""reason"": ""required_tool_unavailable""}"
validation,toolace-720::tool_contradiction,tool_contradiction,cross_field_value_swap,tool_contradiction,10,0.8333333333333334,0,"{""style"": ""cross_field_value_swap"", ""source_value"": 'temperature', ""new_value"": '2022-04-29'}"
validation,toolace-720::overgeneration,overgeneration,unsupported_user_reaction,overgeneration,73,0.7137254901960784,1,"{""style"": ""unsupported_user_reaction"", ""reason"": ""claim_absent_from_tool_response""}"
validation,toolace-720::missing_tool,missing_tool,calendar,missing_tool,49,0.7878787878787878,1,"{""style"": ""calendar"", ""reason"": ""required_tool_unavailable""}"
validation,toolace-490::tool_contradiction,tool_contradiction,entity_substitution,tool_contradiction,5,0.15840386940749698,0,"{""style"": ""entity_substitution"", ""source_value"": 'Get', ""new_value"": 'Dubai'}"
validation,toolace-490::overgeneration,overgeneration,unsupported_risk,overgeneration,68,0.9239373601789709,1,"{""style"": ""unsupported_risk"", ""reason"": ""claim_absent_from_tool_response""}"
validation,toolace-490::missing_tool,missing_tool,flight,missing_tool,37,0.0776361529548088,0,"{""style"": ""flight"", ""reason"": ""required_tool_unavailable""}"
validation,toolace-587::tool_contradiction,tool_contradiction,fallback_status,tool_contradiction,84,0.6945454545454546,1,"{""style"": ""fallback_status"", ""fallback"": true}"
validation,toolace-587::overgeneration,overgeneration,unsupported_guarantee,overgeneration,76,0.7153558052434457,1,"{""style"": ""unsupported_guarantee"", ""reason"": ""claim_absent_from_tool_response""}"
validation,toolace-587::missing_tool,missing_tool,hotel,missing_tool,52,0.4732510288065844,0,"{""style"": ""hotel"", ""reason"": ""required_tool_unavailable""}"
validation,toolace-711::tool_contradiction,tool_contradiction,fallback_opposite,tool_contradiction,67,0.49242424242424243,1,"{""style"": ""fallback_opposite"", ""fallback"": true}"
validation,toolace-711::overgeneration,overgeneration,unsupported_forecast,overgeneration,69,0.48507462686567165,1,"{""style"": ""unsupported_forecast"", ""reason"": ""claim_absent_from_tool_response""}"
validation,toolace-711::missing_tool,missing_tool,calendar,missing_tool,49,0.0,1,"{""style"": ""calendar"", ""reason"": ""required_tool_unavailable""}"
validation,toolace-250::tool_contradiction,tool_contradiction,code_substitution,tool_contradiction,5,0.32650273224043713,0,"{""style"": ""code_substitution"", ""source_value"": 'GOOGL', ""new_value"": 'GOOGX'}"
validation,toolace-250::overgeneration,overgeneration,unsupported_external_confirmation,overgeneration,71,0.9116915422885572,1,"{""style"": ""unsupported_external_confirmation"", ""reason"": ""claim_absent_from_tool_response""}"
validation,toolace-250::missing_tool,missing_tool,calendar,missing_tool,49,0.9373401534526854,1,"{""style"": ""calendar"", ""reason"": ""required_tool_unavailable""}"
validation,toolace-606::tool_contradiction,tool_contradiction,entity_substitution,tool_contradiction,6,0.47580645161290325,0,"{""style"": ""entity_substitution"", ""source_value"": 'Tower 1', ""new_value"": 'London'}"
validation,toolace-606::overgeneration,overgeneration,unsupported_comparison,overgeneration,80,0.0,1,"{""style"": ""unsupported_comparison"", ""reason"": ""claim_absent_from_tool_response""}"
validation,toolace-606::missing_tool,missing_tool,cancel,missing_tool,42,0.75,1,"{""style"": ""cancel"", ""reason"": ""required_tool_unavailable""}"
validation,toolace-538::tool_contradiction,tool_contradiction,fallback_status,tool_contradiction,84,0.0,1,"{""style"": ""fallback_status"", ""fallback"": true}"
validation,toolace-538::overgeneration,overgeneration,unsupported_forecast,overgeneration,69,0.0,1,"{""style"": ""unsupported_forecast"", ""reason"": ""claim_absent_from_tool_response""}"
validation,toolace-538::missing_tool,missing_tool,cancel,missing_tool,42,0.72,1,"{""style"": ""cancel"", ""reason"": ""required_tool_unavailable""}"
validation,toolace-216::tool_contradiction,tool_contradiction,number_substitution,tool_contradiction,4,0.6404494382022472,0,"{""style"": ""number_substitution"", ""source_value"": '0.45', ""new_value"": '1.45'}"
validation,toolace-216::overgeneration,overgeneration,unsupported_comparison,overgeneration,80,0.5294117647058824,1,"{""style"": ""unsupported_comparison"", ""reason"": ""claim_absent_from_tool_response""}"
validation,toolace-216::missing_tool,missing_tool,calendar,missing_tool,49,0.6474820143884892,1,"{""style"": ""calendar"", ""reason"": ""required_tool_unavailable""}"
validation,toolace-213::tool_contradiction,tool_contradiction,cross_field_value_swap,tool_contradiction,10,0.18705035971223022,0,"{""style"": ""cross_field_value_swap"", ""source_value"": 'adjust', ""new_value"": 'characters'}"
validation,toolace-213::overgeneration,overgeneration,unsupported_history,overgeneration,85,0.8296593186372746,1,"{""style"": ""unsupported_history"", ""reason"": ""claim_absent_from_tool_response""}"
validation,toolace-213::missing_tool,missing_tool,cancel,missing_tool,42,0.9078947368421053,1,"{""style"": ""cancel"", ""reason"": ""required_tool_unavailable""}"
validation,toolace-591::tool_contradiction,tool_contradiction,fallback_value,tool_contradiction,80,0.0,1,"{""style"": ""fallback_value"", ""fallback"": true}"
validation,toolace-591::overgeneration,overgeneration,unsupported_trend,overgeneration,60,0.0,0,"{""style"": ""unsupported_trend"", ""reason"": ""claim_absent_from_tool_response""}"
validation,toolace-591::missing_tool,missing_tool,calendar,missing_tool,49,0.65,1,"{""style"": ""calendar"", ""reason"": ""required_tool_unavailable""}"
validation,toolace-161::tool_contradiction,tool_contradiction,entity_substitution,tool_contradiction,6,0.44727272727272727,0,"{""style"": ""entity_substitution"", ""source_value"": 'Champion', ""new_value"": 'Sydney'}"
validation,toolace-161::overgeneration,overgeneration,unsupported_user_reaction,overgeneration,73,0.28205128205128205,0,"{""style"": ""unsupported_user_reaction"", ""reason"": ""claim_absent_from_tool_response""}"
validation,toolace-161::missing_tool,missing_tool,cancel,missing_tool,42,0.86875,1,"{""style"": ""cancel"", ""reason"": ""required_tool_unavailable""}"
validation,toolace-548::tool_contradiction,tool_contradiction,fallback_status,tool_contradiction,84,0.5172413793103449,1,"{""style"": ""fallback_status"", ""fallback"": true}"
validation,toolace-548::overgeneration,overgeneration,unsupported_forecast,overgeneration,69,0.5660377358490566,1,"{""style"": ""unsupported_forecast"", ""reason"": ""claim_absent_from_tool_response""}"
validation,toolace-548::missing_tool,missing_tool,flight,missing_tool,37,0.7086614173228346,1,"{""style"": ""flight"", ""reason"": ""required_tool_unavailable""}"
validation,toolace-177::tool_contradiction,tool_contradiction,entity_substitution,tool_contradiction,5,0.6748971193415638,0,"{""style"": ""entity_substitution"", ""source_value"": 'Information Technology', ""new_value"": 'Tokyo'}"
validation,toolace-177::overgeneration,overgeneration,unsupported_user_reaction,overgeneration,73,0.4431137724550898,0,"{""style"": ""unsupported_user_reaction"", ""reason"": ""claim_absent_from_tool_response""}"
validation,toolace-177::missing_tool,missing_tool,calendar,missing_tool,49,0.4774193548387097,0,"{""style"": ""calendar"", ""reason"": ""required_tool_unavailable""}"
validation,toolace-767::tool_contradiction,tool_contradiction,fallback_status,tool_contradiction,84,0.7073170731707317,1,"{""style"": ""fallback_status"", ""fallback"": true}"
validation,toolace-767::overgeneration,overgeneration,unsupported_user_reaction,overgeneration,73,0.0,0,"{""style"": ""unsupported_user_reaction"", ""reason"": ""claim_absent_from_tool_response""}"
validation,toolace-767::missing_tool,missing_tool,calendar,missing_tool,49,0.8055555555555556,1,"{""style"": ""calendar"", ""reason"": ""required_tool_unavailable""}"
validation,toolace-72::tool_contradiction,tool_contradiction,fallback_value,tool_contradiction,80,0.0,0,"{""style"": ""fallback_value"", ""fallback"": true}"
validation,toolace-72::overgeneration,overgeneration,unsupported_comparison,overgeneration,80,0.1039426523297491,0,"{""style"": ""unsupported_comparison"", ""reason"": ""claim_absent_from_tool_response""}"
validation,toolace-72::missing_tool,missing_tool,cancel,missing_tool,42,0.9192307692307692,1,"{""style"": ""cancel"", ""reason"": ""required_tool_unavailable""}"
validation,toolace-32::tool_contradiction,tool_contradiction,cross_field_value_swap,tool_contradiction,13,0.7332977017637627,0,"{""style"": ""cross_field_value_swap"", ""source_value"": 'discrimination', ""new_value"": 'Also known as'}"
validation,toolace-32::overgeneration,overgeneration,unsupported_cause,overgeneration,71,0.0,0,"{""style"": ""unsupported_cause"", ""reason"": ""claim_absent_from_tool_response""}"
validation,toolace-32::missing_tool,missing_tool,flight,missing_tool,37,0.9806282722513089,1,"{""style"": ""flight"", ""reason"": ""required_tool_unavailable""}"
validation,toolace-151::tool_contradiction,tool_contradiction,cross_field_value_swap,tool_contradiction,6,0.11014492753623188,0,"{""style"": ""cross_field_value_swap"", ""source_value"": 'and', ""new_value"": 'SFGATE'}"
validation,toolace-151::overgeneration,overgeneration,unsupported_risk,overgeneration,68,0.05812897366030881,0,"{""style"": ""unsupported_risk"", ""reason"": ""claim_absent_from_tool_response""}"
validation,toolace-151::missing_tool,missing_tool,flight,missing_tool,37,0.0,0,"{""style"": ""flight"", ""reason"": ""required_tool_unavailable""}"
validation,toolace-319::tool_contradiction,tool_contradiction,entity_substitution,tool_contradiction,6,0.5182648401826484,0,"{""style"": ""entity_substitution"", ""source_value"": 'Portuguese', ""new_value"": 'Boston'}"
validation,toolace-319::overgeneration,overgeneration,unsupported_forecast,overgeneration,69,0.607421875,0,"{""style"": ""unsupported_forecast"", ""reason"": ""claim_absent_from_tool_response""}"
validation,toolace-319::missing_tool,missing_tool,flight,missing_tool,37,0.6479166666666667,0,"{""style"": ""flight"", ""reason"": ""required_tool_unavailable""}"
validation,toolace-381::tool_contradiction,tool_contradiction,entity_substitution,tool_contradiction,5,0.035441278665740095,0,"{""style"": ""entity_substitution"", ""source_value"": 'Not', ""new_value"": 'Tokyo'}"
validation,toolace-381::overgeneration,overgeneration,unsupported_comparison,overgeneration,80,0.0230566534914361,0,"{""style"": ""unsupported_comparison"", ""reason"": ""claim_absent_from_tool_response""}"
validation,toolace-381::missing_tool,missing_tool,email,missing_tool,53,0.9644533869885983,1,"{""style"": ""email"", ""reason"": ""required_tool_unavailable""}"
validation,toolace-433::tool_contradiction,tool_contradiction,fallback_opposite,tool_contradiction,67,0.9254727474972191,1,"{""style"": ""fallback_opposite"", ""fallback"": true}"
validation,toolace-433::overgeneration,overgeneration,unsupported_comparison,overgeneration,80,0.0,0,"{""style"": ""unsupported_comparison"", ""reason"": ""claim_absent_from_tool_response""}"
validation,toolace-433::missing_tool,missing_tool,email,missing_tool,53,0.10847457627118644,0,"{""style"": ""email"", ""reason"": ""required_tool_unavailable""}"
validation,toolace-695::tool_contradiction,tool_contradiction,number_substitution,tool_contradiction,4,0.9788359788359788,0,"{""style"": ""number_substitution"", ""source_value"": '8.4', ""new_value"": '7.14'}"
validation,toolace-695::overgeneration,overgeneration,unsupported_recommendation,overgeneration,76,0.17841409691629956,0,"{""style"": ""unsupported_recommendation"", ""reason"": ""claim_absent_from_tool_response""}"
validation,toolace-695::missing_tool,missing_tool,email,missing_tool,53,0.0,0,"{""style"": ""email"", ""reason"": ""required_tool_unavailable""}"
validation,toolace-115::tool_contradiction,tool_contradiction,cross_field_value_swap,tool_contradiction,10,0.75,0,"{""style"": ""cross_field_value_swap"", ""source_value"": 'with', ""new_value"": '2023-10-02'}"
validation,toolace-115::overgeneration,overgeneration,unsupported_cause,overgeneration,71,0.36363636363636365,0,"{""style"": ""unsupported_cause"", ""reason"": ""claim_absent_from_tool_response""}"
validation,toolace-115::missing_tool,missing_tool,cancel,missing_tool,42,0.448,0,"{""style"": ""cancel"", ""reason"": ""required_tool_unavailable""}"
validation,toolace-550::tool_contradiction,tool_contradiction,fallback_status,tool_contradiction,84,0.49230769230769234,0,"{""style"": ""fallback_status"", ""fallback"": true}"
validation,toolace-550::overgeneration,overgeneration,unsupported_user_reaction,overgeneration,73,0.7068273092369478,1,"{""style"": ""unsupported_user_reaction"", ""reason"": ""claim_absent_from_tool_response""}"
validation,toolace-550::missing_tool,missing_tool,cancel,missing_tool,42,0.0,0,"{""style"": ""cancel"", ""reason"": ""required_tool_unavailable""}"
validation,toolace-397::tool_contradiction,tool_contradiction,cross_field_value_swap,tool_contradiction,12,0.5515151515151515,0,"{""style"": ""cross_field_value_swap"", ""source_value"": 'msg_001', ""new_value"": 'Send Message'}"
validation,toolace-397::overgeneration,overgeneration,unsupported_risk,overgeneration,68,0.7030567685589519,1,"{""style"": ""unsupported_risk"", ""reason"": ""claim_absent_from_tool_response""}"
validation,toolace-397::missing_tool,missing_tool,flight,missing_tool,37,0.03535353535353535,0,"{""style"": ""flight"", ""reason"": ""required_tool_unavailable""}"
validation,toolace-653::tool_contradiction,tool_contradiction,status_or_boolean_flip,tool_contradiction,3,0.13186813186813187,0,"{""style"": ""status_or_boolean_flip"", ""source_value"": 'high', ""new_value"": 'low'}"
validation,toolace-653::overgeneration,overgeneration,unsupported_recommendation,overgeneration,76,0.7834757834757835,1,"{""style"": ""unsupported_recommendation"", ""reason"": ""claim_absent_from_tool_response""}"
validation,toolace-653::missing_tool,missing_tool,calendar,missing_tool,49,0.8487654320987654,1,"{""style"": ""calendar"", ""reason"": ""required_tool_unavailable""}"
validation,toolace-0::tool_contradiction,tool_contradiction,number_substitution,tool_contradiction,8,0.541191381495564,0,"{""style"": ""number_substitution"", ""source_value"": '34479.60', ""new_value"": '39651.54'}"
validation,toolace-0::overgeneration,overgeneration,unsupported_risk,overgeneration,68,0.0641025641025641,0,"{""style"": ""unsupported_risk"", ""reason"": ""claim_absent_from_tool_response""}"
validation,toolace-0::missing_tool,missing_tool,cancel,missing_tool,42,0.9495192307692307,1,"{""style"": ""cancel"", ""reason"": ""required_tool_unavailable""}"
validation,toolace-59::tool_contradiction,tool_contradiction,entity_substitution,tool_contradiction,6,0.6451612903225806,0,"{""style"": ""entity_substitution"", ""source_value"": 'Format', ""new_value"": 'Sydney'}"
validation,toolace-59::overgeneration,overgeneration,unsupported_comparison,overgeneration,80,0.8992443324937027,1,"{""style"": ""unsupported_comparison"", ""reason"": ""claim_absent_from_tool_response""}"
validation,toolace-59::missing_tool,missing_tool,email,missing_tool,53,0.0,0,"{""style"": ""email"", ""reason"": ""required_tool_unavailable""}"
validation,toolace-598::tool_contradiction,tool_contradiction,fallback_opposite,tool_contradiction,67,0.7545787545787546,1,"{""style"": ""fallback_opposite"", ""fallback"": true}"
validation,toolace-598::overgeneration,overgeneration,unsupported_comparison,overgeneration,80,0.7202797202797203,1,"{""style"": ""unsupported_comparison"", ""reason"": ""claim_absent_from_tool_response""}"
validation,toolace-598::missing_tool,missing_tool,cancel,missing_tool,42,0.0,0,"{""style"": ""cancel"", ""reason"": ""required_tool_unavailable""}"
validation,toolace-247::tool_contradiction,tool_contradiction,number_substitution,tool_contradiction,10,0.225,0,"{""style"": ""number_substitution"", ""source_value"": '1234567890', ""new_value"": '1049382706'}"
validation,toolace-247::overgeneration,overgeneration,unsupported_user_reaction,overgeneration,73,0.0,0,"{""style"": ""unsupported_user_reaction"", ""reason"": ""claim_absent_from_tool_response""}"
validation,toolace-247::missing_tool,missing_tool,email,missing_tool,53,0.900749063670412,1,"{""style"": ""email"", ""reason"": ""required_tool_unavailable""}"
validation,toolace-443::tool_contradiction,tool_contradiction,entity_substitution,tool_contradiction,5,0.3604004449388209,0,"{""style"": ""entity_substitution"", ""source_value"": 'Andorra la Vella', ""new_value"": 'Dubai'}"
validation,toolace-443::overgeneration,overgeneration,unsupported_comparison,overgeneration,80,0.9192734611503531,1,"{""style"": ""unsupported_comparison"", ""reason"": ""claim_absent_from_tool_response""}"
validation,toolace-443::missing_tool,missing_tool,flight,missing_tool,37,0.0,0,"{""style"": ""flight"", ""reason"": ""required_tool_unavailable""}"
validation,toolace-696::tool_contradiction,tool_contradiction,fallback_value,tool_contradiction,80,0.19230769230769232,0,"{""style"": ""fallback_value"", ""fallback"": true}"
validation,toolace-696::overgeneration,overgeneration,unsupported_recommendation,overgeneration,76,0.0,0,"{""style"": ""unsupported_recommendation"", ""reason"": ""claim_absent_from_tool_response""}"
validation,toolace-696::missing_tool,missing_tool,cancel,missing_tool,42,0.2217741935483871,0,"{""style"": ""cancel"", ""reason"": ""required_tool_unavailable""}"
validation,toolace-796::tool_contradiction,tool_contradiction,fallback_value,tool_contradiction,80,0.754601226993865,1,"{""style"": ""fallback_value"", ""fallback"": true}"
validation,toolace-796::overgeneration,overgeneration,unsupported_user_reaction,overgeneration,73,0.0,0,"{""style"": ""unsupported_user_reaction"", ""reason"": ""claim_absent_from_tool_response""}"
validation,toolace-796::missing_tool,missing_tool,flight,missing_tool,37,0.0,0,"{""style"": ""flight"", ""reason"": ""required_tool_unavailable""}"
validation,toolace-739::tool_contradiction,tool_contradiction,fallback_value,tool_contradiction,80,0.5061728395061729,1,"{""style"": ""fallback_value"", ""fallback"": true}"
validation,toolace-739::overgeneration,overgeneration,unsupported_cause,overgeneration,71,0.0,1,"{""style"": ""unsupported_cause"", ""reason"": ""claim_absent_from_tool_response""}"
validation,toolace-739::missing_tool,missing_tool,cancel,missing_tool,42,0.6612903225806451,1,"{""style"": ""cancel"", ""reason"": ""required_tool_unavailable""}"
validation,toolace-763::tool_contradiction,tool_contradiction,fallback_opposite,tool_contradiction,67,0.7796052631578947,1,"{""style"": ""fallback_opposite"", ""fallback"": true}"
validation,toolace-763::overgeneration,overgeneration,unsupported_trend,overgeneration,60,0.0,0,"{""style"": ""unsupported_trend"", ""reason"": ""claim_absent_from_tool_response""}"
validation,toolace-763::missing_tool,missing_tool,cancel,missing_tool,42,0.8494623655913979,1,"{""style"": ""cancel"", ""reason"": ""required_tool_unavailable""}"
validation,toolace-373::tool_contradiction,tool_contradiction,number_substitution,tool_contradiction,19,0.18350515463917524,0,"{""style"": ""number_substitution"", ""source_value"": '7002634556977908485', ""new_value"": '8053029740524595200'}"
validation,toolace-373::overgeneration,overgeneration,unsupported_comparison,overgeneration,80,0.22791519434628976,0,"{""style"": ""unsupported_comparison"", ""reason"": ""claim_absent_from_tool_response""}"
validation,toolace-373::missing_tool,missing_tool,calendar,missing_tool,49,0.0,0,"{""style"": ""calendar"", ""reason"": ""required_tool_unavailable""}"
validation,toolace-196::tool_contradiction,tool_contradiction,entity_substitution,tool_contradiction,9,0.020348837209302327,0,"{""style"": ""entity_substitution"", ""source_value"": 'Tokyo', ""new_value"": 'Singapore'}"
validation,toolace-196::overgeneration,overgeneration,unsupported_risk,overgeneration,68,0.9096945551128818,1,"{""style"": ""unsupported_risk"", ""reason"": ""claim_absent_from_tool_response""}"
validation,toolace-196::missing_tool,missing_tool,calendar,missing_tool,49,0.1362397820163488,0,"{""style"": ""calendar"", ""reason"": ""required_tool_unavailable""}"
validation,toolace-568::tool_contradiction,tool_contradiction,fallback_status,tool_contradiction,84,0.0,0,"{""style"": ""fallback_status"", ""fallback"": true}"
validation,toolace-568::overgeneration,overgeneration,unsupported_guarantee,overgeneration,76,0.371900826446281,1,"{""style"": ""unsupported_guarantee"", ""reason"": ""claim_absent_from_tool_response""}"
validation,toolace-568::missing_tool,missing_tool,flight,missing_tool,37,0.5487804878048781,1,"{""style"": ""flight"", ""reason"": ""required_tool_unavailable""}"
validation,toolace-262::tool_contradiction,tool_contradiction,cross_field_value_swap,tool_contradiction,61,0.7395348837209302,0,"{""style"": ""cross_field_value_swap"", ""source_value"": 'Major technology firms announce new privacy measures amid growing public and regulatory scrutiny', ""new_value"": 'Global Economies Brace for Impact as Financial Markets Tumble'}"
validation,toolace-262::overgeneration,overgeneration,unsupported_risk,overgeneration,68,0.05186721991701245,0,"{""style"": ""unsupported_risk"", ""reason"": ""claim_absent_from_tool_response""}"
validation,toolace-262::missing_tool,missing_tool,email,missing_tool,53,0.05268703898840885,0,"{""style"": ""email"", ""reason"": ""required_tool_unavailable""}"
validation,toolace-561::tool_contradiction,tool_contradiction,entity_substitution,tool_contradiction,7,0.9519230769230769,0,"{""style"": ""entity_substitution"", ""source_value"": 'Elegant', ""new_value"": 'Beijing'}"
validation,toolace-561::overgeneration,overgeneration,unsupported_external_confirmation,overgeneration,71,0.0,0,"{""style"": ""unsupported_external_confirmation"", ""reason"": ""claim_absent_from_tool_response""}"
validation,toolace-561::missing_tool,missing_tool,flight,missing_tool,37,0.5934959349593496,0,"{""style"": ""flight"", ""reason"": ""required_tool_unavailable""}"
validation,toolace-707::tool_contradiction,tool_contradiction,fallback_status,tool_contradiction,84,0.654320987654321,1,"{""style"": ""fallback_status"", ""fallback"": true}"
validation,toolace-707::overgeneration,overgeneration,unsupported_history,overgeneration,85,0.0,0,"{""style"": ""unsupported_history"", ""reason"": ""claim_absent_from_tool_response""}"
validation,toolace-707::missing_tool,missing_tool,email,missing_tool,53,0.75,1,"{""style"": ""email"", ""reason"": ""required_tool_unavailable""}"
validation,toolace-100::tool_contradiction,tool_contradiction,code_substitution,tool_contradiction,4,0.31142857142857144,0,"{""style"": ""code_substitution"", ""source_value"": 'DOGE', ""new_value"": 'DOGX'}"
validation,toolace-100::overgeneration,overgeneration,unsupported_external_confirmation,overgeneration,71,0.0,0,"{""style"": ""unsupported_external_confirmation"", ""reason"": ""claim_absent_from_tool_response""}"
validation,toolace-100::missing_tool,missing_tool,flight,missing_tool,37,0.0,0,"{""style"": ""flight"", ""reason"": ""required_tool_unavailable""}"
validation,toolace-75::tool_contradiction,tool_contradiction,entity_substitution,tool_contradiction,6,0.8667466986794717,0,"{""style"": ""entity_substitution"", ""source_value"": 'Information', ""new_value"": 'London'}"
validation,toolace-75::overgeneration,overgeneration,unsupported_history,overgeneration,85,0.0,0,"{""style"": ""unsupported_history"", ""reason"": ""claim_absent_from_tool_response""}"
validation,toolace-75::missing_tool,missing_tool,hotel,missing_tool,52,0.941638608305275,1,"{""style"": ""hotel"", ""reason"": ""required_tool_unavailable""}"
validation,toolace-243::tool_contradiction,tool_contradiction,date_substitution,tool_contradiction,10,0.13425925925925927,0,"{""style"": ""date_substitution"", ""source_value"": '06/05/2022', ""new_value"": '09/05/2022'}"
validation,toolace-243::overgeneration,overgeneration,unsupported_trend,overgeneration,60,0.8782961460446247,1,"{""style"": ""unsupported_trend"", ""reason"": ""claim_absent_from_tool_response""}"
validation,toolace-243::missing_tool,missing_tool,cancel,missing_tool,42,0.0,0,"{""style"": ""cancel"", ""reason"": ""required_tool_unavailable""}"
validation,toolace-500::tool_contradiction,tool_contradiction,cross_field_value_swap,tool_contradiction,11,0.5508474576271186,0,"{""style"": ""cross_field_value_swap"", ""source_value"": 'and', ""new_value"": 'Electronics'}"
validation,toolace-500::overgeneration,overgeneration,unsupported_risk,overgeneration,68,0.13131313131313133,0,"{""style"": ""unsupported_risk"", ""reason"": ""claim_absent_from_tool_response""}"
validation,toolace-500::missing_tool,missing_tool,calendar,missing_tool,49,0.0,0,"{""style"": ""calendar"", ""reason"": ""required_tool_unavailable""}"
validation,toolace-765::tool_contradiction,tool_contradiction,cross_field_value_swap,tool_contradiction,12,0.3018867924528302,0,"{""style"": ""cross_field_value_swap"", ""source_value"": 'table', ""new_value"": 'surface_type'}"
validation,toolace-765::overgeneration,overgeneration,unsupported_cause,overgeneration,71,0.0,1,"{""style"": ""unsupported_cause"", ""reason"": ""claim_absent_from_tool_response""}"
validation,toolace-765::missing_tool,missing_tool,calendar,missing_tool,49,0.7574257425742574,1,"{""style"": ""calendar"", ""reason"": ""required_tool_unavailable""}"
validation,toolace-98::tool_contradiction,tool_contradiction,number_substitution,tool_contradiction,3,0.4358974358974359,0,"{""style"": ""number_substitution"", ""source_value"": '120', ""new_value"": '102'}"
validation,toolace-98::overgeneration,overgeneration,unsupported_trend,overgeneration,60,0.9011532125205931,1,"{""style"": ""unsupported_trend"", ""reason"": ""claim_absent_from_tool_response""}"
validation,toolace-98::missing_tool,missing_tool,cancel,missing_tool,42,0.13921901528013583,0,"{""style"": ""cancel"", ""reason"": ""required_tool_unavailable""}"
validation,toolace-783::tool_contradiction,tool_contradiction,fallback_opposite,tool_contradiction,67,0.0,0,"{""style"": ""fallback_opposite"", ""fallback"": true}"
validation,toolace-783::overgeneration,overgeneration,unsupported_cause,overgeneration,71,0.2689655172413793,0,"{""style"": ""unsupported_cause"", ""reason"": ""claim_absent_from_tool_response""}"
validation,toolace-783::missing_tool,missing_tool,cancel,missing_tool,42,0.8390804597701149,1,"{""style"": ""cancel"", ""reason"": ""required_tool_unavailable""}"
validation,toolace-742::tool_contradiction,tool_contradiction,fallback_value,tool_contradiction,80,0.6825396825396826,1,"{""style"": ""fallback_value"", ""fallback"": true}"
validation,toolace-742::overgeneration,overgeneration,unsupported_external_confirmation,overgeneration,71,0.7078189300411523,1,"{""style"": ""unsupported_external_confirmation"", ""reason"": ""claim_absent_from_tool_response""}"
validation,toolace-742::missing_tool,missing_tool,cancel,missing_tool,42,0.8037383177570093,1,"{""style"": ""cancel"", ""reason"": ""required_tool_unavailable""}"
validation,toolace-77::tool_contradiction,tool_contradiction,number_substitution,tool_contradiction,5,0.17863105175292154,0,"{""style"": ""number_substitution"", ""source_value"": '48.5', ""new_value"": '55.77'}"
validation,toolace-77::overgeneration,overgeneration,unsupported_risk,overgeneration,68,0.17091454272863568,0,"{""style"": ""unsupported_risk"", ""reason"": ""claim_absent_from_tool_response""}"
validation,toolace-77::missing_tool,missing_tool,cancel,missing_tool,42,0.17784711388455537,0,"{""style"": ""cancel"", ""reason"": ""required_tool_unavailable""}"
validation,toolace-203::tool_contradiction,tool_contradiction,number_substitution,tool_contradiction,3,0.38525564803804996,0,"{""style"": ""number_substitution"", ""source_value"": '375', ""new_value"": '431'}"
validation,toolace-203::overgeneration,overgeneration,unsupported_external_confirmation,overgeneration,71,0.9222343921139102,1,"{""style"": ""unsupported_external_confirmation"", ""reason"": ""claim_absent_from_tool_response""}"
validation,toolace-203::missing_tool,missing_tool,flight,missing_tool,37,0.0,0,"{""style"": ""flight"", ""reason"": ""required_tool_unavailable""}"
validation,toolace-108::tool_contradiction,tool_contradiction,code_substitution,tool_contradiction,8,0.24603174603174602,0,"{""style"": ""code_substitution"", ""source_value"": 'COVID-19', ""new_value"": 'COVID-1X'}"
validation,toolace-108::overgeneration,overgeneration,unsupported_user_reaction,overgeneration,73,0.0,0,"{""style"": ""unsupported_user_reaction"", ""reason"": ""claim_absent_from_tool_response""}"
validation,toolace-108::missing_tool,missing_tool,email,missing_tool,53,0.0,0,"{""style"": ""email"", ""reason"": ""required_tool_unavailable""}"
validation,toolace-61::tool_contradiction,tool_contradiction,number_substitution,tool_contradiction,4,0.5676741130091985,0,"{""style"": ""number_substitution"", ""source_value"": '2022', ""new_value"": '2325'}"
validation,toolace-61::overgeneration,overgeneration,unsupported_risk,overgeneration,68,0.9180722891566265,1,"{""style"": ""unsupported_risk"", ""reason"": ""claim_absent_from_tool_response""}"
validation,toolace-61::missing_tool,missing_tool,email,missing_tool,53,0.0,0,"{""style"": ""email"", ""reason"": ""required_tool_unavailable""}"
validation,toolace-33::tool_contradiction,tool_contradiction,cross_field_value_swap,tool_contradiction,33,0.6020583190394511,0,"{""style"": ""cross_field_value_swap"", ""source_value"": 'Formula 1 is all about speed and precision', ""new_value"": 'You have to fight for every point'}"
validation,toolace-33::overgeneration,overgeneration,unsupported_user_reaction,overgeneration,73,0.12462462462462462,0,"{""style"": ""unsupported_user_reaction"", ""reason"": ""claim_absent_from_tool_response""}"
validation,toolace-33::missing_tool,missing_tool,cancel,missing_tool,42,0.0,0,"{""style"": ""cancel"", ""reason"": ""required_tool_unavailable""}"
validation,toolace-588::tool_contradiction,tool_contradiction,cross_field_value_swap,tool_contradiction,12,0.4195804195804196,0,"{""style"": ""cross_field_value_swap"", ""source_value"": 'labels', ""new_value"": 'core_samples'}"
validation,toolace-588::overgeneration,overgeneration,unsupported_risk,overgeneration,68,0.6699029126213593,1,"{""style"": ""unsupported_risk"", ""reason"": ""claim_absent_from_tool_response""}"
validation,toolace-588::missing_tool,missing_tool,calendar,missing_tool,49,0.0,0,"{""style"": ""calendar"", ""reason"": ""required_tool_unavailable""}"
validation,toolace-531::tool_contradiction,tool_contradiction,fallback_status,tool_contradiction,84,0.0,0,"{""style"": ""fallback_status"", ""fallback"": true}"
validation,toolace-531::overgeneration,overgeneration,unsupported_recommendation,overgeneration,76,0.3259668508287293,0,"{""style"": ""unsupported_recommendation"", ""reason"": ""claim_absent_from_tool_response""}"
validation,toolace-531::missing_tool,missing_tool,email,missing_tool,53,0.37341772151898733,0,"{""style"": ""email"", ""reason"": ""required_tool_unavailable""}"
validation,toolace-692::tool_contradiction,tool_contradiction,entity_substitution,tool_contradiction,6,0.3815028901734104,0,"{""style"": ""entity_substitution"", ""source_value"": 'John Doe', ""new_value"": 'Berlin'}"
validation,toolace-692::overgeneration,overgeneration,unsupported_risk,overgeneration,68,0.38114754098360654,0,"{""style"": ""unsupported_risk"", ""reason"": ""claim_absent_from_tool_response""}"
validation,toolace-692::missing_tool,missing_tool,email,missing_tool,53,0.7685589519650655,1,"{""style"": ""email"", ""reason"": ""required_tool_unavailable""}"
validation,toolace-450::tool_contradiction,tool_contradiction,number_substitution,tool_contradiction,2,0.2667269439421338,0,"{""style"": ""number_substitution"", ""source_value"": '10', ""new_value"": '12'}"
validation,toolace-450::overgeneration,overgeneration,unsupported_recommendation,overgeneration,76,0.039729501267962805,0,"{""style"": ""unsupported_recommendation"", ""reason"": ""claim_absent_from_tool_response""}"
validation,toolace-450::missing_tool,missing_tool,cancel,missing_tool,42,0.9634464751958225,1,"{""style"": ""cancel"", ""reason"": ""required_tool_unavailable""}"
validation,toolace-454::tool_contradiction,tool_contradiction,code_substitution,tool_contradiction,6,0.11025641025641025,0,"{""style"": ""code_substitution"", ""source_value"": 'NASDAQ', ""new_value"": 'NASDAX'}"
validation,toolace-454::overgeneration,overgeneration,unsupported_cause,overgeneration,71,0.9166666666666666,1,"{""style"": ""unsupported_cause"", ""reason"": ""claim_absent_from_tool_response""}"
validation,toolace-454::missing_tool,missing_tool,flight,missing_tool,37,0.9547677261613692,1,"{""style"": ""flight"", ""reason"": ""required_tool_unavailable""}"
validation,toolace-157::tool_contradiction,tool_contradiction,cross_field_value_swap,tool_contradiction,15,0.4657039711191336,0,"{""style"": ""cross_field_value_swap"", ""source_value"": 'population', ""new_value"": 'Country Details'}"
validation,toolace-157::overgeneration,overgeneration,unsupported_comparison,overgeneration,80,0.773371104815864,1,"{""style"": ""unsupported_comparison"", ""reason"": ""claim_absent_from_tool_response""}"
validation,toolace-157::missing_tool,missing_tool,email,missing_tool,53,0.8374233128834356,1,"{""style"": ""email"", ""reason"": ""required_tool_unavailable""}"
validation,toolace-650::tool_contradiction,tool_contradiction,number_substitution,tool_contradiction,4,0.44375,0,"{""style"": ""number_substitution"", ""source_value"": '110.0', ""new_value"": '93.5'}"
validation,toolace-650::overgeneration,overgeneration,unsupported_forecast,overgeneration,69,0.341991341991342,0,"{""style"": ""unsupported_forecast"", ""reason"": ""claim_absent_from_tool_response""}"
validation,toolace-650::missing_tool,missing_tool,flight,missing_tool,37,0.3969849246231156,0,"{""style"": ""flight"", ""reason"": ""required_tool_unavailable""}"
validation,toolace-89::tool_contradiction,tool_contradiction,number_substitution,tool_contradiction,6,0.5,0,"{""style"": ""number_substitution"", ""source_value"": '157.26', ""new_value"": '133.67'}"
validation,toolace-89::overgeneration,overgeneration,unsupported_forecast,overgeneration,69,0.7,1,"{""style"": ""unsupported_forecast"", ""reason"": ""claim_absent_from_tool_response""}"
validation,toolace-89::missing_tool,missing_tool,cancel,missing_tool,42,0.7931034482758621,1,"{""style"": ""cancel"", ""reason"": ""required_tool_unavailable""}"
validation,toolace-786::tool_contradiction,tool_contradiction,number_substitution,tool_contradiction,4,0.3710691823899371,0,"{""style"": ""number_substitution"", ""source_value"": '2015', ""new_value"": '2317'}"
validation,toolace-786::overgeneration,overgeneration,unsupported_trend,overgeneration,60,0.7272727272727273,1,"{""style"": ""unsupported_trend"", ""reason"": ""claim_absent_from_tool_response""}"
validation,toolace-786::missing_tool,missing_tool,email,missing_tool,53,0.7511737089201878,1,"{""style"": ""email"", ""reason"": ""required_tool_unavailable""}"
validation,toolace-68::tool_contradiction,tool_contradiction,entity_substitution,tool_contradiction,6,0.7155172413793104,0,"{""style"": ""entity_substitution"", ""source_value"": 'JVBERi0xLjQKJeLjz9MKMSAwIG9iago8PC9UeXBlIC9QYWdlc', ""new_value"": 'Berlin'}"
validation,toolace-68::overgeneration,overgeneration,unsupported_comparison,overgeneration,80,0.0,0,"{""style"": ""unsupported_comparison"", ""reason"": ""claim_absent_from_tool_response""}"
validation,toolace-68::missing_tool,missing_tool,flight,missing_tool,37,0.0,0,"{""style"": ""flight"", ""reason"": ""required_tool_unavailable""}"
validation,toolace-239::tool_contradiction,tool_contradiction,code_substitution,tool_contradiction,4,0.5393939393939394,0,"{""style"": ""code_substitution"", ""source_value"": 'APPL', ""new_value"": 'APPX'}"
validation,toolace-239::overgeneration,overgeneration,unsupported_trend,overgeneration,60,0.0,0,"{""style"": ""unsupported_trend"", ""reason"": ""claim_absent_from_tool_response""}"
validation,toolace-239::missing_tool,missing_tool,calendar,missing_tool,49,0.413953488372093,0,"{""style"": ""calendar"", ""reason"": ""required_tool_unavailable""}"
validation,toolace-2::tool_contradiction,tool_contradiction,fallback_value,tool_contradiction,80,0.8800599700149925,1,"{""style"": ""fallback_value"", ""fallback"": true}"
validation,toolace-2::overgeneration,overgeneration,unsupported_external_confirmation,overgeneration,71,0.89209726443769,1,"{""style"": ""unsupported_external_confirmation"", ""reason"": ""claim_absent_from_tool_response""}"
validation,toolace-2::missing_tool,missing_tool,flight,missing_tool,37,0.7868589743589743,0,"{""style"": ""flight"", ""reason"": ""required_tool_unavailable""}"
validation,toolace-141::tool_contradiction,tool_contradiction,number_substitution,tool_contradiction,4,0.1011764705882353,0,"{""style"": ""number_substitution"", ""source_value"": '2026', ""new_value"": '2330'}"
validation,toolace-141::overgeneration,overgeneration,unsupported_recommendation,overgeneration,76,0.0,0,"{""style"": ""unsupported_recommendation"", ""reason"": ""claim_absent_from_tool_response""}"
validation,toolace-141::missing_tool,missing_tool,email,missing_tool,53,0.11283185840707964,0,"{""style"": ""email"", ""reason"": ""required_tool_unavailable""}"
validation,toolace-182::tool_contradiction,tool_contradiction,date_substitution,tool_contradiction,10,0.9683698296836983,0,"{""style"": ""date_substitution"", ""source_value"": '2021-03-08', ""new_value"": '2021-03-11'}"
validation,toolace-182::overgeneration,overgeneration,unsupported_trend,overgeneration,60,0.13559322033898305,0,"{""style"": ""unsupported_trend"", ""reason"": ""claim_absent_from_tool_response""}"
validation,toolace-182::missing_tool,missing_tool,flight,missing_tool,37,0.14253897550111358,0,"{""style"": ""flight"", ""reason"": ""required_tool_unavailable""}"
validation,toolace-555::tool_contradiction,tool_contradiction,number_substitution,tool_contradiction,2,0.44096385542168676,0,"{""style"": ""number_substitution"", ""source_value"": '15', ""new_value"": '17'}"
validation,toolace-555::overgeneration,overgeneration,unsupported_trend,overgeneration,60,0.0,0,"{""style"": ""unsupported_trend"", ""reason"": ""claim_absent_from_tool_response""}"
validation,toolace-555::missing_tool,missing_tool,email,missing_tool,53,0.8869936034115139,1,"{""style"": ""email"", ""reason"": ""required_tool_unavailable""}"
validation,toolace-57::tool_contradiction,tool_contradiction,entity_substitution,tool_contradiction,8,0.21825962910128388,0,"{""style"": ""entity_substitution"", ""source_value"": 'Automobile Manufacturers', ""new_value"": 'New York'}"
validation,toolace-57::overgeneration,overgeneration,unsupported_risk,overgeneration,68,0.9134860050890585,1,"{""style"": ""unsupported_risk"", ""reason"": ""claim_absent_from_tool_response""}"
validation,toolace-57::missing_tool,missing_tool,email,missing_tool,53,0.9312581063553826,1,"{""style"": ""email"", ""reason"": ""required_tool_unavailable""}"
validation,toolace-225::tool_contradiction,tool_contradiction,entity_substitution,tool_contradiction,9,0.7748917748917749,0,"{""style"": ""entity_substitution"", ""source_value"": 'This', ""new_value"": 'Amsterdam'}"
validation,toolace-225::overgeneration,overgeneration,unsupported_external_confirmation,overgeneration,71,0.0,0,"{""style"": ""unsupported_external_confirmation"", ""reason"": ""claim_absent_from_tool_response""}"
validation,toolace-225::missing_tool,missing_tool,cancel,missing_tool,42,0.8438661710037175,1,"{""style"": ""cancel"", ""reason"": ""required_tool_unavailable""}"
validation,toolace-729::tool_contradiction,tool_contradiction,cross_field_value_swap,tool_contradiction,21,0.5597014925373134,0,"{""style"": ""cross_field_value_swap"", ""source_value"": 'successfully', ""new_value"": 'dynamicShortcutLoader'}"
validation,toolace-729::overgeneration,overgeneration,unsupported_trend,overgeneration,60,0.0,1,"{""style"": ""unsupported_trend"", ""reason"": ""claim_absent_from_tool_response""}"
validation,toolace-729::missing_tool,missing_tool,calendar,missing_tool,49,0.72,1,"{""style"": ""calendar"", ""reason"": ""required_tool_unavailable""}"
validation,toolace-762::tool_contradiction,tool_contradiction,entity_substitution,tool_contradiction,6,0.053811659192825115,0,"{""style"": ""entity_substitution"", ""source_value"": 'The Midnight Mirage', ""new_value"": 'London'}"
validation,toolace-762::overgeneration,overgeneration,unsupported_external_confirmation,overgeneration,71,0.7694805194805194,1,"{""style"": ""unsupported_external_confirmation"", ""reason"": ""claim_absent_from_tool_response""}"
validation,toolace-762::missing_tool,missing_tool,cancel,missing_tool,42,0.0,1,"{""style"": ""cancel"", ""reason"": ""required_tool_unavailable""}"
validation,toolace-467::tool_contradiction,tool_contradiction,entity_substitution,tool_contradiction,8,0.0712401055408971,0,"{""style"": ""entity_substitution"", ""source_value"": 'Email', ""new_value"": 'New York'}"
validation,toolace-467::overgeneration,overgeneration,unsupported_risk,overgeneration,68,0.8471910112359551,1,"{""style"": ""unsupported_risk"", ""reason"": ""claim_absent_from_tool_response""}"
validation,toolace-467::missing_tool,missing_tool,hotel,missing_tool,52,0.1655011655011655,0,"{""style"": ""hotel"", ""reason"": ""required_tool_unavailable""}"
validation,toolace-639::tool_contradiction,tool_contradiction,cross_field_value_swap,tool_contradiction,17,0.7712264150943396,0,"{""style"": ""cross_field_value_swap"", ""source_value"": 'adjustments', ""new_value"": 'assessment_result'}"
validation,toolace-639::overgeneration,overgeneration,unsupported_risk,overgeneration,68,0.2587268993839836,0,"{""style"": ""unsupported_risk"", ""reason"": ""claim_absent_from_tool_response""}"
validation,toolace-639::missing_tool,missing_tool,cancel,missing_tool,42,0.27331887201735355,0,"{""style"": ""cancel"", ""reason"": ""required_tool_unavailable""}"
validation,toolace-495::tool_contradiction,tool_contradiction,fallback_status,tool_contradiction,84,0.0,1,"{""style"": ""fallback_status"", ""fallback"": true}"
validation,toolace-495::overgeneration,overgeneration,unsupported_recommendation,overgeneration,76,0.5128205128205128,1,"{""style"": ""unsupported_recommendation"", ""reason"": ""claim_absent_from_tool_response""}"
validation,toolace-495::missing_tool,missing_tool,cancel,missing_tool,42,0.0,1,"{""style"": ""cancel"", ""reason"": ""required_tool_unavailable""}"
validation,toolace-64::tool_contradiction,tool_contradiction,number_substitution,tool_contradiction,3,0.8699186991869918,0,"{""style"": ""number_substitution"", ""source_value"": '320', ""new_value"": '272'}"
validation,toolace-64::overgeneration,overgeneration,unsupported_cause,overgeneration,71,0.6358974358974359,1,"{""style"": ""unsupported_cause"", ""reason"": ""claim_absent_from_tool_response""}"
validation,toolace-64::missing_tool,missing_tool,flight,missing_tool,37,0.7701863354037267,1,"{""style"": ""flight"", ""reason"": ""required_tool_unavailable""}"
validation,toolace-340::tool_contradiction,tool_contradiction,entity_substitution,tool_contradiction,7,0.5838150289017341,0,"{""style"": ""entity_substitution"", ""source_value"": 'Download&File', ""new_value"": 'Chicago'}"
validation,toolace-340::overgeneration,overgeneration,unsupported_external_confirmation,overgeneration,71,0.06132075471698113,0,"{""style"": ""unsupported_external_confirmation"", ""reason"": ""claim_absent_from_tool_response""}"
validation,toolace-340::missing_tool,missing_tool,cancel,missing_tool,42,0.8936708860759494,1,"{""style"": ""cancel"", ""reason"": ""required_tool_unavailable""}"
validation,toolace-597::tool_contradiction,tool_contradiction,cross_field_value_swap,tool_contradiction,22,0.47953216374269003,0,"{""style"": ""cross_field_value_swap"", ""source_value"": 'osteosarcoma', ""new_value"": 'getOralPathologyReport'}"
validation,toolace-597::overgeneration,overgeneration,unsupported_cause,overgeneration,71,0.6952789699570815,1,"{""style"": ""unsupported_cause"", ""reason"": ""claim_absent_from_tool_response""}"
validation,toolace-597::missing_tool,missing_tool,email,missing_tool,53,0.7534883720930232,1,"{""style"": ""email"", ""reason"": ""required_tool_unavailable""}"
validation,toolace-797::tool_contradiction,tool_contradiction,fallback_opposite,tool_contradiction,67,0.34841628959276016,0,"{""style"": ""fallback_opposite"", ""fallback"": true}"
validation,toolace-797::overgeneration,overgeneration,unsupported_history,overgeneration,85,0.6443514644351465,1,"{""style"": ""unsupported_history"", ""reason"": ""claim_absent_from_tool_response""}"
validation,toolace-797::missing_tool,missing_tool,flight,missing_tool,37,0.0,0,"{""style"": ""flight"", ""reason"": ""required_tool_unavailable""}"
validation,toolace-325::tool_contradiction,tool_contradiction,number_substitution,tool_contradiction,2,0.4562289562289562,0,"{""style"": ""number_substitution"", ""source_value"": '76', ""new_value"": '87'}"
validation,toolace-325::overgeneration,overgeneration,unsupported_user_reaction,overgeneration,73,0.07934131736526946,0,"{""style"": ""unsupported_user_reaction"", ""reason"": ""claim_absent_from_tool_response""}"
validation,toolace-325::missing_tool,missing_tool,cancel,missing_tool,42,0.0,0,"{""style"": ""cancel"", ""reason"": ""required_tool_unavailable""}"
validation,toolace-92::tool_contradiction,tool_contradiction,date_substitution,tool_contradiction,10,0.29562982005141386,0,"{""style"": ""date_substitution"", ""source_value"": '2020-06-01', ""new_value"": '2020-06-04'}"
validation,toolace-92::overgeneration,overgeneration,unsupported_recommendation,overgeneration,76,0.9111111111111111,1,"{""style"": ""unsupported_recommendation"", ""reason"": ""claim_absent_from_tool_response""}"
validation,toolace-92::missing_tool,missing_tool,calendar,missing_tool,49,0.0,0,"{""style"": ""calendar"", ""reason"": ""required_tool_unavailable""}"
test,toolace-342::tool_contradiction,tool_contradiction,fallback_status,tool_contradiction,84,0.2328519855595668,0,"{""style"": ""fallback_status"", ""fallback"": true}"
test,toolace-342::overgeneration,overgeneration,unsupported_risk,overgeneration,68,0.0,0,"{""style"": ""unsupported_risk"", ""reason"": ""claim_absent_from_tool_response""}"
test,toolace-342::missing_tool,missing_tool,hotel,missing_tool,52,0.0,0,"{""style"": ""hotel"", ""reason"": ""required_tool_unavailable""}"
test,toolace-23::tool_contradiction,tool_contradiction,number_substitution,tool_contradiction,6,0.27611044417767105,0,"{""style"": ""number_substitution"", ""source_value"": '120.75', ""new_value"": '138.86'}"
test,toolace-23::overgeneration,overgeneration,unsupported_external_confirmation,overgeneration,71,0.0,0,"{""style"": ""unsupported_external_confirmation"", ""reason"": ""claim_absent_from_tool_response""}"
test,toolace-23::missing_tool,missing_tool,flight,missing_tool,37,0.0,0,"{""style"": ""flight"", ""reason"": ""required_tool_unavailable""}"
test,toolace-522::tool_contradiction,tool_contradiction,cross_field_value_swap,tool_contradiction,11,0.8830188679245283,0,"{""style"": ""cross_field_value_swap"", ""source_value"": 'with', ""new_value"": 'scanResults'}"
test,toolace-522::overgeneration,overgeneration,unsupported_risk,overgeneration,68,0.40978593272171254,0,"{""style"": ""unsupported_risk"", ""reason"": ""claim_absent_from_tool_response""}"
test,toolace-522::missing_tool,missing_tool,email,missing_tool,53,0.8301282051282052,1,"{""style"": ""email"", ""reason"": ""required_tool_unavailable""}"
test,toolace-694::tool_contradiction,tool_contradiction,cross_field_value_swap,tool_contradiction,11,0.6711409395973155,0,"{""style"": ""cross_field_value_swap"", ""source_value"": 'expenses', ""new_value"": 'description'}"
test,toolace-694::overgeneration,overgeneration,unsupported_guarantee,overgeneration,76,0.0,1,"{""style"": ""unsupported_guarantee"", ""reason"": ""claim_absent_from_tool_response""}"
test,toolace-694::missing_tool,missing_tool,flight,missing_tool,37,0.7989130434782609,1,"{""style"": ""flight"", ""reason"": ""required_tool_unavailable""}"
test,toolace-464::tool_contradiction,tool_contradiction,entity_substitution,tool_contradiction,7,0.776595744680851,0,"{""style"": ""entity_substitution"", ""source_value"": 'Learning', ""new_value"": 'Chicago'}"
test,toolace-464::overgeneration,overgeneration,unsupported_trend,overgeneration,60,0.9166666666666666,1,"{""style"": ""unsupported_trend"", ""reason"": ""claim_absent_from_tool_response""}"
test,toolace-464::missing_tool,missing_tool,flight,missing_tool,37,0.15781922525107603,0,"{""style"": ""flight"", ""reason"": ""required_tool_unavailable""}"
test,toolace-560::tool_contradiction,tool_contradiction,entity_substitution,tool_contradiction,6,0.16,0,"{""style"": ""entity_substitution"", ""source_value"": 'Pulp Fiction', ""new_value"": 'Sydney'}"
test,toolace-560::overgeneration,overgeneration,unsupported_external_confirmation,overgeneration,71,0.6885964912280702,1,"{""style"": ""unsupported_external_confirmation"", ""reason"": ""claim_absent_from_tool_response""}"
test,toolace-560::missing_tool,missing_tool,cancel,missing_tool,42,0.7889447236180904,1,"{""style"": ""cancel"", ""reason"": ""required_tool_unavailable""}"
test,toolace-705::tool_contradiction,tool_contradiction,fallback_value,tool_contradiction,80,0.2606060606060606,0,"{""style"": ""fallback_value"", ""fallback"": true}"
test,toolace-705::overgeneration,overgeneration,unsupported_comparison,overgeneration,80,0.8383838383838383,1,"{""style"": ""unsupported_comparison"", ""reason"": ""claim_absent_from_tool_response""}"
test,toolace-705::missing_tool,missing_tool,email,missing_tool,53,0.27564102564102566,0,"{""style"": ""email"", ""reason"": ""required_tool_unavailable""}"
test,toolace-294::tool_contradiction,tool_contradiction,number_substitution,tool_contradiction,4,0.26749435665914223,0,"{""style"": ""number_substitution"", ""source_value"": '2023', ""new_value"": '2326'}"
test,toolace-294::overgeneration,overgeneration,unsupported_recommendation,overgeneration,76,0.09968847352024922,0,"{""style"": ""unsupported_recommendation"", ""reason"": ""claim_absent_from_tool_response""}"
test,toolace-294::missing_tool,missing_tool,flight,missing_tool,37,0.95995670995671,1,"{""style"": ""flight"", ""reason"": ""required_tool_unavailable""}"
test,toolace-389::tool_contradiction,tool_contradiction,cross_field_value_swap,tool_contradiction,17,0.2584745762711864,0,"{""style"": ""cross_field_value_swap"", ""source_value"": 'john.doe@example.com', ""new_value"": 'Retrieve Own User'}"
test,toolace-389::overgeneration,overgeneration,unsupported_cause,overgeneration,71,0.7717041800643086,1,"{""style"": ""unsupported_cause"", ""reason"": ""claim_absent_from_tool_response""}"
test,toolace-389::missing_tool,missing_tool,flight,missing_tool,37,0.8664259927797834,1,"{""style"": ""flight"", ""reason"": ""required_tool_unavailable""}"
test,toolace-622::tool_contradiction,tool_contradiction,fallback_status,tool_contradiction,84,0.22932330827067668,0,"{""style"": ""fallback_status"", ""fallback"": true}"
test,toolace-622::overgeneration,overgeneration,unsupported_user_reaction,overgeneration,73,0.23921568627450981,0,"{""style"": ""unsupported_user_reaction"", ""reason"": ""claim_absent_from_tool_response""}"
test,toolace-622::missing_tool,missing_tool,calendar,missing_tool,49,0.7878787878787878,1,"{""style"": ""calendar"", ""reason"": ""required_tool_unavailable""}"
test,toolace-293::tool_contradiction,tool_contradiction,fallback_value,tool_contradiction,80,0.0,0,"{""style"": ""fallback_value"", ""fallback"": true}"
test,toolace-293::overgeneration,overgeneration,unsupported_external_confirmation,overgeneration,71,0.0,0,"{""style"": ""unsupported_external_confirmation"", ""reason"": ""claim_absent_from_tool_response""}"
test,toolace-293::missing_tool,missing_tool,email,missing_tool,53,0.9323116219667944,1,"{""style"": ""email"", ""reason"": ""required_tool_unavailable""}"
test,toolace-159::tool_contradiction,tool_contradiction,cross_field_value_swap,tool_contradiction,4,0.5780346820809249,0,"{""style"": ""cross_field_value_swap"", ""source_value"": 'activities', ""new_value"": 'USDT'}"
test,toolace-159::overgeneration,overgeneration,unsupported_cause,overgeneration,71,0.4818181818181818,0,"{""style"": ""unsupported_cause"", ""reason"": ""claim_absent_from_tool_response""}"
test,toolace-159::missing_tool,missing_tool,cancel,missing_tool,42,0.9433198380566802,1,"{""style"": ""cancel"", ""reason"": ""required_tool_unavailable""}"
test,toolace-345::tool_contradiction,tool_contradiction,number_substitution,tool_contradiction,8,0.22458270106221548,0,"{""style"": ""number_substitution"", ""source_value"": '15689.23', ""new_value"": '13335.85'}"
test,toolace-345::overgeneration,overgeneration,unsupported_forecast,overgeneration,69,0.9053497942386831,1,"{""style"": ""unsupported_forecast"", ""reason"": ""claim_absent_from_tool_response""}"
test,toolace-345::missing_tool,missing_tool,flight,missing_tool,37,0.9469153515064562,1,"{""style"": ""flight"", ""reason"": ""required_tool_unavailable""}"
test,toolace-469::tool_contradiction,tool_contradiction,number_substitution,tool_contradiction,5,0.43004418262150224,0,"{""style"": ""number_substitution"", ""source_value"": '19.99', ""new_value"": '16.99'}"
test,toolace-469::overgeneration,overgeneration,unsupported_guarantee,overgeneration,76,0.22354497354497355,0,"{""style"": ""unsupported_guarantee"", ""reason"": ""claim_absent_from_tool_response""}"
test,toolace-469::missing_tool,missing_tool,calendar,missing_tool,49,0.0,0,"{""style"": ""calendar"", ""reason"": ""required_tool_unavailable""}"
test,toolace-39::tool_contradiction,tool_contradiction,entity_substitution,tool_contradiction,7,0.043478260869565216,0,"{""style"": ""entity_substitution"", ""source_value"": 'NBA', ""new_value"": 'BEIJING'}"
test,toolace-39::overgeneration,overgeneration,unsupported_user_reaction,overgeneration,73,0.8021680216802168,1,"{""style"": ""unsupported_user_reaction"", ""reason"": ""claim_absent_from_tool_response""}"
test,toolace-39::missing_tool,missing_tool,cancel,missing_tool,42,0.8757396449704142,1,"{""style"": ""cancel"", ""reason"": ""required_tool_unavailable""}"
test,toolace-84::tool_contradiction,tool_contradiction,number_substitution,tool_contradiction,4,0.19965576592082615,0,"{""style"": ""number_substitution"", ""source_value"": '18.0', ""new_value"": '15.3'}"
test,toolace-84::overgeneration,overgeneration,unsupported_external_confirmation,overgeneration,71,0.9424635332252836,1,"{""style"": ""unsupported_external_confirmation"", ""reason"": ""claim_absent_from_tool_response""}"
test,toolace-84::missing_tool,missing_tool,cancel,missing_tool,42,0.0,0,"{""style"": ""cancel"", ""reason"": ""required_tool_unavailable""}"
test,toolace-309::tool_contradiction,tool_contradiction,entity_substitution,tool_contradiction,9,0.05752212389380531,0,"{""style"": ""entity_substitution"", ""source_value"": 'Stranger Things', ""new_value"": 'Amsterdam'}"
test,toolace-309::overgeneration,overgeneration,unsupported_risk,overgeneration,68,0.19101123595505617,0,"{""style"": ""unsupported_risk"", ""reason"": ""claim_absent_from_tool_response""}"
test,toolace-309::missing_tool,missing_tool,cancel,missing_tool,42,0.9559286463798531,1,"{""style"": ""cancel"", ""reason"": ""required_tool_unavailable""}"
test,toolace-15::tool_contradiction,tool_contradiction,date_substitution,tool_contradiction,10,0.7647058823529411,0,"{""style"": ""date_substitution"", ""source_value"": '2025-04-05', ""new_value"": '2025-04-08'}"
test,toolace-15::overgeneration,overgeneration,unsupported_history,overgeneration,85,0.5029239766081871,1,"{""style"": ""unsupported_history"", ""reason"": ""claim_absent_from_tool_response""}"
test,toolace-15::missing_tool,missing_tool,cancel,missing_tool,42,0.671875,1,"{""style"": ""cancel"", ""reason"": ""required_tool_unavailable""}"
test,toolace-398::tool_contradiction,tool_contradiction,number_substitution,tool_contradiction,2,0.056105610561056105,0,"{""style"": ""number_substitution"", ""source_value"": '10', ""new_value"": '12'}"
test,toolace-398::overgeneration,overgeneration,unsupported_external_confirmation,overgeneration,71,0.2,0,"{""style"": ""unsupported_external_confirmation"", ""reason"": ""claim_absent_from_tool_response""}"
test,toolace-398::missing_tool,missing_tool,calendar,missing_tool,49,0.8611898016997167,1,"{""style"": ""calendar"", ""reason"": ""required_tool_unavailable""}"
test,toolace-30::tool_contradiction,tool_contradiction,cross_field_value_swap,tool_contradiction,9,0.08292682926829269,0,"{""style"": ""cross_field_value_swap"", ""source_value"": 'the', ""new_value"": 'timestamp'}"
test,toolace-30::overgeneration,overgeneration,unsupported_cause,overgeneration,71,0.5387453874538746,0,"{""style"": ""unsupported_cause"", ""reason"": ""claim_absent_from_tool_response""}"
test,toolace-30::missing_tool,missing_tool,email,missing_tool,53,0.0,0,"{""style"": ""email"", ""reason"": ""required_tool_unavailable""}"
test,toolace-613::tool_contradiction,tool_contradiction,cross_field_value_swap,tool_contradiction,8,0.0,0,"{""style"": ""cross_field_value_swap"", ""source_value"": 'the', ""new_value"": 'provided'}"
test,toolace-613::overgeneration,overgeneration,unsupported_guarantee,overgeneration,76,0.62,1,"{""style"": ""unsupported_guarantee"", ""reason"": ""claim_absent_from_tool_response""}"
test,toolace-613::missing_tool,missing_tool,calendar,missing_tool,49,0.7167630057803468,1,"{""style"": ""calendar"", ""reason"": ""required_tool_unavailable""}"
test,toolace-691::tool_contradiction,tool_contradiction,fallback_status,tool_contradiction,84,0.4126984126984127,0,"{""style"": ""fallback_status"", ""fallback"": true}"
test,toolace-691::overgeneration,overgeneration,unsupported_history,overgeneration,85,0.0,0,"{""style"": ""unsupported_history"", ""reason"": ""claim_absent_from_tool_response""}"
test,toolace-691::missing_tool,missing_tool,flight,missing_tool,37,0.0,0,"{""style"": ""flight"", ""reason"": ""required_tool_unavailable""}"
test,toolace-347::tool_contradiction,tool_contradiction,entity_substitution,tool_contradiction,5,0.3333333333333333,0,"{""style"": ""entity_substitution"", ""source_value"": 'United States', ""new_value"": 'Paris'}"
test,toolace-347::overgeneration,overgeneration,unsupported_guarantee,overgeneration,76,0.8563327032136105,1,"{""style"": ""unsupported_guarantee"", ""reason"": ""claim_absent_from_tool_response""}"
test,toolace-347::missing_tool,missing_tool,cancel,missing_tool,42,0.0,0,"{""style"": ""cancel"", ""reason"": ""required_tool_unavailable""}"
test,toolace-449::tool_contradiction,tool_contradiction,number_substitution,tool_contradiction,6,0.3477157360406091,0,"{""style"": ""number_substitution"", ""source_value"": '95113', ""new_value"": '109380'}"
test,toolace-449::overgeneration,overgeneration,unsupported_cause,overgeneration,71,0.07661612130885874,0,"{""style"": ""unsupported_cause"", ""reason"": ""claim_absent_from_tool_response""}"
test,toolace-449::missing_tool,missing_tool,flight,missing_tool,37,0.07875307629204266,0,"{""style"": ""flight"", ""reason"": ""required_tool_unavailable""}"
test,toolace-526::tool_contradiction,tool_contradiction,fallback_status,tool_contradiction,84,0.3225806451612903,1,"{""style"": ""fallback_status"", ""fallback"": true}"
test,toolace-526::overgeneration,overgeneration,unsupported_history,overgeneration,85,0.32,1,"{""style"": ""unsupported_history"", ""reason"": ""claim_absent_from_tool_response""}"
test,toolace-526::missing_tool,missing_tool,email,missing_tool,53,0.43010752688172044,1,"{""style"": ""email"", ""reason"": ""required_tool_unavailable""}"
test,toolace-249::tool_contradiction,tool_contradiction,fallback_status,tool_contradiction,84,0.0,0,"{""style"": ""fallback_status"", ""fallback"": true}"
test,toolace-249::overgeneration,overgeneration,unsupported_history,overgeneration,85,0.0,0,"{""style"": ""unsupported_history"", ""reason"": ""claim_absent_from_tool_response""}"
test,toolace-249::missing_tool,missing_tool,calendar,missing_tool,49,0.902970297029703,1,"{""style"": ""calendar"", ""reason"": ""required_tool_unavailable""}"
test,toolace-94::tool_contradiction,tool_contradiction,number_substitution,tool_contradiction,4,0.7540983606557377,0,"{""style"": ""number_substitution"", ""source_value"": '1.25', ""new_value"": '0.25'}"
test,toolace-94::overgeneration,overgeneration,unsupported_trend,overgeneration,60,0.0,0,"{""style"": ""unsupported_trend"", ""reason"": ""claim_absent_from_tool_response""}"
test,toolace-94::missing_tool,missing_tool,calendar,missing_tool,49,0.5585585585585585,1,"{""style"": ""calendar"", ""reason"": ""required_tool_unavailable""}"
test,toolace-592::tool_contradiction,tool_contradiction,fallback_opposite,tool_contradiction,67,0.4765625,1,"{""style"": ""fallback_opposite"", ""fallback"": true}"
test,toolace-592::overgeneration,overgeneration,unsupported_forecast,overgeneration,69,0.0,1,"{""style"": ""unsupported_forecast"", ""reason"": ""claim_absent_from_tool_response""}"
test,toolace-592::missing_tool,missing_tool,email,missing_tool,53,0.5350877192982456,1,"{""style"": ""email"", ""reason"": ""required_tool_unavailable""}"
test,toolace-256::tool_contradiction,tool_contradiction,number_substitution,tool_contradiction,4,0.2903645833333333,0,"{""style"": ""number_substitution"", ""source_value"": '06103', ""new_value"": '5188'}"
test,toolace-256::overgeneration,overgeneration,unsupported_external_confirmation,overgeneration,71,0.187871581450654,0,"{""style"": ""unsupported_external_confirmation"", ""reason"": ""claim_absent_from_tool_response""}"
test,toolace-256::missing_tool,missing_tool,flight,missing_tool,37,0.9541511771995044,1,"{""style"": ""flight"", ""reason"": ""required_tool_unavailable""}"
test,toolace-749::tool_contradiction,tool_contradiction,cross_field_value_swap,tool_contradiction,18,0.1966019417475728,0,"{""style"": ""cross_field_value_swap"", ""source_value"": 'restrictions', ""new_value"": 'Electronic devices'}"
test,toolace-749::overgeneration,overgeneration,unsupported_comparison,overgeneration,80,0.731006160164271,0,"{""style"": ""unsupported_comparison"", ""reason"": ""claim_absent_from_tool_response""}"
test,toolace-749::missing_tool,missing_tool,email,missing_tool,53,0.8847826086956522,1,"{""style"": ""email"", ""reason"": ""required_tool_unavailable""}"
test,toolace-662::tool_contradiction,tool_contradiction,number_substitution,tool_contradiction,4,0.6641221374045801,0,"{""style"": ""number_substitution"", ""source_value"": '2023', ""new_value"": '2326'}"
test,toolace-662::overgeneration,overgeneration,unsupported_history,overgeneration,85,0.6082949308755761,1,"{""style"": ""unsupported_history"", ""reason"": ""claim_absent_from_tool_response""}"
test,toolace-662::missing_tool,missing_tool,cancel,missing_tool,42,0.7586206896551724,1,"{""style"": ""cancel"", ""reason"": ""required_tool_unavailable""}"
test,toolace-164::tool_contradiction,tool_contradiction,number_substitution,tool_contradiction,6,0.43301435406698563,0,"{""style"": ""number_substitution"", ""source_value"": '541512', ""new_value"": '460285'}"
test,toolace-164::overgeneration,overgeneration,unsupported_trend,overgeneration,60,0.0,0,"{""style"": ""unsupported_trend"", ""reason"": ""claim_absent_from_tool_response""}"
test,toolace-164::missing_tool,missing_tool,flight,missing_tool,37,0.25877192982456143,0,"{""style"": ""flight"", ""reason"": ""required_tool_unavailable""}"
test,toolace-699::tool_contradiction,tool_contradiction,cross_field_value_swap,tool_contradiction,22,0.08144796380090498,0,"{""style"": ""cross_field_value_swap"", ""source_value"": 'successfully', ""new_value"": 'craftParty.createEvent'}"
test,toolace-699::overgeneration,overgeneration,unsupported_forecast,overgeneration,69,0.25622775800711745,0,"{""style"": ""unsupported_forecast"", ""reason"": ""claim_absent_from_tool_response""}"
test,toolace-699::missing_tool,missing_tool,hotel,missing_tool,52,0.0,0,"{""style"": ""hotel"", ""reason"": ""required_tool_unavailable""}"
test,toolace-730::tool_contradiction,tool_contradiction,cross_field_value_swap,tool_contradiction,16,0.019230769230769232,0,"{""style"": ""cross_field_value_swap"", ""source_value"": 'optimized', ""new_value"": 'performance_gain'}"
test,toolace-730::overgeneration,overgeneration,unsupported_user_reaction,overgeneration,73,0.0,0,"{""style"": ""unsupported_user_reaction"", ""reason"": ""claim_absent_from_tool_response""}"
test,toolace-730::missing_tool,missing_tool,flight,missing_tool,37,0.40585774058577406,0,"{""style"": ""flight"", ""reason"": ""required_tool_unavailable""}"
test,toolace-344::tool_contradiction,tool_contradiction,cross_field_value_swap,tool_contradiction,10,0.3424,0,"{""style"": ""cross_field_value_swap"", ""source_value"": 'stock', ""new_value"": '2025-01-01'}"
test,toolace-344::overgeneration,overgeneration,unsupported_guarantee,overgeneration,76,0.0,0,"{""style"": ""unsupported_guarantee"", ""reason"": ""claim_absent_from_tool_response""}"
test,toolace-344::missing_tool,missing_tool,email,missing_tool,53,0.0,0,"{""style"": ""email"", ""reason"": ""required_tool_unavailable""}"
test,toolace-719::tool_contradiction,tool_contradiction,cross_field_value_swap,tool_contradiction,17,0.5090180360721442,0,"{""style"": ""cross_field_value_swap"", ""source_value"": 'relativity', ""new_value"": 'significantEvents'}"
test,toolace-719::overgeneration,overgeneration,unsupported_risk,overgeneration,68,0.8787878787878788,1,"{""style"": ""unsupported_risk"", ""reason"": ""claim_absent_from_tool_response""}"
test,toolace-719::missing_tool,missing_tool,cancel,missing_tool,42,0.9214953271028037,1,"{""style"": ""cancel"", ""reason"": ""required_tool_unavailable""}"
test,toolace-291::tool_contradiction,tool_contradiction,fallback_opposite,tool_contradiction,67,0.7957317073170732,1,"{""style"": ""fallback_opposite"", ""fallback"": true}"
test,toolace-291::overgeneration,overgeneration,unsupported_risk,overgeneration,68,0.0,0,"{""style"": ""unsupported_risk"", ""reason"": ""claim_absent_from_tool_response""}"
test,toolace-291::missing_tool,missing_tool,email,missing_tool,53,0.0,0,"{""style"": ""email"", ""reason"": ""required_tool_unavailable""}"
test,toolace-426::tool_contradiction,tool_contradiction,time_substitution,tool_contradiction,5,0.3687002652519894,0,"{""style"": ""time_substitution"", ""source_value"": '07:30', ""new_value"": '10:30'}"
test,toolace-426::overgeneration,overgeneration,unsupported_history,overgeneration,85,0.816414686825054,1,"{""style"": ""unsupported_history"", ""reason"": ""claim_absent_from_tool_response""}"
test,toolace-426::missing_tool,missing_tool,cancel,missing_tool,42,0.9,1,"{""style"": ""cancel"", ""reason"": ""required_tool_unavailable""}"
test,toolace-440::tool_contradiction,tool_contradiction,cross_field_value_swap,tool_contradiction,13,0.3468013468013468,0,"{""style"": ""cross_field_value_swap"", ""source_value"": 'description', ""new_value"": 'GetAllRecords'}"
test,toolace-440::overgeneration,overgeneration,unsupported_history,overgeneration,85,0.7769028871391076,1,"{""style"": ""unsupported_history"", ""reason"": ""claim_absent_from_tool_response""}"
test,toolace-440::missing_tool,missing_tool,calendar,missing_tool,49,0.8579710144927536,1,"{""style"": ""calendar"", ""reason"": ""required_tool_unavailable""}"
test,toolace-248::tool_contradiction,tool_contradiction,number_substitution,tool_contradiction,4,0.528169014084507,0,"{""style"": ""number_substitution"", ""source_value"": '0.025', ""new_value"": '1.02'}"
test,toolace-248::overgeneration,overgeneration,unsupported_history,overgeneration,85,0.0,0,"{""style"": ""unsupported_history"", ""reason"": ""claim_absent_from_tool_response""}"
test,toolace-248::missing_tool,missing_tool,cancel,missing_tool,42,0.0,0,"{""style"": ""cancel"", ""reason"": ""required_tool_unavailable""}"
test,toolace-435::tool_contradiction,tool_contradiction,number_substitution,tool_contradiction,4,0.5822784810126582,0,"{""style"": ""number_substitution"", ""source_value"": '0.61', ""new_value"": '1.61'}"
test,toolace-435::overgeneration,overgeneration,unsupported_cause,overgeneration,71,0.5298013245033113,1,"{""style"": ""unsupported_cause"", ""reason"": ""claim_absent_from_tool_response""}"
test,toolace-435::missing_tool,missing_tool,flight,missing_tool,37,0.6837606837606838,1,"{""style"": ""flight"", ""reason"": ""required_tool_unavailable""}"
test,toolace-687::tool_contradiction,tool_contradiction,number_substitution,tool_contradiction,2,0.34265734265734266,0,"{""style"": ""number_substitution"", ""source_value"": '12', ""new_value"": '14'}"
test,toolace-687::overgeneration,overgeneration,unsupported_comparison,overgeneration,80,0.6428571428571429,1,"{""style"": ""unsupported_comparison"", ""reason"": ""claim_absent_from_tool_response""}"
test,toolace-687::missing_tool,missing_tool,email,missing_tool,53,0.7309644670050761,1,"{""style"": ""email"", ""reason"": ""required_tool_unavailable""}"
test,toolace-518::tool_contradiction,tool_contradiction,entity_substitution,tool_contradiction,6,0.2129032258064516,0,"{""style"": ""entity_substitution"", ""source_value"": 'Blueberries', ""new_value"": 'London'}"
test,toolace-518::overgeneration,overgeneration,unsupported_history,overgeneration,85,0.8804500703234881,1,"{""style"": ""unsupported_history"", ""reason"": ""claim_absent_from_tool_response""}"
test,toolace-518::missing_tool,missing_tool,cancel,missing_tool,42,0.0,0,"{""style"": ""cancel"", ""reason"": ""required_tool_unavailable""}"
test,toolace-782::tool_contradiction,tool_contradiction,fallback_value,tool_contradiction,80,0.0,0,"{""style"": ""fallback_value"", ""fallback"": true}"
test,toolace-782::overgeneration,overgeneration,unsupported_cause,overgeneration,71,0.39069767441860465,0,"{""style"": ""unsupported_cause"", ""reason"": ""claim_absent_from_tool_response""}"
test,toolace-782::missing_tool,missing_tool,flight,missing_tool,37,0.0,0,"{""style"": ""flight"", ""reason"": ""required_tool_unavailable""}"
test,toolace-777::tool_contradiction,tool_contradiction,fallback_status,tool_contradiction,84,0.5625,1,"{""style"": ""fallback_status"", ""fallback"": true}"
test,toolace-777::overgeneration,overgeneration,unsupported_recommendation,overgeneration,76,0.5869565217391305,1,"{""style"": ""unsupported_recommendation"", ""reason"": ""claim_absent_from_tool_response""}"
test,toolace-777::missing_tool,missing_tool,calendar,missing_tool,49,0.0,0,"{""style"": ""calendar"", ""reason"": ""required_tool_unavailable""}"
test,toolace-191::tool_contradiction,tool_contradiction,fallback_status,tool_contradiction,84,0.1325898389095415,0,"{""style"": ""fallback_status"", ""fallback"": true}"
test,toolace-191::overgeneration,overgeneration,unsupported_guarantee,overgeneration,76,0.0,0,"{""style"": ""unsupported_guarantee"", ""reason"": ""claim_absent_from_tool_response""}"
test,toolace-191::missing_tool,missing_tool,cancel,missing_tool,42,0.9450980392156862,1,"{""style"": ""cancel"", ""reason"": ""required_tool_unavailable""}"
test,toolace-80::tool_contradiction,tool_contradiction,cross_field_value_swap,tool_contradiction,31,0.19324577861163228,0,"{""style"": ""cross_field_value_swap"", ""source_value"": 'This is an amazing live stream!', ""new_value"": 'What time does the event start?'}"
test,toolace-80::overgeneration,overgeneration,unsupported_guarantee,overgeneration,76,0.0,0,"{""style"": ""unsupported_guarantee"", ""reason"": ""claim_absent_from_tool_response""}"
test,toolace-80::missing_tool,missing_tool,flight,missing_tool,37,0.9352014010507881,1,"{""style"": ""flight"", ""reason"": ""required_tool_unavailable""}"
test,toolace-171::tool_contradiction,tool_contradiction,entity_substitution,tool_contradiction,5,0.44642857142857145,0,"{""style"": ""entity_substitution"", ""source_value"": 'Ever', ""new_value"": 'Paris'}"
test,toolace-171::overgeneration,overgeneration,unsupported_history,overgeneration,85,0.0,0,"{""style"": ""unsupported_history"", ""reason"": ""claim_absent_from_tool_response""}"
test,toolace-171::missing_tool,missing_tool,cancel,missing_tool,42,0.36466165413533835,0,"{""style"": ""cancel"", ""reason"": ""required_tool_unavailable""}"
test,toolace-365::tool_contradiction,tool_contradiction,cross_field_value_swap,tool_contradiction,38,0.4608433734939759,0,"{""style"": ""cross_field_value_swap"", ""source_value"": 'iVBORw0KGgoAAAANSUhEUgAAAAUAAAAFCAYAAACNbyblAAAAHElEQVQI12P4', ""new_value"": 'w38GIAXDIBKE0DHxgljNAAArgAABUQ5bY4iOAA'}"
test,toolace-365::overgeneration,overgeneration,unsupported_guarantee,overgeneration,76,0.8236658932714617,1,"{""style"": ""unsupported_guarantee"", ""reason"": ""claim_absent_from_tool_response""}"
test,toolace-365::missing_tool,missing_tool,flight,missing_tool,37,0.0,0,"{""style"": ""flight"", ""reason"": ""required_tool_unavailable""}"
test,toolace-308::tool_contradiction,tool_contradiction,fallback_value,tool_contradiction,80,0.39080459770114945,0,"{""style"": ""fallback_value"", ""fallback"": true}"
test,toolace-308::overgeneration,overgeneration,unsupported_cause,overgeneration,71,0.0,0,"{""style"": ""unsupported_cause"", ""reason"": ""claim_absent_from_tool_response""}"
test,toolace-308::missing_tool,missing_tool,email,missing_tool,53,0.0,0,"{""style"": ""email"", ""reason"": ""required_tool_unavailable""}"
test,toolace-710::tool_contradiction,tool_contradiction,cross_field_value_swap,tool_contradiction,18,0.1875,0,"{""style"": ""cross_field_value_swap"", ""source_value"": 'depression', ""new_value"": 'assessment_results'}"
test,toolace-710::overgeneration,overgeneration,unsupported_recommendation,overgeneration,76,0.8260869565217391,1,"{""style"": ""unsupported_recommendation"", ""reason"": ""claim_absent_from_tool_response""}"
test,toolace-710::missing_tool,missing_tool,flight,missing_tool,37,0.0,0,"{""style"": ""flight"", ""reason"": ""required_tool_unavailable""}"
test,toolace-14::tool_contradiction,tool_contradiction,fallback_opposite,tool_contradiction,67,0.8164383561643835,1,"{""style"": ""fallback_opposite"", ""fallback"": true}"
test,toolace-14::overgeneration,overgeneration,unsupported_trend,overgeneration,60,0.3324022346368715,0,"{""style"": ""unsupported_trend"", ""reason"": ""claim_absent_from_tool_response""}"
test,toolace-14::missing_tool,missing_tool,calendar,missing_tool,49,0.0,0,"{""style"": ""calendar"", ""reason"": ""required_tool_unavailable""}"
test,toolace-162::tool_contradiction,tool_contradiction,number_substitution,tool_contradiction,3,0.0893854748603352,0,"{""style"": ""number_substitution"", ""source_value"": '555', ""new_value"": '638'}"
test,toolace-162::overgeneration,overgeneration,unsupported_guarantee,overgeneration,76,0.0,0,"{""style"": ""unsupported_guarantee"", ""reason"": ""claim_absent_from_tool_response""}"
test,toolace-162::missing_tool,missing_tool,calendar,missing_tool,49,0.9165247018739353,1,"{""style"": ""calendar"", ""reason"": ""required_tool_unavailable""}"
test,toolace-750::tool_contradiction,tool_contradiction,fallback_status,tool_contradiction,84,0.6888888888888889,1,"{""style"": ""fallback_status"", ""fallback"": true}"
test,toolace-750::overgeneration,overgeneration,unsupported_risk,overgeneration,68,0.0,0,"{""style"": ""unsupported_risk"", ""reason"": ""claim_absent_from_tool_response""}"
test,toolace-750::missing_tool,missing_tool,cancel,missing_tool,42,0.8157894736842105,1,"{""style"": ""cancel"", ""reason"": ""required_tool_unavailable""}"
test,toolace-275::tool_contradiction,tool_contradiction,entity_substitution,tool_contradiction,6,0.43508771929824563,0,"{""style"": ""entity_substitution"", ""source_value"": 'United Kingdom', ""new_value"": 'Berlin'}"
test,toolace-275::overgeneration,overgeneration,unsupported_trend,overgeneration,60,0.2711864406779661,0,"{""style"": ""unsupported_trend"", ""reason"": ""claim_absent_from_tool_response""}"
test,toolace-275::missing_tool,missing_tool,calendar,missing_tool,49,0.8571428571428571,1,"{""style"": ""calendar"", ""reason"": ""required_tool_unavailable""}"
test,toolace-633::tool_contradiction,tool_contradiction,fallback_value,tool_contradiction,80,0.39751552795031053,0,"{""style"": ""fallback_value"", ""fallback"": true}"
test,toolace-633::overgeneration,overgeneration,unsupported_guarantee,overgeneration,76,0.40764331210191085,0,"{""style"": ""unsupported_guarantee"", ""reason"": ""claim_absent_from_tool_response""}"
test,toolace-633::missing_tool,missing_tool,flight,missing_tool,37,0.5423728813559322,0,"{""style"": ""flight"", ""reason"": ""required_tool_unavailable""}"
test,toolace-432::tool_contradiction,tool_contradiction,fallback_value,tool_contradiction,80,0.148068669527897,0,"{""style"": ""fallback_value"", ""fallback"": true}"
test,toolace-432::overgeneration,overgeneration,unsupported_history,overgeneration,85,0.1464968152866242,0,"{""style"": ""unsupported_history"", ""reason"": ""claim_absent_from_tool_response""}"
test,toolace-432::missing_tool,missing_tool,hotel,missing_tool,52,0.8812785388127854,1,"{""style"": ""hotel"", ""reason"": ""required_tool_unavailable""}"
test,toolace-671::tool_contradiction,tool_contradiction,fallback_opposite,tool_contradiction,67,0.6358695652173914,1,"{""style"": ""fallback_opposite"", ""fallback"": true}"
test,toolace-671::overgeneration,overgeneration,unsupported_forecast,overgeneration,69,0.6290322580645161,1,"{""style"": ""unsupported_forecast"", ""reason"": ""claim_absent_from_tool_response""}"
test,toolace-671::missing_tool,missing_tool,calendar,missing_tool,49,0.7048192771084337,1,"{""style"": ""calendar"", ""reason"": ""required_tool_unavailable""}"
test,toolace-680::tool_contradiction,tool_contradiction,fallback_status,tool_contradiction,84,0.0,0,"{""style"": ""fallback_status"", ""fallback"": true}"
test,toolace-680::overgeneration,overgeneration,unsupported_trend,overgeneration,60,0.0,0,"{""style"": ""unsupported_trend"", ""reason"": ""claim_absent_from_tool_response""}"
test,toolace-680::missing_tool,missing_tool,cancel,missing_tool,42,0.0,0,"{""style"": ""cancel"", ""reason"": ""required_tool_unavailable""}"
test,toolace-369::tool_contradiction,tool_contradiction,number_substitution,tool_contradiction,2,0.24641833810888253,0,"{""style"": ""number_substitution"", ""source_value"": '30', ""new_value"": '26'}"
test,toolace-369::overgeneration,overgeneration,unsupported_user_reaction,overgeneration,73,0.8274231678486997,1,"{""style"": ""unsupported_user_reaction"", ""reason"": ""claim_absent_from_tool_response""}"
test,toolace-369::missing_tool,missing_tool,flight,missing_tool,37,0.9043927648578811,1,"{""style"": ""flight"", ""reason"": ""required_tool_unavailable""}"
test,toolace-609::tool_contradiction,tool_contradiction,fallback_opposite,tool_contradiction,67,0.0,0,"{""style"": ""fallback_opposite"", ""fallback"": true}"
test,toolace-609::overgeneration,overgeneration,unsupported_cause,overgeneration,71,0.3283582089552239,0,"{""style"": ""unsupported_cause"", ""reason"": ""claim_absent_from_tool_response""}"
test,toolace-609::missing_tool,missing_tool,flight,missing_tool,37,0.8994565217391305,1,"{""style"": ""flight"", ""reason"": ""required_tool_unavailable""}"
test,toolace-170::tool_contradiction,tool_contradiction,cross_field_value_swap,tool_contradiction,4,0.35945945945945945,0,"{""style"": ""cross_field_value_swap"", ""source_value"": 'delivery', ""new_value"": 'USPS'}"
test,toolace-170::overgeneration,overgeneration,unsupported_risk,overgeneration,68,0.11808118081180811,0,"{""style"": ""unsupported_risk"", ""reason"": ""claim_absent_from_tool_response""}"
test,toolace-170::missing_tool,missing_tool,calendar,missing_tool,49,0.9382871536523929,1,"{""style"": ""calendar"", ""reason"": ""required_tool_unavailable""}"
test,toolace-448::tool_contradiction,tool_contradiction,entity_substitution,tool_contradiction,6,0.06944444444444445,0,"{""style"": ""entity_substitution"", ""source_value"": 'Information', ""new_value"": 'Berlin'}"
test,toolace-448::overgeneration,overgeneration,unsupported_recommendation,overgeneration,76,0.7449664429530202,1,"{""style"": ""unsupported_recommendation"", ""reason"": ""claim_absent_from_tool_response""}"
test,toolace-448::missing_tool,missing_tool,cancel,missing_tool,42,0.8409090909090909,1,"{""style"": ""cancel"", ""reason"": ""required_tool_unavailable""}"
test,toolace-212::tool_contradiction,tool_contradiction,fallback_status,tool_contradiction,84,0.033073929961089495,0,"{""style"": ""fallback_status"", ""fallback"": true}"
test,toolace-212::overgeneration,overgeneration,unsupported_user_reaction,overgeneration,73,0.033311561071195296,0,"{""style"": ""unsupported_user_reaction"", ""reason"": ""claim_absent_from_tool_response""}"
test,toolace-212::missing_tool,missing_tool,hotel,missing_tool,52,0.0,0,"{""style"": ""hotel"", ""reason"": ""required_tool_unavailable""}"
test,toolace-595::tool_contradiction,tool_contradiction,fallback_opposite,tool_contradiction,67,0.593939393939394,1,"{""style"": ""fallback_opposite"", ""fallback"": true}"
test,toolace-595::overgeneration,overgeneration,unsupported_cause,overgeneration,71,0.5798816568047337,1,"{""style"": ""unsupported_cause"", ""reason"": ""claim_absent_from_tool_response""}"
test,toolace-595::missing_tool,missing_tool,email,missing_tool,53,0.6490066225165563,1,"{""style"": ""email"", ""reason"": ""required_tool_unavailable""}"
test,toolace-523::tool_contradiction,tool_contradiction,cross_field_value_swap,tool_contradiction,8,0.06484641638225255,0,"{""style"": ""cross_field_value_swap"", ""source_value"": 'sentiment', ""new_value"": 'negative'}"
test,toolace-523::overgeneration,overgeneration,unsupported_cause,overgeneration,71,0.8060109289617486,1,"{""style"": ""unsupported_cause"", ""reason"": ""claim_absent_from_tool_response""}"
test,toolace-523::missing_tool,missing_tool,email,missing_tool,53,0.0,0,"{""style"": ""email"", ""reason"": ""required_tool_unavailable""}"
test,toolace-138::tool_contradiction,tool_contradiction,entity_substitution,tool_contradiction,4,0.3008356545961003,0,"{""style"": ""entity_substitution"", ""source_value"": 'Top', ""new_value"": 'Rome'}"
test,toolace-138::overgeneration,overgeneration,unsupported_cause,overgeneration,71,0.0,0,"{""style"": ""unsupported_cause"", ""reason"": ""claim_absent_from_tool_response""}"
test,toolace-138::missing_tool,missing_tool,hotel,missing_tool,52,0.8734793187347932,1,"{""style"": ""hotel"", ""reason"": ""required_tool_unavailable""}"
test,toolace-341::tool_contradiction,tool_contradiction,number_substitution,tool_contradiction,4,0.12476007677543186,0,"{""style"": ""number_substitution"", ""source_value"": '2026', ""new_value"": '2330'}"
test,toolace-341::overgeneration,overgeneration,unsupported_comparison,overgeneration,80,0.0,0,"{""style"": ""unsupported_comparison"", ""reason"": ""claim_absent_from_tool_response""}"
test,toolace-341::missing_tool,missing_tool,cancel,missing_tool,42,0.925531914893617,1,"{""style"": ""cancel"", ""reason"": ""required_tool_unavailable""}"
test,toolace-658::tool_contradiction,tool_contradiction,cross_field_value_swap,tool_contradiction,12,0.6486486486486487,0,"{""style"": ""cross_field_value_swap"", ""source_value"": 'developing', ""new_value"": 'checkGrammar'}"
test,toolace-658::overgeneration,overgeneration,unsupported_guarantee,overgeneration,76,0.1317365269461078,0,"{""style"": ""unsupported_guarantee"", ""reason"": ""claim_absent_from_tool_response""}"
test,toolace-658::missing_tool,missing_tool,cancel,missing_tool,42,0.0,0,"{""style"": ""cancel"", ""reason"": ""required_tool_unavailable""}"
test,toolace-416::tool_contradiction,tool_contradiction,cross_field_value_swap,tool_contradiction,6,0.031746031746031744,0,"{""style"": ""cross_field_value_swap"", ""source_value"": 'capital', ""new_value"": 'Ottawa'}"
test,toolace-416::overgeneration,overgeneration,unsupported_history,overgeneration,85,0.6009389671361502,1,"{""style"": ""unsupported_history"", ""reason"": ""claim_absent_from_tool_response""}"
test,toolace-416::missing_tool,missing_tool,flight,missing_tool,37,0.0,0,"{""style"": ""flight"", ""reason"": ""required_tool_unavailable""}"
test,toolace-43::tool_contradiction,tool_contradiction,cross_field_value_swap,tool_contradiction,10,0.07119205298013245,0,"{""style"": ""cross_field_value_swap"", ""source_value"": 'example.com', ""new_value"": '1995-01-01'}"
test,toolace-43::overgeneration,overgeneration,unsupported_trend,overgeneration,60,0.13513513513513514,0,"{""style"": ""unsupported_trend"", ""reason"": ""claim_absent_from_tool_response""}"
test,toolace-43::missing_tool,missing_tool,calendar,missing_tool,49,0.9251908396946565,1,"{""style"": ""calendar"", ""reason"": ""required_tool_unavailable""}"
test,toolace-188::tool_contradiction,tool_contradiction,number_substitution,tool_contradiction,5,0.6147859922178989,0,"{""style"": ""number_substitution"", ""source_value"": '46.2276', ""new_value"": '39.29'}"
test,toolace-188::overgeneration,overgeneration,unsupported_comparison,overgeneration,80,0.7647058823529411,1,"{""style"": ""unsupported_comparison"", ""reason"": ""claim_absent_from_tool_response""}"
test,toolace-188::missing_tool,missing_tool,flight,missing_tool,37,0.8754208754208754,1,"{""style"": ""flight"", ""reason"": ""required_tool_unavailable""}"
test,toolace-45::tool_contradiction,tool_contradiction,cross_field_value_swap,tool_contradiction,14,0.8571428571428571,1,"{""style"": ""cross_field_value_swap"", ""source_value"": 'region', ""new_value"": 'Get Net Income'}"
test,toolace-45::overgeneration,overgeneration,unsupported_guarantee,overgeneration,76,0.5632183908045977,1,"{""style"": ""unsupported_guarantee"", ""reason"": ""claim_absent_from_tool_response""}"
test,toolace-45::missing_tool,missing_tool,flight,missing_tool,37,0.725925925925926,1,"{""style"": ""flight"", ""reason"": ""required_tool_unavailable""}"
test,toolace-183::tool_contradiction,tool_contradiction,fallback_opposite,tool_contradiction,67,0.13137032842582105,0,"{""style"": ""fallback_opposite"", ""fallback"": true}"
test,toolace-183::overgeneration,overgeneration,unsupported_comparison,overgeneration,80,0.0,0,"{""style"": ""unsupported_comparison"", ""reason"": ""claim_absent_from_tool_response""}"
test,toolace-183::missing_tool,missing_tool,calendar,missing_tool,49,0.13410404624277455,0,"{""style"": ""calendar"", ""reason"": ""required_tool_unavailable""}"
test,toolace-90::tool_contradiction,tool_contradiction,number_substitution,tool_contradiction,2,0.8566308243727598,0,"{""style"": ""number_substitution"", ""source_value"": '10', ""new_value"": '12'}"
test,toolace-90::overgeneration,overgeneration,unsupported_history,overgeneration,85,0.005823627287853577,0,"{""style"": ""unsupported_history"", ""reason"": ""claim_absent_from_tool_response""}"
test,toolace-90::missing_tool,missing_tool,email,missing_tool,53,0.0,0,"{""style"": ""email"", ""reason"": ""required_tool_unavailable""}"
test,toolace-408::tool_contradiction,tool_contradiction,fallback_value,tool_contradiction,80,0.865546218487395,1,"{""style"": ""fallback_value"", ""fallback"": true}"
test,toolace-408::overgeneration,overgeneration,unsupported_external_confirmation,overgeneration,71,0.0,0,"{""style"": ""unsupported_external_confirmation"", ""reason"": ""claim_absent_from_tool_response""}"
test,toolace-408::missing_tool,missing_tool,email,missing_tool,53,0.9066901408450704,1,"{""style"": ""email"", ""reason"": ""required_tool_unavailable""}"
test,toolace-297::tool_contradiction,tool_contradiction,number_substitution,tool_contradiction,3,0.05526315789473684,0,"{""style"": ""number_substitution"", ""source_value"": '567', ""new_value"": '482'}"
test,toolace-297::overgeneration,overgeneration,unsupported_guarantee,overgeneration,76,0.8336980306345733,1,"{""style"": ""unsupported_guarantee"", ""reason"": ""claim_absent_from_tool_response""}"
test,toolace-297::missing_tool,missing_tool,cancel,missing_tool,42,0.900709219858156,1,"{""style"": ""cancel"", ""reason"": ""required_tool_unavailable""}"
test,toolace-241::tool_contradiction,tool_contradiction,code_substitution,tool_contradiction,4,0.3495702005730659,0,"{""style"": ""code_substitution"", ""source_value"": 'NVDA', ""new_value"": 'NVDX'}"
test,toolace-241::overgeneration,overgeneration,unsupported_external_confirmation,overgeneration,71,0.4085510688836104,0,"{""style"": ""unsupported_external_confirmation"", ""reason"": ""claim_absent_from_tool_response""}"
test,toolace-241::missing_tool,missing_tool,hotel,missing_tool,52,0.0,0,"{""style"": ""hotel"", ""reason"": ""required_tool_unavailable""}"
test,toolace-788::tool_contradiction,tool_contradiction,fallback_opposite,tool_contradiction,67,0.0,0,"{""style"": ""fallback_opposite"", ""fallback"": true}"
test,toolace-788::overgeneration,overgeneration,unsupported_recommendation,overgeneration,76,0.0,0,"{""style"": ""unsupported_recommendation"", ""reason"": ""claim_absent_from_tool_response""}"
test,toolace-788::missing_tool,missing_tool,cancel,missing_tool,42,0.0,0,"{""style"": ""cancel"", ""reason"": ""required_tool_unavailable""}"
test,toolace-411::tool_contradiction,tool_contradiction,number_substitution,tool_contradiction,2,0.4381443298969072,0,"{""style"": ""number_substitution"", ""source_value"": '75', ""new_value"": '86'}"
test,toolace-411::overgeneration,overgeneration,unsupported_risk,overgeneration,68,0.7414448669201521,1,"{""style"": ""unsupported_risk"", ""reason"": ""claim_absent_from_tool_response""}"
test,toolace-411::missing_tool,missing_tool,flight,missing_tool,37,0.8405172413793104,1,"{""style"": ""flight"", ""reason"": ""required_tool_unavailable""}"
test,toolace-85::tool_contradiction,tool_contradiction,number_substitution,tool_contradiction,4,0.48333333333333334,0,"{""style"": ""number_substitution"", ""source_value"": '1234', ""new_value"": '1049'}"
test,toolace-85::overgeneration,overgeneration,unsupported_risk,overgeneration,68,0.16181229773462782,0,"{""style"": ""unsupported_risk"", ""reason"": ""claim_absent_from_tool_response""}"
test,toolace-85::missing_tool,missing_tool,hotel,missing_tool,52,0.0,0,"{""style"": ""hotel"", ""reason"": ""required_tool_unavailable""}"
test,toolace-744::tool_contradiction,tool_contradiction,fallback_opposite,tool_contradiction,67,0.0,0,"{""style"": ""fallback_opposite"", ""fallback"": true}"
test,toolace-744::overgeneration,overgeneration,unsupported_user_reaction,overgeneration,73,0.1958762886597938,0,"{""style"": ""unsupported_user_reaction"", ""reason"": ""claim_absent_from_tool_response""}"
test,toolace-744::missing_tool,missing_tool,calendar,missing_tool,49,0.711764705882353,1,"{""style"": ""calendar"", ""reason"": ""required_tool_unavailable""}"
test,toolace-245::tool_contradiction,tool_contradiction,number_substitution,tool_contradiction,4,0.4540059347181009,0,"{""style"": ""number_substitution"", ""source_value"": '10006', ""new_value"": '8505'}"
test,toolace-245::overgeneration,overgeneration,unsupported_cause,overgeneration,71,0.2048780487804878,0,"{""style"": ""unsupported_cause"", ""reason"": ""claim_absent_from_tool_response""}"
test,toolace-245::missing_tool,missing_tool,email,missing_tool,53,0.0,0,"{""style"": ""email"", ""reason"": ""required_tool_unavailable""}"
test,toolace-103::tool_contradiction,tool_contradiction,fallback_value,tool_contradiction,80,0.0,0,"{""style"": ""fallback_value"", ""fallback"": true}"
test,toolace-103::overgeneration,overgeneration,unsupported_recommendation,overgeneration,76,0.6591928251121076,1,"{""style"": ""unsupported_recommendation"", ""reason"": ""claim_absent_from_tool_response""}"
test,toolace-103::missing_tool,missing_tool,calendar,missing_tool,49,0.75,1,"{""style"": ""calendar"", ""reason"": ""required_tool_unavailable""}"
test,toolace-354::tool_contradiction,tool_contradiction,fallback_status,tool_contradiction,84,0.0,1,"{""style"": ""fallback_status"", ""fallback"": true}"
test,toolace-354::overgeneration,overgeneration,unsupported_risk,overgeneration,68,0.0,0,"{""style"": ""unsupported_risk"", ""reason"": ""claim_absent_from_tool_response""}"
test,toolace-354::missing_tool,missing_tool,calendar,missing_tool,49,0.4431818181818182,1,"{""style"": ""calendar"", ""reason"": ""required_tool_unavailable""}"
test,toolace-644::tool_contradiction,tool_contradiction,cross_field_value_swap,tool_contradiction,13,0.1377245508982036,0,"{""style"": ""cross_field_value_swap"", ""source_value"": 'intermediate', ""new_value"": 'cataractStage'}"
test,toolace-644::overgeneration,overgeneration,unsupported_forecast,overgeneration,69,0.7076271186440678,1,"{""style"": ""unsupported_forecast"", ""reason"": ""claim_absent_from_tool_response""}"
test,toolace-644::missing_tool,missing_tool,email,missing_tool,53,0.759090909090909,1,"{""style"": ""email"", ""reason"": ""required_tool_unavailable""}"
test,toolace-513::tool_contradiction,tool_contradiction,cross_field_value_swap,tool_contradiction,11,0.6063829787234043,0,"{""style"": ""cross_field_value_swap"", ""source_value"": 'explosion_001', ""new_value"": 'example.com'}"
test,toolace-513::overgeneration,overgeneration,unsupported_guarantee,overgeneration,76,0.7894736842105263,1,"{""style"": ""unsupported_guarantee"", ""reason"": ""claim_absent_from_tool_response""}"
test,toolace-513::missing_tool,missing_tool,calendar,missing_tool,49,0.8532934131736527,1,"{""style"": ""calendar"", ""reason"": ""required_tool_unavailable""}"
test,toolace-300::tool_contradiction,tool_contradiction,entity_substitution,tool_contradiction,5,0.08943089430894309,0,"{""style"": ""entity_substitution"", ""source_value"": 'Generate', ""new_value"": 'Tokyo'}"
test,toolace-300::overgeneration,overgeneration,unsupported_user_reaction,overgeneration,73,0.9221748400852878,1,"{""style"": ""unsupported_user_reaction"", ""reason"": ""claim_absent_from_tool_response""}"
test,toolace-300::missing_tool,missing_tool,email,missing_tool,53,0.0,0,"{""style"": ""email"", ""reason"": ""required_tool_unavailable""}"
test,toolace-487::tool_contradiction,tool_contradiction,entity_substitution,tool_contradiction,6,0.10855263157894737,0,"{""style"": ""entity_substitution"", ""source_value"": 'Recipe', ""new_value"": 'Berlin'}"
test,toolace-487::overgeneration,overgeneration,unsupported_trend,overgeneration,60,0.0,0,"{""style"": ""unsupported_trend"", ""reason"": ""claim_absent_from_tool_response""}"
test,toolace-487::missing_tool,missing_tool,email,missing_tool,53,0.9451345755693582,1,"{""style"": ""email"", ""reason"": ""required_tool_unavailable""}"
test,toolace-88::tool_contradiction,tool_contradiction,code_substitution,tool_contradiction,7,0.11298076923076923,0,"{""style"": ""code_substitution"", ""source_value"": 'DEV4563', ""new_value"": 'DEV456X'}"
test,toolace-88::overgeneration,overgeneration,unsupported_comparison,overgeneration,80,0.8390342052313883,1,"{""style"": ""unsupported_comparison"", ""reason"": ""claim_absent_from_tool_response""}"
test,toolace-88::missing_tool,missing_tool,calendar,missing_tool,49,0.0,0,"{""style"": ""calendar"", ""reason"": ""required_tool_unavailable""}"
test,toolace-748::tool_contradiction,tool_contradiction,number_substitution,tool_contradiction,7,0.4909090909090909,0,"{""style"": ""number_substitution"", ""source_value"": '5000.5', ""new_value"": '5750.57'}"
test,toolace-748::overgeneration,overgeneration,unsupported_external_confirmation,overgeneration,71,0.4830508474576271,0,"{""style"": ""unsupported_external_confirmation"", ""reason"": ""claim_absent_from_tool_response""}"
test,toolace-748::missing_tool,missing_tool,flight,missing_tool,37,0.8168316831683168,1,"{""style"": ""flight"", ""reason"": ""required_tool_unavailable""}"
test,toolace-70::tool_contradiction,tool_contradiction,number_substitution,tool_contradiction,5,0.27293577981651373,0,"{""style"": ""number_substitution"", ""source_value"": '10118', ""new_value"": '11636'}"
test,toolace-70::overgeneration,overgeneration,unsupported_cause,overgeneration,71,0.860236220472441,1,"{""style"": ""unsupported_cause"", ""reason"": ""claim_absent_from_tool_response""}"
test,toolace-70::missing_tool,missing_tool,flight,missing_tool,37,0.9219409282700421,1,"{""style"": ""flight"", ""reason"": ""required_tool_unavailable""}"
test,toolace-761::tool_contradiction,tool_contradiction,fallback_opposite,tool_contradiction,67,0.5562913907284768,1,"{""style"": ""fallback_opposite"", ""fallback"": true}"
test,toolace-761::overgeneration,overgeneration,unsupported_comparison,overgeneration,80,0.5121951219512195,1,"{""style"": ""unsupported_comparison"", ""reason"": ""claim_absent_from_tool_response""}"
test,toolace-761::missing_tool,missing_tool,email,missing_tool,53,0.6131386861313869,1,"{""style"": ""email"", ""reason"": ""required_tool_unavailable""}"
test,toolace-281::tool_contradiction,tool_contradiction,cross_field_value_swap,tool_contradiction,10,0.924924924924925,0,"{""style"": ""cross_field_value_swap"", ""source_value"": 'age', ""new_value"": '1987-09-28'}"
test,toolace-281::overgeneration,overgeneration,unsupported_comparison,overgeneration,80,0.0891891891891892,0,"{""style"": ""unsupported_comparison"", ""reason"": ""claim_absent_from_tool_response""}"
test,toolace-281::missing_tool,missing_tool,calendar,missing_tool,49,0.0930888575458392,0,"{""style"": ""calendar"", ""reason"": ""required_tool_unavailable""}"
test,toolace-617::tool_contradiction,tool_contradiction,cross_field_value_swap,tool_contradiction,12,0.03731343283582089,0,"{""style"": ""cross_field_value_swap"", ""source_value"": 'music', ""new_value"": 'beat_pattern'}"
test,toolace-617::overgeneration,overgeneration,unsupported_trend,overgeneration,60,0.0,0,"{""style"": ""unsupported_trend"", ""reason"": ""claim_absent_from_tool_response""}"
test,toolace-617::missing_tool,missing_tool,flight,missing_tool,37,0.7757575757575758,1,"{""style"": ""flight"", ""reason"": ""required_tool_unavailable""}"
test,toolace-122::tool_contradiction,tool_contradiction,number_substitution,tool_contradiction,4,0.8561643835616438,0,"{""style"": ""number_substitution"", ""source_value"": '2024', ""new_value"": '1720'}"
test,toolace-122::overgeneration,overgeneration,unsupported_cause,overgeneration,71,0.37155963302752293,0,"{""style"": ""unsupported_cause"", ""reason"": ""claim_absent_from_tool_response""}"
test,toolace-122::missing_tool,missing_tool,flight,missing_tool,37,0.0,0,"{""style"": ""flight"", ""reason"": ""required_tool_unavailable""}"
test,toolace-656::tool_contradiction,tool_contradiction,entity_substitution,tool_contradiction,6,0.32608695652173914,0,"{""style"": ""entity_substitution"", ""source_value"": 'Quarter', ""new_value"": 'London'}"
test,toolace-656::overgeneration,overgeneration,unsupported_external_confirmation,overgeneration,71,0.0,1,"{""style"": ""unsupported_external_confirmation"", ""reason"": ""claim_absent_from_tool_response""}"
test,toolace-656::missing_tool,missing_tool,flight,missing_tool,37,0.0,0,"{""style"": ""flight"", ""reason"": ""required_tool_unavailable""}"
test,toolace-566::tool_contradiction,tool_contradiction,fallback_value,tool_contradiction,80,0.689922480620155,1,"{""style"": ""fallback_value"", ""fallback"": true}"
test,toolace-566::overgeneration,overgeneration,unsupported_guarantee,overgeneration,76,0.7007874015748031,1,"{""style"": ""unsupported_guarantee"", ""reason"": ""claim_absent_from_tool_response""}"
test,toolace-566::missing_tool,missing_tool,hotel,missing_tool,52,0.7739130434782608,1,"{""style"": ""hotel"", ""reason"": ""required_tool_unavailable""}"
test,toolace-312::tool_contradiction,tool_contradiction,cross_field_value_swap,tool_contradiction,4,0.7548701298701299,0,"{""style"": ""cross_field_value_swap"", ""source_value"": 'hsv to cmyk', ""new_value"": 'cmyk'}"
test,toolace-312::overgeneration,overgeneration,unsupported_external_confirmation,overgeneration,71,0.897841726618705,1,"{""style"": ""unsupported_external_confirmation"", ""reason"": ""claim_absent_from_tool_response""}"
test,toolace-312::missing_tool,missing_tool,cancel,missing_tool,42,0.0,0,"{""style"": ""cancel"", ""reason"": ""required_tool_unavailable""}"
test,toolace-3::tool_contradiction,tool_contradiction,cross_field_value_swap,tool_contradiction,6,0.0249500998003992,0,"{""style"": ""cross_field_value_swap"", ""source_value"": 'description', ""new_value"": 'EVT123'}"
test,toolace-3::overgeneration,overgeneration,unsupported_guarantee,overgeneration,76,0.9635666347075743,1,"{""style"": ""unsupported_guarantee"", ""reason"": ""claim_absent_from_tool_response""}"
test,toolace-3::missing_tool,missing_tool,email,missing_tool,53,0.9743092583616093,1,"{""style"": ""email"", ""reason"": ""required_tool_unavailable""}"
test,toolace-184::tool_contradiction,tool_contradiction,number_substitution,tool_contradiction,5,0.4325337331334333,0,"{""style"": ""number_substitution"", ""source_value"": '25000.0', ""new_value"": '21250'}"
test,toolace-184::overgeneration,overgeneration,unsupported_history,overgeneration,85,0.940225035161744,1,"{""style"": ""unsupported_history"", ""reason"": ""claim_absent_from_tool_response""}"
test,toolace-184::missing_tool,missing_tool,hotel,missing_tool,52,0.9625629949604032,1,"{""style"": ""hotel"", ""reason"": ""required_tool_unavailable""}"
test,toolace-125::tool_contradiction,tool_contradiction,code_substitution,tool_contradiction,5,0.75,0,"{""style"": ""code_substitution"", ""source_value"": 'LAROI', ""new_value"": 'LAROX'}"
test,toolace-125::overgeneration,overgeneration,unsupported_cause,overgeneration,71,0.5670731707317073,1,"{""style"": ""unsupported_cause"", ""reason"": ""claim_absent_from_tool_response""}"
test,toolace-125::missing_tool,missing_tool,email,missing_tool,53,0.0,0,"{""style"": ""email"", ""reason"": ""required_tool_unavailable""}"
test,toolace-127::tool_contradiction,tool_contradiction,number_substitution,tool_contradiction,4,0.2765957446808511,0,"{""style"": ""number_substitution"", ""source_value"": '2022', ""new_value"": '2325'}"
test,toolace-127::overgeneration,overgeneration,unsupported_user_reaction,overgeneration,73,0.0,0,"{""style"": ""unsupported_user_reaction"", ""reason"": ""claim_absent_from_tool_response""}"
test,toolace-127::missing_tool,missing_tool,calendar,missing_tool,49,0.7941176470588235,1,"{""style"": ""calendar"", ""reason"": ""required_tool_unavailable""}"
test,toolace-49::tool_contradiction,tool_contradiction,cross_field_value_swap,tool_contradiction,10,0.16153846153846155,0,"{""style"": ""cross_field_value_swap"", ""source_value"": 'url', ""new_value"": 'Love Story'}"
test,toolace-49::overgeneration,overgeneration,unsupported_recommendation,overgeneration,76,0.62,1,"{""style"": ""unsupported_recommendation"", ""reason"": ""claim_absent_from_tool_response""}"
test,toolace-49::missing_tool,missing_tool,email,missing_tool,53,0.0,0,"{""style"": ""email"", ""reason"": ""required_tool_unavailable""}"
test,toolace-645::tool_contradiction,tool_contradiction,fallback_value,tool_contradiction,80,0.0,0,"{""style"": ""fallback_value"", ""fallback"": true}"
test,toolace-645::overgeneration,overgeneration,unsupported_external_confirmation,overgeneration,71,0.0,0,"{""style"": ""unsupported_external_confirmation"", ""reason"": ""claim_absent_from_tool_response""}"
test,toolace-645::missing_tool,missing_tool,email,missing_tool,53,0.6882352941176471,1,"{""style"": ""email"", ""reason"": ""required_tool_unavailable""}"
test,toolace-179::tool_contradiction,tool_contradiction,fallback_status,tool_contradiction,84,0.3472222222222222,0,"{""style"": ""fallback_status"", ""fallback"": true}"
test,toolace-179::overgeneration,overgeneration,unsupported_guarantee,overgeneration,76,0.35511363636363635,0,"{""style"": ""unsupported_guarantee"", ""reason"": ""claim_absent_from_tool_response""}"
test,toolace-179::missing_tool,missing_tool,calendar,missing_tool,49,0.0,0,"{""style"": ""calendar"", ""reason"": ""required_tool_unavailable""}"
test,toolace-602::tool_contradiction,tool_contradiction,fallback_status,tool_contradiction,84,0.7889447236180904,1,"{""style"": ""fallback_status"", ""fallback"": true}"
test,toolace-602::overgeneration,overgeneration,unsupported_user_reaction,overgeneration,73,0.8113695090439277,1,"{""style"": ""unsupported_user_reaction"", ""reason"": ""claim_absent_from_tool_response""}"
test,toolace-602::missing_tool,missing_tool,email,missing_tool,53,0.0,0,"{""style"": ""email"", ""reason"": ""required_tool_unavailable""}"
test,toolace-784::tool_contradiction,tool_contradiction,number_substitution,tool_contradiction,1,0.2054794520547945,0,"{""style"": ""number_substitution"", ""source_value"": '00', ""new_value"": '1'}"
test,toolace-784::overgeneration,overgeneration,unsupported_external_confirmation,overgeneration,71,0.6757990867579908,1,"{""style"": ""unsupported_external_confirmation"", ""reason"": ""claim_absent_from_tool_response""}"
test,toolace-784::missing_tool,missing_tool,email,missing_tool,53,0.48756218905472637,0,"{""style"": ""email"", ""reason"": ""required_tool_unavailable""}"
test,toolace-724::tool_contradiction,tool_contradiction,fallback_value,tool_contradiction,80,0.4405594405594406,1,"{""style"": ""fallback_value"", ""fallback"": true}"
test,toolace-724::overgeneration,overgeneration,unsupported_risk,overgeneration,68,0.0,1,"{""style"": ""unsupported_risk"", ""reason"": ""claim_absent_from_tool_response""}"
test,toolace-724::missing_tool,missing_tool,hotel,missing_tool,52,0.0,1,"{""style"": ""hotel"", ""reason"": ""required_tool_unavailable""}"
test,toolace-192::tool_contradiction,tool_contradiction,number_substitution,tool_contradiction,3,0.9307958477508651,0,"{""style"": ""number_substitution"", ""source_value"": '250', ""new_value"": '288'}"
test,toolace-192::overgeneration,overgeneration,unsupported_user_reaction,overgeneration,73,0.10122699386503067,0,"{""style"": ""unsupported_user_reaction"", ""reason"": ""claim_absent_from_tool_response""}"
test,toolace-192::missing_tool,missing_tool,email,missing_tool,53,0.9161392405063291,1,"{""style"": ""email"", ""reason"": ""required_tool_unavailable""}"
test,toolace-780::tool_contradiction,tool_contradiction,cross_field_value_swap,tool_contradiction,12,0.1495601173020528,0,"{""style"": ""cross_field_value_swap"", ""source_value"": 'headset', ""new_value"": 'availability'}"
test,toolace-780::overgeneration,overgeneration,unsupported_forecast,overgeneration,69,0.3522167487684729,0,"{""style"": ""unsupported_forecast"", ""reason"": ""claim_absent_from_tool_response""}"
test,toolace-780::missing_tool,missing_tool,email,missing_tool,53,0.36666666666666664,0,"{""style"": ""email"", ""reason"": ""required_tool_unavailable""}"
test,toolace-226::tool_contradiction,tool_contradiction,cross_field_value_swap,tool_contradiction,13,0.2727272727272727,0,"{""style"": ""cross_field_value_swap"", ""source_value"": 'symbol', ""new_value"": 'exchange_rate'}"
test,toolace-226::overgeneration,overgeneration,unsupported_external_confirmation,overgeneration,71,0.0,0,"{""style"": ""unsupported_external_confirmation"", ""reason"": ""claim_absent_from_tool_response""}"
test,toolace-226::missing_tool,missing_tool,hotel,missing_tool,52,0.6119402985074627,1,"{""style"": ""hotel"", ""reason"": ""required_tool_unavailable""}"
test,toolace-303::tool_contradiction,tool_contradiction,entity_substitution,tool_contradiction,4,0.08856088560885608,0,"{""style"": ""entity_substitution"", ""source_value"": 'League', ""new_value"": 'Rome'}"
test,toolace-303::overgeneration,overgeneration,unsupported_guarantee,overgeneration,76,0.09500805152979067,0,"{""style"": ""unsupported_guarantee"", ""reason"": ""claim_absent_from_tool_response""}"
test,toolace-303::missing_tool,missing_tool,calendar,missing_tool,49,0.9175084175084175,1,"{""style"": ""calendar"", ""reason"": ""required_tool_unavailable""}"
test,toolace-323::tool_contradiction,tool_contradiction,code_substitution,tool_contradiction,4,0.08888888888888889,0,"{""style"": ""code_substitution"", ""source_value"": 'LINE', ""new_value"": 'LINX'}"
test,toolace-323::overgeneration,overgeneration,unsupported_comparison,overgeneration,80,0.0,0,"{""style"": ""unsupported_comparison"", ""reason"": ""claim_absent_from_tool_response""}"
test,toolace-323::missing_tool,missing_tool,email,missing_tool,53,0.9034608378870674,1,"{""style"": ""email"", ""reason"": ""required_tool_unavailable""}"
test,toolace-351::tool_contradiction,tool_contradiction,number_substitution,tool_contradiction,2,0.35294117647058826,0,"{""style"": ""number_substitution"", ""source_value"": '20', ""new_value"": '23'}"
test,toolace-351::overgeneration,overgeneration,unsupported_guarantee,overgeneration,76,0.10750279955207166,0,"{""style"": ""unsupported_guarantee"", ""reason"": ""claim_absent_from_tool_response""}"
test,toolace-351::missing_tool,missing_tool,cancel,missing_tool,42,0.11175785797438882,0,"{""style"": ""cancel"", ""reason"": ""required_tool_unavailable""}"
test,toolace-785::tool_contradiction,tool_contradiction,number_substitution,tool_contradiction,2,0.17034068136272545,0,"{""style"": ""number_substitution"", ""source_value"": '115', ""new_value"": '98'}"
test,toolace-785::overgeneration,overgeneration,unsupported_forecast,overgeneration,69,0.8789473684210526,1,"{""style"": ""unsupported_forecast"", ""reason"": ""claim_absent_from_tool_response""}"
test,toolace-785::missing_tool,missing_tool,calendar,missing_tool,49,0.0,0,"{""style"": ""calendar"", ""reason"": ""required_tool_unavailable""}"
test,toolace-120::tool_contradiction,tool_contradiction,fallback_status,tool_contradiction,84,0.8193548387096774,1,"{""style"": ""fallback_status"", ""fallback"": true}"
test,toolace-120::overgeneration,overgeneration,unsupported_history,overgeneration,85,0.2510729613733906,0,"{""style"": ""unsupported_history"", ""reason"": ""claim_absent_from_tool_response""}"
test,toolace-120::missing_tool,missing_tool,email,missing_tool,53,0.2695852534562212,0,"{""style"": ""email"", ""reason"": ""required_tool_unavailable""}"
test,toolace-200::tool_contradiction,tool_contradiction,entity_substitution,tool_contradiction,5,0.9651162790697675,0,"{""style"": ""entity_substitution"", ""source_value"": 'Wilaya_Informations', ""new_value"": 'Dubai'}"
test,toolace-200::overgeneration,overgeneration,unsupported_forecast,overgeneration,69,0.8387850467289719,1,"{""style"": ""unsupported_forecast"", ""reason"": ""claim_absent_from_tool_response""}"
test,toolace-200::missing_tool,missing_tool,calendar,missing_tool,49,0.8799019607843137,1,"{""style"": ""calendar"", ""reason"": ""required_tool_unavailable""}"
test,toolace-690::tool_contradiction,tool_contradiction,fallback_value,tool_contradiction,80,0.0,0,"{""style"": ""fallback_value"", ""fallback"": true}"
test,toolace-690::overgeneration,overgeneration,unsupported_trend,overgeneration,60,0.0,0,"{""style"": ""unsupported_trend"", ""reason"": ""claim_absent_from_tool_response""}"
test,toolace-690::missing_tool,missing_tool,flight,missing_tool,37,0.20477815699658702,0,"{""style"": ""flight"", ""reason"": ""required_tool_unavailable""}"
